"PointID","x","y","Pressure","Velocity_x","Velocity_y"
0, -1.000000000000000e+01, -6.000000000000000e+00, 4.638004043534982e-03, 1.000344588729251e+00, 0.000000000000000e+00
1, -1.000000000000000e+01, -5.692307692307692e+00, 4.833741627134904e-03, 1.000347362871397e+00, -3.069761903401751e-05
2, -1.000000000000000e+01, -5.384615384615384e+00, 4.852758331549191e-03, 1.000377887129851e+00, 8.725297054178875e-06
3, -1.000000000000000e+01, -5.076923076923077e+00, 4.902939088271003e-03, 1.000371690009039e+00, -4.600004061249407e-06
4, -1.000000000000000e+01, -4.769230769230770e+00, 4.714375744733910e-03, 1.000384425880457e+00, -1.247281813561429e-05
5, -1.000000000000000e+01, -4.461538461538462e+00, 4.681791957093976e-03, 1.000377502133972e+00, -7.098752242018438e-07
6, -1.000000000000000e+01, -4.153846153846153e+00, 4.589207918856996e-03, 1.000373602693693e+00, -1.186093718086933e-05
7, -1.000000000000000e+01, -3.846153846153846e+00, 4.462713230798932e-03, 1.000370865576188e+00, 7.799291521683369e-06
8, -1.000000000000000e+01, -3.538461538461538e+00, 4.450557039744530e-03, 1.000359021944769e+00, -1.009138293796120e-05
9, -1.000000000000000e+01, -3.230769230769231e+00, 4.257407960344608e-03, 1.000358168662673e+00, -9.347394661538265e-06
10, -1.000000000000000e+01, -2.923076923076923e+00, 4.024424283560991e-03, 1.000343596312535e+00, -7.435995312425143e-06
11, -1.000000000000000e+01, -2.615384615384614e+00, 3.979855466993521e-03, 1.000360500788094e+00, -1.896970768705756e-05
12, -1.000000000000000e+01, -2.307692307692307e+00, 3.789143925697247e-03, 1.000337055282907e+00, 8.289916997958180e-06
13, -1.000000000000000e+01, -2.000000000000000e+00, 3.734567192560775e-03, 1.000329734618883e+00, -8.476039636160790e-06
14, -1.000000000000000e+01, -1.692307692307692e+00, 3.418322040035163e-03, 1.000332860557988e+00, -3.870671308691402e-06
15, -1.000000000000000e+01, -1.384615384615385e+00, 3.230478947506982e-03, 1.000320580400616e+00, -6.509191255137998e-06
16, -1.000000000000000e+01, -1.076923076923076e+00, 3.055740159509926e-03, 1.000306440854166e+00, -3.831413610036226e-06
17, -1.000000000000000e+01, -7.692307692307692e-01, 2.771429920454194e-03, 1.000299877551033e+00, -1.410313863518000e-05
18, -1.000000000000000e+01, -4.615384615384621e-01, 2.687667747603174e-03, 1.000306566096976e+00, -2.071993831407123e-05
19, -1.000000000000000e+01, -1.538461538461533e-01, 2.333524782293016e-03, 1.000286901327005e+00, 1.680172968145199e-06
20, -1.000000000000000e+01, 1.538461538461551e-01, 2.247821049968604e-03, 1.000273556435702e+00, -3.521179999326121e-06
21, -1.000000000000000e+01, 4.615384615384617e-01, 1.928282446729675e-03, 1.000268855956092e+00, -1.722867603096233e-05
22, -1.000000000000000e+01, 7.692307692307701e-01, 1.710893593844087e-03, 1.000262065563473e+00, -2.010160536391417e-05
23, -1.000000000000000e+01, 1.076923076923077e+00, 1.539078002483207e-03, 1.000249783838390e+00, -1.147284416450330e-05
24, -1.000000000000000e+01, 1.384615384615385e+00, 1.309487741093747e-03, 1.000245061386253e+00, -1.331641469775142e-05
25, -1.000000000000000e+01, 1.692307692307693e+00, 1.089505640781430e-03, 1.000235155193545e+00, -1.374647641081169e-06
26, -1.000000000000000e+01, 2.000000000000000e+00, 9.331424998618669e-04, 1.000237227558702e+00, -1.391296141953276e-05
27, -1.000000000000000e+01, 2.307692307692308e+00, 7.249380245108997e-04, 1.000225797156286e+00, -5.271653860155208e-06
28, -1.000000000000000e+01, 2.615384615384617e+00, 5.377601733299300e-04, 1.000219964526287e+00, -1.344475624995967e-05
29, -1.000000000000000e+01, 2.923076923076923e+00, 4.077357497923153e-04, 1.000217756178895e+00, -1.190415053248059e-05
30, -1.000000000000000e+01, 3.230769230769232e+00, 1.958202184770484e-04, 1.000208195063988e+00, 4.584356321771961e-07
31, -1.000000000000000e+01, 3.538461538461538e+00, 8.685582234448758e-05, 1.000201211548956e+00, -4.941873518573064e-06
32, -1.000000000000000e+01, 3.846153846153847e+00, -5.050900465253727e-06, 1.000202954002201e+00, -8.086767769809272e-06
33, -1.000000000000000e+01, 4.153846153846155e+00, -1.528570187116146e-04, 1.000196603505564e+00, -4.746613970296600e-06
34, -1.000000000000000e+01, 4.461538461538462e+00, -2.001383151702975e-04, 1.000192824080802e+00, -9.274858726520334e-06
35, -1.000000000000000e+01, 4.769230769230770e+00, -3.452647872290250e-04, 1.000192844388773e+00, 1.011881440291999e-06
36, -1.000000000000000e+01, 5.076923076923077e+00, -3.882306335202348e-04, 1.000183352978828e+00, -4.917528004724064e-06
37, -1.000000000000000e+01, 5.384615384615385e+00, -4.098585599547131e-04, 1.000177878537298e+00, -4.936148589417333e-06
38, -1.000000000000000e+01, 5.692307692307693e+00, -4.459059154026326e-04, 1.000178813014871e+00, 5.663013110652609e-06
39, -1.000000000000000e+01, 6.000000000000000e+00, -5.056971285946853e-04, 1.000190139277462e+00, 0.000000000000000e+00
40, -9.591836734693878e+00, 5.999999999999999e+00, -5.759677523580599e-04, 1.000242787092160e+00, 0.000000000000000e+00
41, -9.183673469387756e+00, 6.000000000000000e+00, -6.183074637034824e-04, 1.000270847023689e+00, 0.000000000000000e+00
42, -8.775510204081634e+00, 6.000000000000000e+00, -6.224583711026449e-04, 1.000362602699414e+00, 0.000000000000000e+00
43, -8.367346938775512e+00, 6.000000000000000e+00, -8.583658549823950e-04, 1.000506081712371e+00, 0.000000000000000e+00
44, -7.959183673469387e+00, 6.000000000000000e+00, -9.459529478186426e-04, 1.000645996234278e+00, 0.000000000000000e+00
45, -7.551020408163264e+00, 6.000000000000000e+00, -1.101792986158939e-03, 1.000853197560566e+00, 0.000000000000000e+00
46, -7.142857142857144e+00, 6.000000000000000e+00, -1.408353772740404e-03, 1.001126342619696e+00, 0.000000000000000e+00
47, -6.734693877551020e+00, 6.000000000000001e+00, -1.633568689771971e-03, 1.001361835910866e+00, 0.000000000000000e+00
48, -6.326530612244898e+00, 6.000000000000000e+00, -1.908282353977323e-03, 1.001687050900159e+00, 0.000000000000000e+00
49, -5.918367346938776e+00, 6.000000000000000e+00, -2.316909832703230e-03, 1.002137589457458e+00, 0.000000000000000e+00
50, -5.510204081632653e+00, 6.000000000000000e+00, -2.686491450261164e-03, 1.002473145695983e+00, 0.000000000000000e+00
51, -5.102040816326530e+00, 6.000000000000000e+00, -3.116701778163983e-03, 1.002944744857174e+00, 0.000000000000000e+00
52, -4.693877551020408e+00, 6.000000000000000e+00, -3.527766318781983e-03, 1.003498046698651e+00, 0.000000000000000e+00
53, -4.285714285714286e+00, 6.000000000000000e+00, -4.145297328272114e-03, 1.004062259125674e+00, 0.000000000000000e+00
54, -3.877551020408163e+00, 6.000000000000000e+00, -4.622089079585820e-03, 1.004713613024282e+00, 0.000000000000000e+00
55, -3.469387755102041e+00, 6.000000000000000e+00, -5.328821619376715e-03, 1.005440061880672e+00, 0.000000000000000e+00
56, -3.061224489795919e+00, 6.000000000000000e+00, -5.878233048337392e-03, 1.006056082762646e+00, 0.000000000000000e+00
57, -2.653061224489796e+00, 6.000000000000000e+00, -6.521684074992234e-03, 1.006681720315562e+00, 0.000000000000000e+00
58, -2.244897959183674e+00, 6.000000000000000e+00, -7.215105738789037e-03, 1.007390138223984e+00, 0.000000000000000e+00
59, -1.836734693877551e+00, 6.000000000000000e+00, -7.983243148447549e-03, 1.008031082837643e+00, 0.000000000000000e+00
60, -1.428571428571428e+00, 6.000000000000000e+00, -8.434813904330768e-03, 1.008753466923181e+00, 0.000000000000000e+00
61, -1.020408163265305e+00, 6.000000000000000e+00, -8.942170193904590e-03, 1.009409266015300e+00, 0.000000000000000e+00
62, -6.122448979591830e-01, 6.000000000000000e+00, -9.448336239415597e-03, 1.009684928688123e+00, 0.000000000000000e+00
63, -2.040816326530610e-01, 6.000000000000000e+00, -9.784839779160105e-03, 1.010188547262061e+00, 0.000000000000000e+00
64, 2.040816326530610e-01, 6.000000000000000e+00, -9.845553261303494e-03, 1.010215823259011e+00, 0.000000000000000e+00
65, 6.122448979591830e-01, 6.000000000000000e+00, -1.013543402374000e-02, 1.010336004882768e+00, 0.000000000000000e+00
66, 1.020408163265307e+00, 6.000000000000000e+00, -9.788493682076904e-03, 1.010198594997947e+00, 0.000000000000000e+00
67, 1.428571428571427e+00, 6.000000000000000e+00, -9.693065131510855e-03, 1.009974468450396e+00, 0.000000000000000e+00
68, 1.836734693877551e+00, 6.000000000000000e+00, -9.073814876368354e-03, 1.009599459001739e+00, 0.000000000000000e+00
69, 2.244897959183674e+00, 6.000000000000000e+00, -8.921060867167903e-03, 1.008872760543825e+00, 0.000000000000000e+00
70, 2.653061224489797e+00, 6.000000000000000e+00, -8.031737801512459e-03, 1.008532690691719e+00, 0.000000000000000e+00
71, 3.061224489795919e+00, 6.000000000000000e+00, -7.401278498123226e-03, 1.007490761022024e+00, 0.000000000000000e+00
72, 3.469387755102041e+00, 6.000000000000000e+00, -7.313052715346656e-03, 1.006980675628493e+00, 0.000000000000000e+00
73, 3.877551020408163e+00, 6.000000000000000e+00, -6.345495125081777e-03, 1.006266284670253e+00, 0.000000000000000e+00
74, 4.285714285714286e+00, 6.000000000000000e+00, -5.971673939375884e-03, 1.005445551530656e+00, 0.000000000000000e+00
75, 4.693877551020408e+00, 6.000000000000000e+00, -5.133176736037297e-03, 1.004776175326101e+00, 0.000000000000000e+00
76, 5.102040816326529e+00, 6.000000000000000e+00, -4.773738849745718e-03, 1.004109171166765e+00, 0.000000000000000e+00
77, 5.510204081632654e+00, 6.000000000000000e+00, -3.973688172923229e-03, 1.003386667191163e+00, 0.000000000000000e+00
78, 5.918367346938776e+00, 6.000000000000000e+00, -3.538578673560827e-03, 1.002624015804716e+00, 0.000000000000000e+00
79, 6.326530612244898e+00, 6.000000000000000e+00, -3.001863145721889e-03, 1.001860790172310e+00, 0.000000000000000e+00
80, 6.734693877551020e+00, 6.000000000000000e+00, -2.598748737702717e-03, 1.001231374290461e+00, 0.000000000000000e+00
81, 7.142857142857142e+00, 6.000000000000000e+00, -1.883549706602565e-03, 1.000542306318688e+00, 0.000000000000000e+00
82, 7.551020408163264e+00, 6.000000000000000e+00, -1.802214644436269e-03, 9.995869701061257e-01, 0.000000000000000e+00
83, 7.959183673469390e+00, 6.000000000000000e+00, -1.066784678071736e-03, 9.993289686646823e-01, 0.000000000000000e+00
84, 8.367346938775512e+00, 6.000000000000000e+00, -6.108361462597957e-04, 9.984889730720088e-01, 0.000000000000000e+00
85, 8.775510204081634e+00, 6.000000000000000e+00, -4.368600314485233e-04, 9.978514402948627e-01, 0.000000000000000e+00
86, 9.183673469387756e+00, 6.000000000000000e+00, 1.599462479119188e-04, 9.973405834499685e-01, 0.000000000000000e+00
87, 9.591836734693878e+00, 6.000000000000000e+00, 4.010826514518867e-04, 9.968492367130057e-01, 0.000000000000000e+00
88, 1.000000000000000e+01, 6.000000000000000e+00, 7.014640018030174e-04, 9.964130743703544e-01, 0.000000000000000e+00
89, 1.000000000000000e+01, 5.692307692307692e+00, 6.397216182204415e-04, 9.965124558957779e-01, -2.689515627662461e-04
90, 1.000000000000000e+01, 5.384615384615384e+00, 5.591041184660544e-04, 9.966230856043684e-01, -4.641130039584288e-04
91, 1.000000000000000e+01, 5.076923076923077e+00, 6.254964670367971e-04, 9.966011858893872e-01, -6.626264852027911e-04
92, 1.000000000000000e+01, 4.769230769230770e+00, 6.613876364172049e-04, 9.965579558345126e-01, -9.037748910690235e-04
93, 1.000000000000000e+01, 4.461538461538462e+00, 7.542294396044773e-04, 9.965655975752068e-01, -1.100190227601148e-03
94, 1.000000000000000e+01, 4.153846153846153e+00, 9.076133371417020e-04, 9.965968784499654e-01, -1.384996721878590e-03
95, 1.000000000000000e+01, 3.846153846153846e+00, 9.303894683123103e-04, 9.966357722887269e-01, -1.729396348293052e-03
96, 1.000000000000000e+01, 3.538461538461538e+00, 1.154262669230591e-03, 9.966466504122775e-01, -2.174722764725174e-03
97, 1.000000000000000e+01, 3.230769230769231e+00, 9.375079174228575e-04, 9.966217327821247e-01, -2.645382409767264e-03
98, 1.000000000000000e+01, 2.923076923076923e+00, 1.253203473855192e-03, 9.962195352512474e-01, -3.222504634196723e-03
99, 1.000000000000000e+01, 2.615384615384614e+00, 5.555254191184846e-04, 9.957530732756917e-01, -3.720256532019226e-03
100, 1.000000000000000e+01, 2.307692307692307e+00, 2.899978064257664e-04, 9.949686241544259e-01, -4.429961885950174e-03
101, 1.000000000000000e+01, 2.000000000000000e+00, -9.196949796915217e-04, 9.940754012663697e-01, -4.339595409071728e-03
102, 1.000000000000000e+01, 1.692307692307692e+00, -1.496138012631843e-03, 9.931922590392448e-01, -3.987377512337402e-03
103, 1.000000000000000e+01, 1.384615384615385e+00, -2.724561516555401e-03, 9.924312875323978e-01, -3.322011797211921e-03
104, 1.000000000000000e+01, 1.076923076923076e+00, -3.639501814940493e-03, 9.925350589259834e-01, -1.550136862777979e-03
105, 1.000000000000000e+01, 7.692307692307692e-01, -3.505721849662089e-03, 9.924391781869988e-01, -1.940806957010507e-04
106, 1.000000000000000e+01, 4.615384615384621e-01, -3.509295458084876e-03, 9.934509116191181e-01, 1.504182713029410e-03
107, 1.000000000000000e+01, 1.538461538461533e-01, -2.941063288749222e-03, 9.953320817615799e-01, 3.068508153057318e-03
108, 1.000000000000000e+01, -1.538461538461551e-01, -1.631229643650141e-03, 9.977421861350960e-01, 4.327798993281702e-03
109, 1.000000000000000e+01, -4.615384615384617e-01, -5.637684291681532e-04, 1.000475312038384e+00, 4.617616468960126e-03
110, 1.000000000000000e+01, -7.692307692307701e-01, 1.195953858878723e-03, 1.002806425447450e+00, 4.217170063940439e-03
111, 1.000000000000000e+01, -1.076923076923077e+00, 2.682449388608168e-03, 1.004593998168259e+00, 3.539632631917404e-03
112, 1.000000000000000e+01, -1.384615384615385e+00, 3.175228564246554e-03, 1.005981747664076e+00, 2.190212982700843e-03
113, 1.000000000000000e+01, -1.692307692307693e+00, 3.106749096115127e-03, 1.006763341257720e+00, 9.549362248471474e-04
114, 1.000000000000000e+01, -2.000000000000000e+00, 2.984241991970836e-03, 1.006957298063955e+00, -4.610265146384827e-05
115, 1.000000000000000e+01, -2.307692307692308e+00, 2.151912305148633e-03, 1.007057357797614e+00, -7.946309977160551e-04
116, 1.000000000000000e+01, -2.615384615384617e+00, 2.366086737847485e-03, 1.006489677040796e+00, -1.030550174782746e-03
117, 1.000000000000000e+01, -2.923076923076923e+00, 1.907609644566554e-03, 1.006256511425911e+00, -1.341185704350365e-03
118, 1.000000000000000e+01, -3.230769230769232e+00, 1.308015486579435e-03, 1.006036055319602e+00, -1.224082826235853e-03
119, 1.000000000000000e+01, -3.538461538461538e+00, 1.436691907562972e-03, 1.005887777629558e+00, -1.108072566367344e-03
120, 1.000000000000000e+01, -3.846153846153847e+00, 1.019061675603350e-03, 1.005792052379502e+00, -9.337964081636363e-04
121, 1.000000000000000e+01, -4.153846153846155e+00, 1.222757236286334e-03, 1.005694372860439e+00, -7.852815539923821e-04
122, 1.000000000000000e+01, -4.461538461538462e+00, 9.471787803357222e-04, 1.005663819593966e+00, -6.722770042778952e-04
123, 1.000000000000000e+01, -4.769230769230770e+00, 1.419632692000244e-03, 1.005400231670394e+00, -5.326206557703518e-04
124, 1.000000000000000e+01, -5.076923076923077e+00, 1.225987185820540e-03, 1.005508927958937e+00, -4.036958908166798e-04
125, 1.000000000000000e+01, -5.384615384615385e+00, 1.181086451178853e-03, 1.005484066505854e+00, -2.509441751468746e-04
126, 1.000000000000000e+01, -5.692307692307693e+00, 9.853201732264766e-04, 1.005898532768916e+00, -1.677215963040970e-04
127, 1.000000000000000e+01, -6.000000000000000e+00, 9.538760638400151e-04, 1.006341508229466e+00, 0.000000000000000e+00
128, 9.591836734693878e+00, -5.999999999999999e+00, 1.708257074425627e-03, 1.006169700957872e+00, 0.000000000000000e+00
129, 9.183673469387756e+00, -6.000000000000000e+00, 1.694647414920669e-03, 1.005760311691157e+00, 0.000000000000000e+00
130, 8.775510204081634e+00, -6.000000000000000e+00, 2.335704833497817e-03, 1.005258857657997e+00, 0.000000000000000e+00
131, 8.367346938775512e+00, -6.000000000000000e+00, 2.838957072538173e-03, 1.004796346291736e+00, 0.000000000000000e+00
132, 7.959183673469387e+00, -6.000000000000000e+00, 3.163306701830616e-03, 1.004316059345982e+00, 0.000000000000000e+00
133, 7.551020408163264e+00, -6.000000000000000e+00, 3.466542587822531e-03, 1.003858664533401e+00, 0.000000000000000e+00
134, 7.142857142857144e+00, -6.000000000000000e+00, 3.947255316245246e-03, 1.003352555215171e+00, 0.000000000000000e+00
135, 6.734693877551020e+00, -6.000000000000001e+00, 4.338795374107544e-03, 1.002690729930434e+00, 0.000000000000000e+00
136, 6.326530612244898e+00, -6.000000000000000e+00, 4.683767710174806e-03, 1.002001046116516e+00, 0.000000000000000e+00
137, 5.918367346938776e+00, -6.000000000000000e+00, 5.215026395764388e-03, 1.001307572341967e+00, 0.000000000000000e+00
138, 5.510204081632653e+00, -6.000000000000000e+00, 5.809035907440423e-03, 1.000718796527855e+00, 0.000000000000000e+00
139, 5.102040816326530e+00, -6.000000000000000e+00, 6.328066484652178e-03, 1.000097999992765e+00, 0.000000000000000e+00
140, 4.693877551020408e+00, -6.000000000000000e+00, 6.830196979206048e-03, 9.993822690058425e-01, 0.000000000000000e+00
141, 4.285714285714286e+00, -6.000000000000000e+00, 7.487669778304553e-03, 9.985934976570868e-01, 0.000000000000000e+00
142, 3.877551020408163e+00, -6.000000000000000e+00, 7.964813471666256e-03, 9.978455072760331e-01, 0.000000000000000e+00
143, 3.469387755102041e+00, -6.000000000000000e+00, 8.588737747430545e-03, 9.971777220032859e-01, 0.000000000000000e+00
144, 3.061224489795919e+00, -6.000000000000000e+00, 9.200922326550802e-03, 9.965284987158880e-01, 0.000000000000000e+00
145, 2.653061224489796e+00, -6.000000000000000e+00, 9.543207920598115e-03, 9.958469077647524e-01, 0.000000000000000e+00
146, 2.244897959183674e+00, -6.000000000000000e+00, 1.025480419484414e-02, 9.951949080539474e-01, 0.000000000000000e+00
147, 1.836734693877551e+00, -6.000000000000000e+00, 1.048369367993967e-02, 9.946146702541526e-01, 0.000000000000000e+00
148, 1.428571428571428e+00, -6.000000000000000e+00, 1.120444424237570e-02, 9.942062742303355e-01, 0.000000000000000e+00
149, 1.020408163265305e+00, -6.000000000000000e+00, 1.126419214664921e-02, 9.938593154327915e-01, 0.000000000000000e+00
150, 6.122448979591830e-01, -6.000000000000000e+00, 1.197203180854188e-02, 9.935491923416526e-01, 0.000000000000000e+00
151, 2.040816326530610e-01, -6.000000000000000e+00, 1.175044627177780e-02, 9.935943884022220e-01, 0.000000000000000e+00
152, -2.040816326530610e-01, -6.000000000000000e+00, 1.166421874816639e-02, 9.935205414578822e-01, 0.000000000000000e+00
153, -6.122448979591830e-01, -6.000000000000000e+00, 1.176279734956060e-02, 9.936600303689705e-01, 0.000000000000000e+00
154, -1.020408163265307e+00, -6.000000000000000e+00, 1.141796961535424e-02, 9.938560616932488e-01, 0.000000000000000e+00
155, -1.428571428571427e+00, -6.000000000000000e+00, 1.135128705606327e-02, 9.940790967309113e-01, 0.000000000000000e+00
156, -1.836734693877551e+00, -6.000000000000000e+00, 1.079539763541629e-02, 9.944037946404521e-01, 0.000000000000000e+00
157, -2.244897959183674e+00, -6.000000000000000e+00, 1.056727891624094e-02, 9.948709690306825e-01, 0.000000000000000e+00
158, -2.653061224489797e+00, -6.000000000000000e+00, 1.017494485693364e-02, 9.953084908506442e-01, 0.000000000000000e+00
159, -3.061224489795919e+00, -6.000000000000000e+00, 9.539242763629219e-03, 9.958407177929390e-01, 0.000000000000000e+00
160, -3.469387755102041e+00, -6.000000000000000e+00, 9.289918308460435e-03, 9.962436232162358e-01, 0.000000000000000e+00
161, -3.877551020408163e+00, -6.000000000000000e+00, 8.676900636697495e-03, 9.967350349254611e-01, 0.000000000000000e+00
162, -4.285714285714286e+00, -6.000000000000000e+00, 8.155021599967057e-03, 9.972532440747391e-01, 0.000000000000000e+00
163, -4.693877551020408e+00, -6.000000000000000e+00, 7.828511438763262e-03, 9.977240975944435e-01, 0.000000000000000e+00
164, -5.102040816326529e+00, -6.000000000000000e+00, 7.304418022403170e-03, 9.982059960123602e-01, 0.000000000000000e+00
165, -5.510204081632654e+00, -6.000000000000000e+00, 6.950360135438624e-03, 9.985876810293259e-01, 0.000000000000000e+00
166, -5.918367346938776e+00, -6.000000000000000e+00, 6.500405127879452e-03, 9.989001866203451e-01, 0.000000000000000e+00
167, -6.326530612244898e+00, -6.000000000000000e+00, 6.262376228158695e-03, 9.992134531747718e-01, 0.000000000000000e+00
168, -6.734693877551020e+00, -6.000000000000000e+00, 6.005250692891296e-03, 9.995118557095330e-01, 0.000000000000000e+00
169, -7.142857142857142e+00, -6.000000000000000e+00, 5.702168120368107e-03, 9.997930458805282e-01, 0.000000000000000e+00
170, -7.551020408163264e+00, -6.000000000000000e+00, 5.484764158608393e-03, 1.000011772181288e+00, 0.000000000000000e+00
171, -7.959183673469390e+00, -6.000000000000000e+00, 5.207660317904197e-03, 1.000171890685572e+00, 0.000000000000000e+00
172, -8.367346938775512e+00, -6.000000000000000e+00, 5.180048116928738e-03, 1.000309443632676e+00, 0.000000000000000e+00
173, -8.775510204081634e+00, -6.000000000000000e+00, 4.897485073030221e-03, 1.000393885142080e+00, 0.000000000000000e+00
174, -9.183673469387756e+00, -6.000000000000000e+00, 4.958225785432469e-03, 1.000432976356254e+00, 0.000000000000000e+00
175, -9.591836734693878e+00, -6.000000000000000e+00, 4.739130198788556e-03, 1.000426337267770e+00, 0.000000000000000e+00
176, 1.008059296026790e+00, -4.444942880130567e-02, -7.504943110388820e-02, -3.962236296362619e-03, -4.528856810387837e-02
177, 1.003171874236027e+00, -4.339438935219568e-02, 3.264400845355142e-01, 4.014396045381146e-01, -8.665808627874565e-02
178, 9.983244240708929e-01, -4.234797851008710e-02, 2.043308746865911e-01, 5.994020964076769e-01, -1.333296361937308e-01
179, 9.935283025375277e-01, -4.124929524279074e-02, 1.332917415543862e-01, 6.302598488929964e-01, -1.447947576609550e-01
180, 9.887691722258518e-01, -4.015277223489577e-02, 1.064987497955601e-01, 6.830464314660905e-01, -1.564235718903757e-01
181, 9.823990515302756e-01, -3.870059999335909e-02, 8.097260761642994e-02, 7.117209448538356e-01, -1.619636696021572e-01
182, 9.754621840247434e-01, -3.712455077255460e-02, 6.647101414637072e-02, 7.287051444911661e-01, -1.652472038216267e-01
183, 9.685534987032888e-01, -3.556086795314994e-02, 5.650082840249304e-02, 7.446619674286905e-01, -1.677135250653043e-01
184, 9.616689541185044e-01, -3.401802551573378e-02, 4.575676908040916e-02, 7.562839958592016e-01, -1.693960404048483e-01
185, 9.533663988568176e-01, -3.215919002090377e-02, 3.432768957444450e-02, 7.675969632549733e-01, -1.710333752290069e-01
186, 9.434338363096146e-01, -2.995493785925369e-02, 2.485254927742928e-02, 7.787942479282656e-01, -1.723157192708728e-01
187, 9.335199385862670e-01, -2.776796976523742e-02, 1.751271381202031e-02, 7.884335372650331e-01, -1.731880822835423e-01
188, 9.236216166024931e-01, -2.560296629198748e-02, 9.459586253398235e-03, 7.975278292738226e-01, -1.736869465052155e-01
189, 9.129373879548284e-01, -2.328546741329027e-02, 3.588105325695052e-03, 8.067274789090434e-01, -1.743114474874216e-01
190, 8.990657982288951e-01, -2.029713457453024e-02, -8.436098014350787e-03, 8.198986390309885e-01, -1.759279887237513e-01
191, 8.852029131595335e-01, -1.733440207817469e-02, -1.622093748535379e-02, 8.293505678772120e-01, -1.761596519242964e-01
192, 8.713442599923401e-01, -1.440889296030290e-02, -2.388537817626721e-02, 8.404753046599988e-01, -1.765720245044835e-01
193, 8.574896443827124e-01, -1.151223461361254e-02, -2.958394265255737e-02, 8.501673770764961e-01, -1.763973763158627e-01
194, 8.392710574362208e-01, -7.754169509961144e-03, -3.972770306416670e-02, 8.603082703442572e-01, -1.765799555036049e-01
195, 8.207391285860625e-01, -3.969119351556333e-03, -4.684694974262716e-02, 8.719783000130722e-01, -1.769689617851289e-01
196, 8.022016984640340e-01, -2.309020487757073e-04, -5.444074665509387e-02, 8.837883377841504e-01, -1.770896721122603e-01
197, 7.836570152569130e-01, 3.461233607335763e-03, -6.278347377053771e-02, 8.950935595790005e-01, -1.768848531927273e-01
198, 7.619875007546881e-01, 7.716068837068567e-03, -7.121241598315017e-02, 9.065527141405586e-01, -1.765655483873049e-01
199, 7.387450891280660e-01, 1.220854497972254e-02, -8.245055908968485e-02, 9.191832511311530e-01, -1.761347855111806e-01
200, 7.154844336689863e-01, 1.662703162568818e-02, -9.235981071712618e-02, 9.307001017355881e-01, -1.751228950054927e-01
201, 6.922027366938627e-01, 2.096607222555046e-02, -1.022463136888031e-01, 9.419827723705970e-01, -1.739859450775964e-01
202, 6.674713184167621e-01, 2.549514203948576e-02, -1.117408298680466e-01, 9.565897883591241e-01, -1.731984100193387e-01
203, 6.405687566261720e-01, 3.031482689502560e-02, -1.210929471600478e-01, 9.706950514182376e-01, -1.717477925430468e-01
204, 6.136339259706194e-01, 3.502074258250795e-02, -1.307788131232540e-01, 9.851893770036820e-01, -1.698898458256789e-01
205, 5.866648588993166e-01, 3.961022236718374e-02, -1.450586022590352e-01, 1.003169440486747e+00, -1.683369073449524e-01
206, 5.594787742773450e-01, 4.410825101819079e-02, -1.617739807742287e-01, 1.020832107687108e+00, -1.661288240694369e-01
207, 5.310779527326949e-01, 4.865635961699756e-02, -1.685533451235928e-01, 1.030381142452214e+00, -1.618860575225203e-01
208, 5.026309890002696e-01, 5.303976524941056e-02, -1.816677977940513e-01, 1.050357906040436e+00, -1.585211804218261e-01
209, 4.741574450606277e-01, 5.724686578113012e-02, -1.968288195608701e-01, 1.065901069707202e+00, -1.536193460280696e-01
210, 4.456744919955973e-01, 6.124842557499848e-02, -2.097224495395827e-01, 1.082823823910832e+00, -1.480994488339772e-01
211, 4.183590067462387e-01, 6.487850241275832e-02, -2.265102797411147e-01, 1.099970094032828e+00, -1.417953551862124e-01
212, 3.912131807625153e-01, 6.826894459828282e-02, -2.400846386106224e-01, 1.118029893113476e+00, -1.346712460258956e-01
213, 3.640525967752460e-01, 7.141993027889532e-02, -2.513811297490837e-01, 1.140522986267284e+00, -1.266477480271908e-01
214, 3.368742861552965e-01, 7.430292963423044e-02, -2.740271895365344e-01, 1.161135853656403e+00, -1.174718683806340e-01
215, 3.118463656450154e-01, 7.670162362482640e-02, -2.914137859199022e-01, 1.175535353213189e+00, -1.063013396932370e-01
216, 2.882483732001018e-01, 7.870007488113008e-02, -3.030758946286917e-01, 1.198577704941931e+00, -9.467915995036433e-02
217, 2.646352582458686e-01, 8.043096713793151e-02, -3.220318037340665e-01, 1.213550136240370e+00, -8.089525627606493e-02
218, 2.410053687288415e-01, 8.184929372246605e-02, -3.403309547871764e-01, 1.232643287695409e+00, -6.552338330929831e-02
219, 2.189453855515498e-01, 8.285969495544968e-02, -3.510836655022705e-01, 1.247550849628723e+00, -4.928180059243795e-02
220, 2.000466323177329e-01, 8.346728010028077e-02, -3.763244686655565e-01, 1.266762273581476e+00, -3.167712186857709e-02
221, 1.811392529619465e-01, 8.380508896851468e-02, -3.870197274965506e-01, 1.290461133742087e+00, -1.205211826543652e-02
222, 1.622249605881325e-01, 8.382051139780911e-02, -4.056211021341647e-01, 1.309366229538385e+00, 1.065810277332659e-02
223, 1.436259028283723e-01, 8.349973426172923e-02, -4.261950429560480e-01, 1.331407278307956e+00, 3.397046477230193e-02
224, 1.294812350711633e-01, 8.298506488019526e-02, -4.408944950676276e-01, 1.352601148124179e+00, 6.126501367049000e-02
225, 1.153381550822670e-01, 8.221846279838918e-02, -4.645204567432752e-01, 1.362399356437471e+00, 8.868972077788445e-02
226, 1.012032791740402e-01, 8.114422137066571e-02, -4.820813255137405e-01, 1.384435852232573e+00, 1.223946950786919e-01
227, 8.708548160302217e-02, 7.972071084399306e-02, -4.899218845921945e-01, 1.398649774416926e+00, 1.576226642194755e-01
228, 7.624176346329438e-02, 7.833115073550664e-02, -5.224718726583844e-01, 1.408266962383425e+00, 1.983209825536320e-01
229, 6.622864216050046e-02, 7.678351995498449e-02, -5.385612443904118e-01, 1.431487870615692e+00, 2.435450451550248e-01
230, 5.624761578616572e-02, 7.492946239513124e-02, -5.553738945636575e-01, 1.428496903173459e+00, 2.933528869462753e-01
231, 4.632243657687467e-02, 7.269562668566037e-02, -5.932178631302270e-01, 1.438934088116279e+00, 3.545820489552393e-01
232, 3.811386601924865e-02, 7.046094489964366e-02, -6.050439066230584e-01, 1.457631163442116e+00, 4.308357303932586e-01
233, 3.140292686751359e-02, 6.828582945852410e-02, -6.414930476930247e-01, 1.445023527651996e+00, 5.128488973772201e-01
234, 2.479622209441936e-02, 6.573442047180346e-02, -6.921842110621492e-01, 1.417196192745736e+00, 6.092800297812905e-01
235, 1.837244218517095e-02, 6.268377228683734e-02, -6.332250905220737e-01, 1.338458317303450e+00, 7.175457377883483e-01
236, 1.278933309420434e-02, 5.929754312210305e-02, -6.342720832763598e-01, 1.237238546386595e+00, 8.437600764785294e-01
237, 8.963608950218568e-03, 5.626722647195765e-02, -6.474894629748125e-01, 1.083548753227987e+00, 1.000371091691043e+00
238, 5.613413034177045e-03, 5.267247627985143e-02, -4.692303916345915e-01, 7.999081084989935e-01, 1.072768576844240e+00
239, 3.105123289162862e-03, 4.841032486164855e-02, -1.138600534759494e-01, 4.215880580211600e-01, 1.033258543847619e+00
240, 1.902650954627427e-03, 4.357787137954639e-02, 2.735959694795761e-01, 6.649539628177925e-02, 7.600576145446830e-01
241, 2.247708291968191e-03, 3.861002657739684e-02, 4.129990252201888e-01, -8.809145156332873e-02, 4.075639136681184e-01
242, 3.977776641762787e-03, 3.397706689775146e-02, 5.699702044863181e-01, -3.700222083441944e-02, 7.353856934830291e-02
243, 6.652853734413163e-03, 2.985517361599488e-02, 4.219264259487767e-01, 9.975599249274331e-02, -1.310163186928524e-01
244, 9.894247575687191e-03, 2.620656424880729e-02, 4.432622429057718e-01, 2.301478893036565e-01, -2.245357070324743e-01
245, 1.480452416594617e-02, 2.190228279790008e-02, 3.773611695661080e-01, 3.885712820505970e-01, -3.057282348648930e-01
246, 2.060097295985061e-02, 1.778250311587599e-02, 2.836416569168017e-01, 5.152520030336313e-01, -3.379915383400733e-01
247, 2.666425948599259e-02, 1.412261354259647e-02, 2.646748876080459e-01, 6.228782775227248e-01, -3.529836803027411e-01
248, 3.289553956864582e-02, 1.081520063352651e-02, 2.254154091555720e-01, 6.978919836854437e-01, -3.474427001356900e-01
249, 4.059135507160636e-02, 7.189065368141442e-03, 1.859296617758132e-01, 7.715657803561244e-01, -3.409933836670739e-01
250, 4.997784706206340e-02, 3.265677337826386e-03, 1.432848215637567e-01, 8.366662462665247e-01, -3.313405965924303e-01
251, 5.948528548042886e-02, -2.933999531295819e-04, 1.140908091795926e-01, 8.823251715539429e-01, -3.151455516661624e-01
252, 6.907754171841678e-02, -3.556279014526549e-03, 1.004045902427091e-01, 9.206149578607831e-01, -2.994108373065680e-01
253, 7.951522485064785e-02, -6.807720480718323e-03, 7.844496923923452e-02, 9.458969718366764e-01, -2.789289613190921e-01
254, 9.317135128732147e-02, -1.066113448747490e-02, 5.693029081694334e-02, 9.811371076215508e-01, -2.638540810793840e-01
255, 1.069049465972515e-01, -1.417355121559558e-02, 3.535722176733659e-02, 1.010700331125475e+00, -2.468418823269196e-01
256, 1.207000423681609e-01, -1.738442695618678e-02, 2.618104585255513e-02, 1.030176876977886e+00, -2.301471275604275e-01
257, 1.345404495477910e-01, -2.034747315549579e-02, 1.736223279694237e-02, 1.057176536301054e+00, -2.143466255120823e-01
258, 1.528012433715276e-01, -2.389306943328258e-02, 1.128285426809283e-02, 1.059562999288268e+00, -1.957352107303773e-01
259, 1.714308632697679e-01, -2.716231371584529e-02, -1.897644763304410e-02, 1.083520714749054e+00, -1.806370442688986e-01
260, 1.901096570069701e-01, -3.011286890156411e-02, -1.482188385668502e-02, 1.098363482487719e+00, -1.654754063687536e-01
261, 2.088268016389319e-01, -3.279624838031706e-02, -2.331688157201694e-02, 1.114024981767928e+00, -1.513711486196711e-01
262, 2.307270984818999e-01, -3.563187329614723e-02, -2.322206190910181e-02, 1.106615251435635e+00, -1.350362985170562e-01
263, 2.542442866644384e-01, -3.833838152717287e-02, -3.023416171096466e-02, 1.127987582473110e+00, -1.222658806487578e-01
264, 2.777992315059051e-01, -4.073415978194077e-02, -3.219356116609765e-02, 1.134414299276270e+00, -1.089003162397091e-01
265, 3.013857450046511e-01, -4.286381789070026e-02, -3.465139448201828e-02, 1.136223635384362e+00, -9.606861975227290e-02
266, 3.264499640483174e-01, -4.484761824182000e-02, -3.529298283823398e-02, 1.136856587336507e+00, -8.394544958949407e-02
267, 3.537160025653878e-01, -4.672788223003965e-02, -3.702204061466286e-02, 1.136402125240390e+00, -7.276349506697194e-02
268, 3.810111191736070e-01, -4.834115301584859e-02, -3.495761498284161e-02, 1.136840700124902e+00, -6.219757099318671e-02
269, 4.083332833002652e-01, -4.971604248467264e-02, -3.845275161303936e-02, 1.137915410345859e+00, -5.275914772952386e-02
270, 4.358641410273741e-01, -5.088439889957740e-02, -3.104956850142548e-02, 1.133800682778061e+00, -4.379191234623495e-02
271, 4.646092376930774e-01, -5.188964468777974e-02, -3.315236018314996e-02, 1.134789524018553e+00, -3.564063320204370e-02
272, 4.933807598463782e-01, -5.269083848239149e-02, -2.670441827030168e-02, 1.128133240201579e+00, -2.791826212143182e-02
273, 5.221567206200664e-01, -5.331379004183139e-02, -2.636862518039644e-02, 1.125771294605438e+00, -2.104769376049213e-02
274, 5.509158406301935e-01, -5.376652833753861e-02, -2.553504122125766e-02, 1.124588346769209e+00, -1.485502675321778e-02
275, 5.784699820841056e-01, -5.405764890184225e-02, -1.734636456546081e-02, 1.120720783401523e+00, -9.276224435113778e-03
276, 6.058262831782579e-01, -5.422102297746247e-02, -1.584989089271023e-02, 1.118030435295995e+00, -4.213348875098010e-03
277, 6.331690869479237e-01, -5.426378498246320e-02, -1.246013015648287e-02, 1.114961348260983e+00, 6.550285219922995e-04
278, 6.604998678426881e-01, -5.418890279911672e-02, -9.566924396840776e-03, 1.110003087659840e+00, 5.089176186570167e-03
279, 6.856420250383707e-01, -5.402320544720059e-02, -5.579316421176204e-03, 1.103939575029491e+00, 8.953727078695137e-03
280, 7.093234872649876e-01, -5.379290887590795e-02, -4.334331365602641e-04, 1.099981658484928e+00, 1.260082612537620e-02
281, 7.329980231825706e-01, -5.348071940299634e-02, 1.524510839672805e-03, 1.093308501246814e+00, 1.617454310083173e-02
282, 7.566674405771213e-01, -5.309249649226914e-02, 5.304301062798942e-03, 1.087204672281717e+00, 1.938127004238747e-02
283, 7.787465909135071e-01, -5.266517347328202e-02, 1.040245688804296e-02, 1.080703586788709e+00, 2.223248128693859e-02
284, 7.976506713409356e-01, -5.224938009830743e-02, 1.391307647281479e-02, 1.075261463318179e+00, 2.497616992752683e-02
285, 8.165556109107986e-01, -5.178694567431348e-02, 1.919597214151112e-02, 1.070450880016315e+00, 2.751516893554534e-02
286, 8.354632652085625e-01, -5.127743460544832e-02, 2.189298691880060e-02, 1.062478111719426e+00, 2.965875969725116e-02
287, 8.540576519930922e-01, -5.074008737921299e-02, 2.887587952880352e-02, 1.058360867766084e+00, 3.181303492716823e-02
288, 8.682047843469165e-01, -5.029326453298942e-02, 3.029715208876128e-02, 1.052968158057456e+00, 3.427732146686598e-02
289, 8.823609027720768e-01, -4.981873033903587e-02, 3.758000772794629e-02, 1.045251321552612e+00, 3.635096388548982e-02
290, 8.965276526278313e-01, -4.930827313352035e-02, 4.554776729740147e-02, 1.037746311183965e+00, 3.824260287166884e-02
291, 9.107074203055877e-01, -4.877411606178338e-02, 4.883955784496700e-02, 1.026549291577906e+00, 3.930308808619744e-02
292, 9.216317608333547e-01, -4.834712203807660e-02, 5.566841390192583e-02, 1.024809440792322e+00, 4.091210511097600e-02
293, 9.317556539549583e-01, -4.793383540746226e-02, 6.509659697125610e-02, 1.010023148175648e+00, 4.213631067659652e-02
294, 9.418987003249721e-01, -4.750162254588668e-02, 6.605657043919223e-02, 1.002484575441303e+00, 4.335290568819908e-02
295, 9.520631293001671e-01, -4.705562931334983e-02, 7.783460159285110e-02, 9.915677369544544e-01, 4.435499978251999e-02
296, 9.605623334953308e-01, -4.666675729729064e-02, 8.695538372752071e-02, 9.777935719478529e-01, 4.482890963652858e-02
297, 9.676101982424421e-01, -4.634284272043153e-02, 8.922839325910957e-02, 9.657263616087755e-01, 4.541472489523056e-02
298, 9.746854557362570e-01, -4.600259637476505e-02, 1.054176234133038e-01, 9.516198704821865e-01, 4.615539157800028e-02
299, 9.817906146702863e-01, -4.565506528611354e-02, 1.214269669094309e-01, 9.339117526167879e-01, 4.600688441312502e-02
300, 9.883161259825046e-01, -4.533111465421124e-02, 1.386147355267018e-01, 9.062764828596447e-01, 4.589109732961485e-02
301, 9.931933636231992e-01, -4.507766460109064e-02, 2.009580064970929e-01, 8.819335722575299e-01, 4.527124491087981e-02
302, 9.981074056365137e-01, -4.482851056570499e-02, 1.722660139633444e-01, 7.751260125924155e-01, 3.439269182921977e-02
303, 1.003062919477302e+00, -4.463974794306731e-02, 6.788011753743379e-01, 6.570740199372873e-01, 2.502889089916155e-02
304, 1.072622572383241e+00, -7.552934505614763e-01, 2.280299540298048e-02, 9.829575212843469e-01, -1.436388395634899e-02
305, 1.006576925710396e+00, -6.416869111566232e-01, 2.524503312350824e-02, 9.827850797587724e-01, -1.457138332021463e-02
306, 1.137479996355341e+00, -6.560217514938632e-01, 2.419282914563408e-02, 9.846070426893301e-01, -1.654241510112102e-02
307, 9.781753636305822e+00, -5.741832132357318e+00, 1.627950267775759e-03, 1.005935218238810e+00, -2.377645029842902e-04
308, -9.756315310712607e+00, 5.722352309577741e+00, -4.306911574395096e-04, 1.000176593230858e+00, 4.399265086556517e-05
309, 9.769375131540578e+00, 5.798513954024564e+00, 3.112551358659309e-04, 9.966125296278316e-01, -2.969821483857010e-04
310, 2.447771757711259e-01, -1.802564089627763e-01, 2.232143447257785e-02, 9.938887266894273e-01, -6.745175987019263e-02
311, 2.431140155616869e-01, -1.492210603139492e-01, 1.722221902716412e-02, 1.000512298941172e+00, -7.756309319912025e-02
312, 2.669399849162244e-01, -1.448390666997567e-01, 9.427452552872853e-03, 1.007548161379832e+00, -7.281257692914439e-02
313, 9.140468276848628e+00, -5.582305444638174e+00, 2.309124378268013e-03, 1.005082070878574e+00, -4.299938430166087e-04
314, 4.093412441533136e-01, -1.185322100976543e-01, -9.656226284799585e-03, 1.044649360508825e+00, -4.377882453393037e-02
315, 4.373630785361982e-01, -9.550336971497163e-02, -1.897427396923519e-02, 1.075559651371116e+00, -4.113613905791395e-02
316, 4.525925582894279e-01, -1.231123667475481e-01, -1.540169003015156e-02, 1.046448906919079e+00, -3.500392066302170e-02
317, 3.421678104152344e-01, -6.590480604607536e-02, -2.819287672944779e-02, 1.103223276476288e+00, -7.451327136324877e-02
318, 3.191797763599767e-01, -6.569178318044773e-02, -2.896133193073098e-02, 1.097752432655999e+00, -8.319198814132933e-02
319, 3.916707291050912e-01, -1.515695138729685e-01, -4.577250509376060e-03, 1.023590450244544e+00, -4.260494308294198e-02
320, 3.694185702511452e-01, -1.299198412780403e-01, -1.175689634859058e-02, 1.029481441725567e+00, -5.030434736081890e-02
321, 2.914711187536944e-01, -1.391053565481258e-01, 3.588600338534175e-03, 1.013929166663131e+00, -6.799381291986484e-02
322, 2.689320251058318e-01, -1.131185493234615e-01, 1.915145601291559e-03, 1.019359184864511e+00, -8.099224055114550e-02
323, 2.983033187634208e-01, -1.147238318584626e-01, -9.902297210316192e-03, 1.025768042855829e+00, -7.247783320177190e-02
324, 4.688799941113024e-01, -8.677338825141319e-02, -2.200588909299527e-02, 1.086969293831787e+00, -3.397993994654401e-02
325, 4.495434769665943e-01, -7.166960884435117e-02, -2.499980228111055e-02, 1.107474671870087e+00, -4.035603430430865e-02
326, 6.523912616494486e-01, -5.674038500373239e+00, 1.138441322042118e-02, 9.944686493176099e-01, -1.206323606577509e-04
327, 6.202400588486241e-01, -5.262773922808944e+00, 1.171370986396040e-02, 9.946633255173937e-01, -4.623428436122492e-04
328, 8.650856816345673e-01, -5.424068950439848e+00, 1.164309882086461e-02, 9.947500186245991e-01, -4.086400285540895e-04
329, 5.074325519718209e-01, -8.709829183510007e-02, -1.966821857446669e-02, 1.091843027294385e+00, -2.614785481396504e-02
330, 4.875857076752228e-01, -7.278043462896538e-02, -2.534119227673866e-02, 1.106776174558999e+00, -3.162577279047805e-02
331, 5.623328384691266e-01, -8.418601298617363e-02, -1.477598003814802e-02, 1.089616535022999e+00, -1.503440273929621e-02
332, 5.366986946085825e-01, -7.693400587245509e-02, -1.784593118518481e-02, 1.100616752005710e+00, -1.930549218821107e-02
333, 4.261366259193393e-01, -1.477999426183824e-01, -8.492392767474908e-03, 1.026562715657902e+00, -3.625152812819762e-02
334, 5.820893448890319e-01, -7.145435254211069e-02, -1.707148344159645e-02, 1.103100416116986e+00, -1.006598210794167e-02
335, 2.766292730337183e-01, -6.876104628045794e-02, -1.911236861225719e-02, 1.070894139367636e+00, -9.438959048650625e-02
336, 2.582221773825749e-01, -5.925092042522673e-02, -2.177121669835027e-02, 1.078266066407797e+00, -1.073938103561325e-01
337, -4.688542602962880e-01, -5.586621095038924e+00, 1.160425726202497e-02, 9.942447434422580e-01, 8.403021629061979e-05
338, 1.828203194617383e-01, -2.907596028726615e-01, 4.262513264236831e-02, 9.639753776953793e-01, -4.328022380248673e-02
339, 2.076843319969514e-01, -2.453760414512197e-01, 3.692530919457331e-02, 9.711975802673602e-01, -5.289611832504864e-02
340, 2.291270218001600e-01, -2.871833557741812e-01, 3.413093243902127e-02, 9.738316893943986e-01, -4.307544761081605e-02
341, 1.963320202087318e-01, -4.546112135852010e-02, -1.077656348113218e-02, 1.065434391060981e+00, -1.476449615400000e-01
342, 1.794582372044163e-01, -4.352560301417828e-02, 6.630445319759861e-03, 1.056022372393709e+00, -1.541203113866284e-01
343, 5.926530903416157e-01, -1.895084404106375e-01, 2.035361675901883e-03, 1.019185965258109e+00, -1.295668246999605e-02
344, 6.159167865408821e-01, -1.592970971437198e-01, 5.406488759540541e-03, 1.029233084452277e+00, -1.032584264637048e-02
345, 6.244316733792072e-01, -1.886763091013421e-01, 4.768732323717995e-03, 1.016653293263937e+00, -9.709422335647790e-03
346, 1.615399860603758e-01, -1.147068860872351e-01, 4.070896345734234e-02, 9.753223570843380e-01, -1.074978915996705e-01
347, 1.423803967060474e-01, -8.891730980427578e-02, 4.597771741929239e-02, 9.681588291672800e-01, -1.268056256021655e-01
348, 1.677243224838605e-01, -9.077834735371546e-02, 3.024074958292797e-02, 9.842869839697602e-01, -1.205350475669567e-01
349, 6.320587101402904e-01, -1.037130013015432e-01, -4.483892369629011e-03, 1.065214645774734e+00, -6.217272227656155e-03
350, 6.136428806354084e-01, -1.296495151314435e-01, -1.302654815165387e-03, 1.045719173208375e+00, -9.926347007866949e-03
351, 6.100132735664987e-01, -1.067242789347132e-01, -5.995809493758221e-03, 1.063625488251527e+00, -8.526743173632056e-03
352, 6.379070232560423e-01, -7.423566121087270e-02, -7.168027405381971e-03, 1.092059273704893e+00, -2.138584379199551e-03
353, 6.556384003213254e-01, -8.565078478070967e-02, -5.393461203292235e-03, 1.078151706478192e+00, -1.333420993783823e-03
354, 1.630324294688010e-01, -5.278713758955559e-02, 2.236768411199275e-02, 1.018672360745359e+00, -1.532183466098043e-01
355, 1.740677788081078e-01, -7.348788040499366e-02, 1.505483309704016e-02, 9.970690146895861e-01, -1.307613946774056e-01
356, 1.564592998144733e-01, -7.224959959807137e-02, 3.601475375056792e-02, 9.818897791897726e-01, -1.361181327676662e-01
357, 3.355470345295719e-01, -7.222737622642521e-01, 2.947964027545560e-02, 9.753580921665312e-01, -1.193816937014579e-02
358, 1.726904315055436e-01, -6.871933432671915e-01, 3.408432447118608e-02, 9.712812454907056e-01, -1.085560717994086e-02
359, 3.227264590897959e-01, -6.138348095765814e-01, 3.092871990648347e-02, 9.751410124758016e-01, -1.490775038972456e-02
360, 7.346191943165126e-02, -6.069506667516361e-02, 1.117918066208238e-01, 8.940809538796687e-01, -1.548504536440869e-01
361, 5.951457589094044e-02, -6.487960324267698e-02, 1.238841367484591e-01, 8.763894055745528e-01, -1.390762481328391e-01
362, 6.261406348084082e-02, -5.152099985629666e-02, 1.241431771663716e-01, 8.722825784973941e-01, -1.614998015207175e-01
363, -8.417759213906888e-01, -5.663479425757824e+00, 1.149331934035591e-02, 9.942218869800513e-01, 1.681990012730652e-04
364, 8.182692323457053e-01, -3.193762868802954e-01, 2.583956839210029e-02, 9.906373278613353e-01, -8.842529656681648e-03
365, 8.117176239739463e-01, -3.662678390009175e-01, 2.505108176815595e-02, 9.881452198563900e-01, -1.023005761599792e-02
366, 7.672847291617212e-01, -3.308743308819967e-01, 2.372003456103404e-02, 9.919473516589552e-01, -9.465298195963635e-03
367, 9.995433684359120e-01, -3.295926087063189e+00, 1.343437212681893e-02, 9.922119149800558e-01, -2.817105517856287e-03
368, 1.330266428223201e+00, -3.439468711494037e+00, 1.251815156884008e-02, 9.930910499342614e-01, -3.263311764407577e-03
369, 1.105597048805339e+00, -3.735903010331985e+00, 1.259452404899266e-02, 9.932203337958777e-01, -2.341293888489528e-03
370, 4.678410722525708e-01, -1.628295931204008e+00, 2.139962353016840e-02, 9.840899273591405e-01, -4.756716860172374e-03
371, 3.386402958757673e-01, -1.363053167104841e+00, 2.394456924439615e-02, 9.812278024843206e-01, -4.923713034587965e-03
372, 5.835879164457473e-01, -1.406915737411226e+00, 2.216195029602285e-02, 9.828770677054675e-01, -6.323281358270125e-03
373, 7.194628139627666e-01, -7.090516774434270e-02, 2.124425581027419e-03, 1.082846361375952e+00, 9.988090857672520e-03
374, 7.390523911903493e-01, -8.140032779085873e-02, 5.948287540624483e-03, 1.069417015506109e+00, 9.743459761960999e-03
375, 7.127617630205231e-01, -9.292776439293723e-02, 5.416585431201860e-03, 1.063821201172187e+00, 5.366667458040156e-03
376, 6.969293864887254e-01, -2.313804613951082e-01, 1.609118287817137e-02, 1.006343058829295e+00, -6.457056220887861e-03
377, 6.524834286090729e-01, -2.095894272787243e-01, 1.013334700144307e-02, 1.012848952849692e+00, -8.847363330047155e-03
378, 6.878262872904658e-01, -1.993969359627683e-01, 1.110318442019341e-02, 1.012773418988160e+00, -5.094377116065524e-03
379, 7.389896663704014e-01, -1.036292811767471e-01, 7.714052474693436e-03, 1.052339746075874e+00, 6.302227028719193e-03
380, 7.916852693680947e-01, -7.046579068602096e-02, 1.572343048338016e-02, 1.065510778794544e+00, 1.858665109513284e-02
381, 7.730315676172427e-01, -7.431567053973837e-02, 1.246647513618284e-02, 1.067084327720439e+00, 1.580923303623169e-02
382, 7.904291200172984e-01, -8.929470733694701e-02, 1.670077412904761e-02, 1.052238735360399e+00, 1.362125293172900e-02
383, 7.624866720611839e-01, -9.615399341265322e-02, 1.348071037435159e-02, 1.053957783952283e+00, 1.001862687143683e-02
384, 8.733055533297327e-01, -1.542901134061738e-01, 3.658336332749921e-02, 1.007986774358850e+00, 7.152823230689143e-04
385, 8.609471135327065e-01, -1.346874937557874e-01, 3.479068025282158e-02, 1.015546286545833e+00, 5.079887880091612e-03
386, 8.832063769067958e-01, -1.373519437032774e-01, 3.878408113799104e-02, 1.009744861159651e+00, 3.316629822070573e-03
387, 8.622413819889398e-01, -6.203367933908073e-02, 3.364004385214166e-02, 1.044267282665109e+00, 2.825402958561826e-02
388, 8.781672443141062e-01, -6.286878731444834e-02, 3.812306162951598e-02, 1.037313557407210e+00, 2.890562091865496e-02
389, 8.063898687944162e-01, -1.520470660970407e-01, 2.477020302510200e-02, 1.019543721035942e+00, 2.744707994009097e-03
390, 8.211959604974307e-01, -1.222896312676204e-01, 2.644038348830147e-02, 1.027050470049644e+00, 7.745596486773762e-03
391, 8.371588477139636e-01, -1.419414641174391e-01, 2.945608658081492e-02, 1.017750804394185e+00, 4.091716089168281e-03
392, 1.209756608893615e-01, -3.158436758694331e-02, 3.543017311752668e-02, 1.000784953713531e+00, -2.047007824557628e-01
393, 1.308727939215667e-01, -4.217961748616795e-02, 2.963931454957604e-02, 9.900443780277284e-01, -1.806482238679942e-01
394, 8.555024471646582e-01, -8.007522806783959e-02, 3.279702985966033e-02, 1.037990192406226e+00, 2.081969710587936e-02
395, 8.493726900793559e-01, -6.473958237503143e-02, 2.903855542343537e-02, 1.049569929527004e+00, 2.641623752931841e-02
396, 8.853921458627199e-01, -8.286565670112198e-02, 4.294972426238121e-02, 1.024814068613383e+00, 1.996834077462423e-02
397, 8.919531300112958e-01, -6.609842716256129e-02, 4.259977361306986e-02, 1.027459443069708e+00, 2.793335133320864e-02
398, 8.945858592335413e-01, -1.560182397072763e-01, 4.039538328354259e-02, 1.004490544730433e+00, -1.222773141503145e-03
399, 9.393619077972626e-01, -6.248606710290434e-02, 6.908979838051282e-02, 1.000668380856851e+00, 2.950830462115610e-02
400, 9.315014674917742e-01, -5.804606172882530e-02, 5.980472369408331e-02, 1.007416942267229e+00, 3.316471209406028e-02
401, 9.383470810366966e-01, -5.437140489582781e-02, 6.510190144266985e-02, 1.003154652897092e+00, 3.659757216733075e-02
402, -5.092497276207066e-03, -5.647551212022702e+00, 1.166401055750981e-02, 9.942156357360563e-01, -4.216623171741551e-05
403, 3.376925307592634e-01, -5.525836223443966e+00, 1.165237917247719e-02, 9.943982869027045e-01, -1.455479451769429e-04
404, 8.065286343852867e-01, -1.556882434805054e+00, 1.973098973303318e-02, 9.851351117296794e-01, -7.141712520597137e-03
405, 7.079704827179352e-01, -2.014686481269134e+00, 1.786376863577724e-02, 9.871492749473144e-01, -4.846676346309887e-03
406, 9.686248038995636e-01, -5.356420102600367e-02, 9.417326983358822e-02, 9.679996740455243e-01, 3.311284749919213e-02
407, 9.626073568781570e-01, -5.628056417780142e-02, 8.691174187942666e-02, 9.776416417081165e-01, 3.048885477836659e-02
408, 9.483761270714841e-01, -6.818098370652964e-02, 7.184953997223664e-02, 9.911415619296525e-01, 2.261517364340055e-02
409, 9.617593285915725e-01, -6.992358894966230e-02, 8.073846393688376e-02, 9.821403904459955e-01, 1.695095356556029e-02
410, 9.559562081135697e-01, -7.833927239866444e-02, 7.492750711227281e-02, 9.890553185509494e-01, 1.381248299495753e-02
411, 8.836044473439849e-01, -2.107894754084957e-01, 3.452800185181088e-02, 9.984740763152620e-01, -6.953902332839443e-03
412, 9.123378082124030e-01, -2.531935507552531e-01, 3.556549123132226e-02, 9.928009899495714e-01, -1.119202880613314e-02
413, 8.692720575065910e-01, -2.589782719388190e-01, 2.925775590803719e-02, 9.939794571837640e-01, -8.776003142225052e-03
414, 9.862635770822553e-01, -5.498220630508360e-02, 1.226311466581797e-01, 9.366541618737737e-01, 1.701049100097295e-02
415, 9.867990678385929e-01, -5.989095053520236e-02, 1.065645582902462e-01, 9.444363050761545e-01, 3.738700408572594e-03
416, 9.814130314908707e-01, -6.061657125927272e-02, 1.045886045424315e-01, 9.539769347723603e-01, 1.342957838306486e-02
417, 9.796576171595444e-01, -5.319586714485473e-02, 1.101259017694412e-01, 9.463295602876944e-01, 2.825624842237597e-02
418, 9.742422944524755e-01, -5.880099310382748e-02, 1.000541232738437e-01, 9.616524546073789e-01, 2.180695406432402e-02
419, 9.919585039216364e-01, -5.669675038778463e-02, 1.426510933849781e-01, 9.298065173154153e-01, 2.390582804732465e-03
420, 9.899932308713441e-01, -5.053385504135036e-02, 1.300461904930461e-01, 9.125867179591173e-01, 1.701250253317420e-02
421, 9.947869120642806e-01, -5.244178066048253e-02, 1.249841403448124e-01, 9.061469759652901e-01, -6.286455274099359e-03
422, 1.006779290613861e+00, -4.876953250881357e-02, 2.024887276454172e-01, 8.572154075211482e-01, -1.196577722749913e-01
423, 1.002663293313636e+00, -4.838031148573241e-02, 8.177284102987251e-02, 8.181631331756893e-01, -1.853352504492921e-01
424, 1.010520648114694e+00, -6.171099730670418e-02, 6.911854849526212e-02, 9.693561922109537e-01, -5.485037042449260e-02
425, 1.005920792212964e+00, -5.766103840203435e-02, 1.266566684546324e-01, 9.610439311849901e-01, -5.702393578924342e-02
426, 1.011522217041278e+00, -5.692576507159549e-02, 1.162324993016566e-01, 1.001221921475583e+00, -6.192779528697630e-02
427, 9.468830026489496e-01, -1.249115968486995e-01, 5.630738835101171e-02, 9.959370282840169e-01, -2.891641769975359e-03
428, 9.556710514514877e-01, -1.124154810173534e-01, 6.015570031125880e-02, 9.929326230534954e-01, -3.064766592036375e-03
429, 9.581048124292040e-01, -1.283810921107026e-01, 5.716084626665542e-02, 9.943958890909358e-01, -6.478845903317779e-03
430, 1.081358062249517e-01, -2.764048673283306e-02, 4.706180045662197e-02, 9.876933296515413e-01, -2.157199905022952e-01
431, 7.340038862286760e-02, -4.391919772694702e-02, 1.109263400852694e-01, 8.900890523576844e-01, -1.805525865604826e-01
432, 5.942387909748677e-02, -3.828719810700160e-02, 1.358286305798679e-01, 8.624326514489169e-01, -1.847716872425853e-01
433, 7.031939356617141e-02, -3.046351777453819e-02, 1.128424478033785e-01, 8.897927558883800e-01, -2.103504718751465e-01
434, 8.363548203064153e-02, -3.704222789538710e-02, 9.525296838867948e-02, 9.147721961806402e-01, -1.968820988681327e-01
435, 8.456788786281327e-02, -5.177864611347457e-02, 9.180212944949816e-02, 9.073520095433483e-01, -1.708680244469905e-01
436, -1.641609994560379e+00, -5.668444113099582e+00, 1.099182412599813e-02, 9.947109887374718e-01, 2.882862032106894e-04
437, -1.994886249224784e+00, -5.723243244698306e+00, 1.068434334641601e-02, 9.949219654633089e-01, 2.978735248457525e-04
438, 8.738532351405393e+00, -5.389943699683061e+00, 2.628966017586698e-03, 1.004636228519525e+00, -5.100502581974223e-04
439, 8.426950318201447e+00, -5.627830375095219e+00, 2.724475162926189e-03, 1.004541192613565e+00, -4.015590055127016e-04
440, -9.503196907575033e+00, 5.540091538126647e+00, -4.475139808754259e-04, 1.000218974922081e+00, 5.811870120435648e-05
441, -9.601473514178423e+00, -5.062603618552951e+00, 4.845658421932004e-03, 1.000385851115309e+00, 6.532745542059095e-05
442, -9.714125219474809e+00, -5.326903130932211e+00, 4.757452899299392e-03, 1.000363959365068e+00, 5.117373513019137e-05
443, 7.802456795789823e+00, -5.503274734845839e+00, 3.385121917312434e-03, 1.003899417668858e+00, -5.289261014433074e-04
444, 8.115550508515955e+00, -5.669339196344027e+00, 3.013653523802972e-03, 1.004288845673265e+00, -3.655643053576998e-04
445, 9.685805155113153e+00, -5.197360515560991e+00, 1.779892439645294e-03, 1.005371377022833e+00, -5.227072667068953e-04
446, 9.579898777827308e+00, -4.856521878870621e+00, 1.673984176117447e-03, 1.005242696420932e+00, -7.767985713769045e-04
447, 9.795159511902916e+00, -4.991459407799221e+00, 1.420983348991998e-03, 1.005604771460834e+00, -7.371506312195890e-04
448, 7.837357268493666e+00, -4.774935993417146e+00, 3.204325152566458e-03, 1.003973267892171e+00, -1.189312824302096e-03
449, 7.674398244021025e+00, -4.493081766120629e+00, 3.350378513023985e-03, 1.003907728665498e+00, -1.373579562917303e-03
450, 8.183732448380342e+00, -4.678186083214024e+00, 3.013096298449851e-03, 1.004257429296199e+00, -1.116103653368257e-03
451, 9.400110393076467e+00, -4.477380562962987e+00, 1.852129196194405e-03, 1.005189265112254e+00, -1.049167665397895e-03
452, 9.711694495242865e+00, -4.561421169015596e+00, 1.736559394928346e-03, 1.005534786545442e+00, -1.001016847646390e-03
453, 9.739103631598857e+00, -4.274227349675933e+00, 1.745294416189071e-03, 1.005572396560395e+00, -1.114729988681605e-03
454, 6.451148399401561e+00, -5.563959458075289e+00, 4.706793307089842e-03, 1.002433050790938e+00, -5.909753229269914e-04
455, 6.854934310624286e+00, -5.539702768819958e+00, 4.434274763490172e-03, 1.002921083329922e+00, -6.003764537212369e-04
456, 9.165821275582569e+00, -4.182807039769940e+00, 2.305792504270478e-03, 1.005122334557952e+00, -1.289983415686411e-03
457, 9.554705068175620e+00, -4.054540578594956e+00, 1.664374684107469e-03, 1.005431784080959e+00, -1.397671925913195e-03
458, 8.497708227214694e+00, -3.783277315681253e+00, 2.532299468778650e-03, 1.004658459925264e+00, -1.769883870162913e-03
459, 8.804241888588704e+00, -4.044085553501263e+00, 2.509835449271042e-03, 1.004856086973960e+00, -1.435284944988110e-03
460, 8.394232337969228e+00, -4.190949353129202e+00, 2.882046628588622e-03, 1.004509523910456e+00, -1.421333125878794e-03
461, 7.457943279892906e+00, -5.209857489103151e+00, 3.667308803937427e-03, 1.003497459838384e+00, -8.345119068724963e-04
462, 7.033854461814799e+00, -5.206071884913920e+00, 4.067558480242042e-03, 1.003149807785157e+00, -8.700250945461964e-04
463, 7.045653344362596e+00, -4.858238413751564e+00, 4.031776597583088e-03, 1.003271682759717e+00, -1.202237686512206e-03
464, 9.406172663682554e+00, -3.805046595191133e+00, 1.956459857565109e-03, 1.005382744293572e+00, -1.631753240624827e-03
465, 5.928735741051513e-02, -2.655218781205118e-02, 1.432954428750711e-01, 8.560084390577839e-01, -2.148233694069258e-01
466, 3.731733299054952e-01, -1.977749802848404e+00, 1.893501494295437e-02, 9.859276570415921e-01, -2.742761925744993e-03
467, 5.556985246867978e-01, -2.453638181715467e+00, 1.670471708600375e-02, 9.886731098275185e-01, -2.984951802136675e-03
468, 1.225755347893100e-02, -6.056709315085823e-02, 1.798442227302900e-01, 8.173733647851829e-01, -8.704206777564796e-02
469, 2.514276046922195e-02, -5.318036503415399e-02, 1.776682166697205e-01, 8.182180308102144e-01, -1.154846821087524e-01
470, 3.014641378611852e-02, -6.427030214856534e-02, 1.566906982535964e-01, 8.394207527153962e-01, -1.087193247918208e-01
471, -1.314436297854923e+00, -3.392444321780725e+00, 1.279771281861684e-02, 9.923816354406659e-01, 2.007794490646471e-03
472, -1.200779232284508e+00, -2.931825634963033e+00, 1.374920718959301e-02, 9.913948385883952e-01, 2.540007468775062e-03
473, -9.562071568403346e-01, -3.307891690766630e+00, 1.359699786662861e-02, 9.917795300369218e-01, 1.504041779560719e-03
474, 2.828619134094751e-02, -3.009517227083883e-02, 1.994294384533725e-01, 7.799986098753706e-01, -1.558391247015385e-01
475, 1.769367629616044e-02, -2.801495426671750e-02, 2.149125463122070e-01, 7.567320404900914e-01, -1.244758615639803e-01
476, 1.907922275071704e-02, -1.826763116136883e-02, 2.402905642415375e-01, 7.310703400529095e-01, -1.510730334557628e-01
477, 9.655318882162751e+00, 4.982113036356036e+00, 3.000118001599196e-04, 9.968317612155272e-01, -9.693964847401614e-04
478, 9.711611126021175e+00, 5.280127215221946e+00, 2.521390215320476e-04, 9.968405837269084e-01, -7.111456707520421e-04
479, 6.063779089654534e+00, -5.638716961321862e+00, 5.310911313360466e-03, 1.001983546929076e+00, -5.652458914016722e-04
480, 9.203693384394672e+00, -2.244374500020789e+00, 2.447389330133772e-03, 1.007875260398269e+00, -1.877915343802098e-03
481, 9.560961721653841e+00, -2.530783837526953e+00, 2.322634013060192e-03, 1.007023245860617e+00, -1.997156238166148e-03
482, 9.260747130039256e+00, -2.539630529610640e+00, 2.014492412926126e-03, 1.007276961236781e+00, -2.760532792753084e-03
483, 5.548155308862736e+00, -5.498804610213699e+00, 5.830753041068176e-03, 1.001371763084314e+00, -7.029179683688536e-04
484, 9.686555234130680e+00, -3.715870403442865e+00, 1.819756605846193e-03, 1.005683130672859e+00, -1.497981981219872e-03
485, 9.768855955843328e+00, -3.384671785094673e+00, 1.816952863738415e-03, 1.006013643187136e+00, -1.807314397959623e-03
486, 9.326770590257849e+00, -2.896942512440674e+00, 2.757569481301379e-03, 1.006177668684331e+00, -1.874932020744353e-03
487, 8.951022325127884e+00, -2.622281015944190e+00, 2.541261809946431e-03, 1.006759549449300e+00, -2.158800147899144e-03
488, 4.961712228556481e+00, -2.210217696325039e+00, 4.736801928077941e-03, 1.001956699453469e+00, -6.404188781508220e-03
489, 5.237499766709782e+00, -2.616749004419487e+00, 4.948108468314122e-03, 1.001850339502082e+00, -5.107707778634282e-03
490, 4.721380987959507e+00, -2.481423020028991e+00, 5.762133602841169e-03, 1.000728399915307e+00, -5.866045769318711e-03
491, 8.647999282659752e+00, -1.682487864163254e+00, 2.131496091003657e-03, 1.009730984522424e+00, -2.271154149044516e-03
492, 9.110718879536838e+00, -1.834157008892855e+00, 2.003244224349849e-03, 1.008930269325754e+00, -1.506142123365850e-03
493, 8.730595793614059e+00, -2.062440108820233e+00, 2.441382766668107e-03, 1.009056452843355e+00, -2.429518448127199e-03
494, 4.810721845710960e+00, -5.691725804543674e+00, 6.683302415106961e-03, 1.000057551401554e+00, -5.274453770134774e-04
495, 9.762317126640731e+00, -2.323027870296109e+00, 2.552255660790669e-03, 1.007522147991970e+00, -1.771396564467486e-03
496, 2.793685157455039e-02, -5.488310842679069e-03, 2.425390003371422e-01, 7.209386050596719e-01, -2.358009661752779e-01
497, 3.061328919028665e-02, 3.123407897849803e-03, 2.275204961302239e-01, 7.279060400202469e-01, -2.969368182011705e-01
498, 3.577218821316453e-02, -4.149491540464657e-03, 2.070622818750308e-01, 7.720085384472807e-01, -2.667112329858776e-01
499, -1.245682112197555e+00, -5.555576306270596e+00, 1.125843952056452e-02, 9.945233061204780e-01, 2.538312782215872e-04
500, -1.593437381830898e+00, -5.320205147838425e+00, 1.120535923276638e-02, 9.947473293049669e-01, 4.505171861275122e-04
501, -1.606923920167385e-01, -3.477193645527292e+00, 1.400590693643680e-02, 9.916477904095059e-01, -1.889551293115746e-04
502, -2.106170400627550e-01, -3.847411680779191e+00, 1.317035518679442e-02, 9.924519406401425e-01, -1.439122165477266e-04
503, -5.213660503503931e-01, -3.436263902041711e+00, 1.379314750332997e-02, 9.918187285252634e-01, 5.692551212017090e-04
504, -3.237658766962515e+00, -5.506103967955888e+00, 9.345510361928787e-03, 9.962659075768084e-01, 5.547699195803461e-04
505, -2.956821053851436e+00, -5.428354263144832e+00, 9.713743599294623e-03, 9.959727528617374e-01, 6.249577200899330e-04
506, -9.374552002988171e+00, -5.360753534653023e+00, 4.829990882768968e-03, 1.000335366117267e+00, 6.182527318686324e-05
507, -9.698790753519901e+00, -4.593747597947212e+00, 4.824031490144437e-03, 1.000399622279344e+00, 7.338777408788326e-05
508, 9.330660072110682e+00, 5.197750720747389e+00, 1.058925581747140e-04, 9.972027269445650e-01, -8.445354806425943e-04
509, 9.586700875552921e+00, 5.584827988137824e+00, 1.116599798295353e-04, 9.968811037205829e-01, -4.488614511530900e-04
510, -8.695979494550231e+00, 5.468616175999998e+00, -6.678575433121578e-04, 1.000363375893441e+00, 1.396422626125913e-04
511, -9.082073088612677e+00, 5.580871067638781e+00, -5.079204894297104e-04, 1.000277680199877e+00, 8.332874292116915e-05
512, 9.686267734124597e+00, 4.675380285388798e+00, 3.296081437267011e-04, 9.967734136104084e-01, -1.224520099968590e-03
513, 8.735024012612220e+00, 3.917685464214814e+00, -4.998147668199205e-04, 9.981724878201981e-01, -2.162737256116895e-03
514, 8.861983279589570e+00, 4.443872769085234e+00, -2.791447375577844e-04, 9.977438392678947e-01, -1.692401372001768e-03
515, 9.111829134215389e+00, 4.063076651658999e+00, -1.605302047187157e-04, 9.976932079390333e-01, -1.956099400882428e-03
516, 9.681219555256237e-01, -2.658108957782712e-02, 4.737695747447649e-02, 7.833113684659816e-01, -1.628975378700449e-01
517, 9.603676470350314e-01, -2.649979872205096e-02, 4.029850999625958e-02, 7.859400008359562e-01, -1.662144790519261e-01
518, 9.536478645116395e-01, -2.299033992277480e-02, 3.139421583069747e-02, 7.990040220021730e-01, -1.683702462687882e-01
519, 9.861255745088918e-01, -7.987660509815579e-03, 4.858477065522902e-02, 8.095995466089567e-01, -1.369912932553258e-01
520, 9.761183306084619e-01, -1.216741054609538e-02, 4.759692182257117e-02, 8.049352587995534e-01, -1.486166799617396e-01
521, 9.770494838463045e-01, -4.739013364127027e-03, 4.498496761382724e-02, 8.135443963280237e-01, -1.446288711427104e-01
522, 9.776260941197501e-01, -2.567224059722344e-02, 6.198100366174054e-02, 7.815494691353678e-01, -1.552800449383873e-01
523, 9.724661924381914e-01, -1.937262718196303e-02, 4.765740603638809e-02, 7.986065222429187e-01, -1.567906398637082e-01
524, 1.131091244980604e-03, 1.727303958184144e-02, 4.084420814914480e-01, 4.657907159026986e-01, -8.471478926753157e-02
525, 4.928068958182455e-03, 1.046188350914603e-02, 3.619068295530019e-01, 5.271620154538063e-01, -1.250495036442019e-01
526, -1.624172587187193e-03, 1.003529268716565e-02, 3.629930039261176e-01, 5.428000379578845e-01, -5.334442396557114e-02
527, -2.737869047507368e+00, -5.015141636882050e+00, 9.867716815531729e-03, 9.957468746866636e-01, 1.016967404219857e-03
528, -2.676797100294326e+00, -5.503478028526148e+00, 9.975790888060589e-03, 9.956567324054469e-01, 5.293645570590073e-04
529, -8.466345320166587e+00, 4.677343129247090e+00, -5.624005648716013e-04, 1.000423664058674e+00, 3.789748704642786e-04
530, -8.307919098498623e+00, 5.129300940611701e+00, -7.051595611218149e-04, 1.000469397956514e+00, 2.956524787649569e-04
531, -8.084523767312813e+00, 4.569563878190325e+00, -6.294374469141234e-04, 1.000562571736877e+00, 5.506008387955144e-04
532, -9.649501772714931e+00, -5.609967565906120e+00, 5.020821737665895e-03, 1.000365612639964e+00, -2.335244862982710e-05
533, -9.283151209608123e+00, -4.444944256238579e+00, 4.731069443086224e-03, 1.000360541188851e+00, 1.894014063275189e-04
534, -9.407489227194791e+00, -4.767569366467723e+00, 4.724806907056119e-03, 1.000380196247764e+00, 1.058266621642071e-04
535, -1.830333144462179e+00, -4.991901795051265e+00, 1.097760024691048e-02, 9.947616252727711e-01, 7.772119118679203e-04
536, -1.476443579143443e+00, -5.009213094566604e+00, 1.136937234676442e-02, 9.944488243673518e-01, 6.611308337024646e-04
537, -4.491110964886658e-01, -5.761525238801359e-01, 3.586777051360609e-02, 9.671163096345639e-01, 1.484614499576510e-02
538, -4.198850870080965e-01, -4.428326248637331e-01, 4.101254535946642e-02, 9.628746828288971e-01, 1.857295556797413e-02
539, -3.379466235212016e-01, -5.233511406847832e-01, 4.164131599361045e-02, 9.620838162137055e-01, 1.175458016422575e-02
540, -3.435395625442084e+00, -4.999207885755528e+00, 9.019783210478036e-03, 9.964916936710648e-01, 1.044174840284954e-03
541, -3.058874651371049e+00, -5.153499334583898e+00, 9.693960950936600e-03, 9.960505904182401e-01, 9.047608652436638e-04
542, -4.557565235830206e+00, -5.617190993800446e+00, 7.902081675457310e-03, 9.976185156616918e-01, 4.196458655071573e-04
543, 1.196451741089030e-02, 8.527209573356315e-03, 3.305382758818375e-01, 5.804082466381708e-01, -2.158042808181746e-01
544, 4.427833117179061e-03, 3.423946263684773e-03, 3.285397688380357e-01, 5.929186006578173e-01, -1.129945095915223e-01
545, -5.387230189327104e+00, -5.650156287019392e+00, 7.017576060802512e-03, 9.984105959867411e-01, 3.077874244645479e-04
546, -4.940611596672939e+00, -5.651926480632948e+00, 7.395454761696629e-03, 9.980067905223701e-01, 3.753327142679703e-04
547, -5.756974215066562e+00, -5.503276529835420e+00, 6.664243103319059e-03, 9.987415389117735e-01, 3.670170971656843e-04
548, -6.636395502262546e+00, -4.111107845131467e+00, 5.696970697235115e-03, 9.993734570477564e-01, 1.159641927708877e-03
549, -6.151076490440739e+00, -3.811937434468352e+00, 5.879351129907855e-03, 9.990769765418728e-01, 1.542658610632915e-03
550, -6.188858511116345e+00, -4.207496500855966e+00, 5.993428427780060e-03, 9.990507973711646e-01, 1.249546070094724e-03
551, -8.344459853443889e+00, 5.649536641259146e+00, -7.347574553712266e-04, 1.000475919300833e+00, 1.408448852453778e-04
552, -9.642391023352674e+00, 5.173351434417253e+00, -3.891358306833066e-04, 1.000212809008963e+00, 5.330976884291186e-05
553, -9.788427135003214e+00, 4.767492247787654e+00, -3.016551051257570e-04, 1.000184164981005e+00, 4.229743508611502e-05
554, -9.498008904383916e+00, 4.840073140287266e+00, -4.055190166638309e-04, 1.000234458589302e+00, 1.101649114457363e-04
555, -7.892072917583657e+00, 5.531900375045579e+00, -9.052709710275469e-04, 1.000653542801105e+00, 2.186813796049152e-04
556, -7.828047992732112e+00, 4.986635170201807e+00, -8.945822573557517e-04, 1.000657623220888e+00, 4.449137637589607e-04
557, -9.617291970497691e+00, 4.495241551656215e+00, -2.578499705675496e-04, 1.000226739842572e+00, 1.028620193861522e-04
558, -7.405261085537717e+00, 5.654591067811666e+00, -1.116424552990366e-03, 1.000878549598253e+00, 2.181111203132202e-04
559, -7.466938565248959e+00, 5.281511089709455e+00, -1.058823006062006e-03, 1.000851237608875e+00, 3.924804603356796e-04
560, -8.989053581051564e+00, 4.209146846547479e+00, -2.895390703023688e-04, 1.000301840980784e+00, 3.308711328176013e-04
561, -9.262695779584305e+00, 4.543282806697960e+00, -3.543250105685707e-04, 1.000261524968044e+00, 2.158492436583656e-04
562, -8.878151882541230e+00, 4.567452903348024e+00, -3.860487472787597e-04, 1.000339328591472e+00, 3.187342988591700e-04
563, -6.633029080365938e+00, 5.557541012302561e+00, -1.610328677842454e-03, 1.001419608550422e+00, 3.511852946055067e-04
564, -9.556542203453061e+00, 4.170422661499469e+00, -2.241063100102979e-04, 1.000234742872162e+00, 1.480614581449094e-04
565, -9.771390244742426e+00, 4.283634484648934e+00, -1.981676720116578e-04, 1.000218876286158e+00, 5.968860318203520e-05
566, -9.045698285612033e+00, 3.426622112609438e+00, 1.044176040752086e-04, 1.000304615903436e+00, 4.474184711495275e-04
567, -9.058475574767980e+00, 2.992783841838003e+00, 2.559254747283901e-04, 1.000293135111615e+00, 4.903654641650910e-04
568, -9.343609742554209e+00, 3.115817818846279e+00, 2.089080883082449e-04, 1.000261400683016e+00, 3.189937768287559e-04
569, -6.723880781831284e+00, 4.788707539997988e+00, -1.396400451462495e-03, 1.001284325500136e+00, 8.583650434662117e-04
570, -7.140177823626747e+00, 4.965676346029928e+00, -1.164199176926776e-03, 1.001024296393840e+00, 6.459654281152774e-04
571, -6.770893028825919e+00, 5.118488670694479e+00, -1.457850179152849e-03, 1.001241601311253e+00, 6.099339481192685e-04
572, -9.634557456928016e+00, 3.777381230531502e+00, -4.788508070546283e-05, 1.000231125995000e+00, 1.355818925572197e-04
573, -9.717744205944365e+00, 3.538118334417671e+00, 1.012091472371673e-04, 1.000221936115533e+00, 1.314398095901636e-04
574, -6.187627978685431e+00, 5.725483240813825e+00, -1.887867484423212e-03, 1.001753906751517e+00, 2.602449669458139e-04
575, -6.240565600191901e+00, 5.401603721308014e+00, -1.958714376340334e-03, 1.001682202130806e+00, 5.123435892752120e-04
576, -9.782414745039903e+00, 3.266023048242932e+00, 2.558068434474828e-04, 1.000206212074842e+00, 8.854891595426157e-05
577, -5.796590117254065e+00, 5.191154393237777e+00, -2.277742608369973e-03, 1.002062949726102e+00, 7.789639135306920e-04
578, -5.593194628478788e+00, 4.657392926090413e+00, -2.340372069980958e-03, 1.002227605356832e+00, 1.354427621504329e-03
579, -5.967153042050032e+00, 4.694750669454609e+00, -1.936461646047538e-03, 1.001850122753355e+00, 1.200443463733439e-03
580, -9.352000552667343e+00, 2.189321345683438e+00, 7.834121738730240e-04, 1.000276078876140e+00, 4.185636507029020e-04
581, -9.383123647982968e+00, 2.544311426871055e+00, 5.357102743790229e-04, 1.000257835638403e+00, 3.450205393844155e-04
582, -9.120393539466239e+00, 2.573687940320545e+00, 5.297693212405609e-04, 1.000291244119332e+00, 4.883164973085177e-04
583, -4.232587426954428e+00, 3.408853880629787e+00, -3.146539264749957e-03, 1.003548133442512e+00, 3.670435112255344e-03
584, -4.630586391259217e+00, 3.089255286937784e+00, -2.259372834476620e-03, 1.002884893227567e+00, 3.762557350015923e-03
585, -4.761051332897460e+00, 3.414573916558719e+00, -2.409819502488774e-03, 1.002881180057388e+00, 3.261038780160500e-03
586, -8.404475810425424e+00, 2.515033673695113e+00, 4.129227994150701e-04, 1.000412689135821e+00, 9.773647983623696e-04
587, -8.740102485163424e+00, 2.607821748614477e+00, 4.581280096684862e-04, 1.000351830276892e+00, 7.372172428448019e-04
588, -8.414108699447546e+00, 2.845691720342539e+00, 2.496826077473633e-04, 1.000419986837990e+00, 9.092210969860701e-04
589, -5.320220641691442e+00, 4.184998771673891e+00, -2.343453917450974e-03, 1.002428026371839e+00, 1.961974193565475e-03
590, -5.256194933105777e+00, 4.681027744097212e+00, -2.649748512489582e-03, 1.002566789237080e+00, 1.505213527490809e-03
591, -4.960676648141171e+00, 4.490358004175877e+00, -2.915354780786881e-03, 1.002891470033849e+00, 1.787200697417926e-03
592, -9.782283363871308e+00, 2.438765784229040e+00, 6.498396036440747e-04, 1.000231354011795e+00, 1.277530681324035e-04
593, -9.697162308898102e+00, 2.101330105321675e+00, 8.866387010485582e-04, 1.000248621450060e+00, 1.832008599771279e-04
594, -4.501616024323321e+00, 5.710652812338985e+00, -3.780075378445968e-03, 1.003621776296395e+00, 4.271391505157627e-04
595, -9.777659484489273e+00, 1.820884610694838e+00, 1.000401724378926e-03, 1.000237727164630e+00, 1.504731791253425e-04
596, -9.461073042571794e+00, 1.846212499279607e+00, 9.445447323345030e-04, 1.000263675283157e+00, 3.277296376199408e-04
597, -9.698725243096105e+00, 1.570049804472200e+00, 1.271402804363627e-03, 1.000269819884113e+00, 1.958038673204340e-04
598, -9.708371155523228e+00, -4.065458806561881e+00, 4.700154044441590e-03, 1.000406898712258e+00, 9.865288371188332e-05
599, -9.752317866082302e+00, -3.746087083143819e+00, 4.400573584003241e-03, 1.000378507567870e+00, 7.940677108945350e-05
600, -9.336929138912900e+00, -5.721642383440223e+00, 4.892171027754845e-03, 1.000330698550059e+00, -3.738465571493707e-05
601, -9.783636438635742e+00, -3.297454125671400e+00, 4.221517615287990e-03, 1.000361688379583e+00, 8.392652269339421e-05
602, -9.037536279892967e+00, -5.620130683377983e+00, 4.966519369429902e-03, 1.000288886972690e+00, 1.588815818981438e-05
603, -9.553120686501446e+00, -3.151306541111667e+00, 4.168240364857898e-03, 1.000359613330049e+00, 1.937436131666422e-04
604, -9.624938604545646e+00, -3.511169207687737e+00, 4.459776084682361e-03, 1.000380868194593e+00, 1.525086568850810e-04
605, -6.515804344279381e+00, -4.453382846833022e+00, 5.873478905533168e-03, 9.993173725792549e-01, 9.754874265713521e-04
606, -6.815744293352060e+00, -4.800082880747291e+00, 5.784247477014211e-03, 9.994610318829729e-01, 7.015660025384317e-04
607, -7.027898646979438e+00, -4.475172788887156e+00, 5.522329274007013e-03, 9.996134356293838e-01, 8.173708035729035e-04
608, -9.755231175366729e+00, -2.929657632006994e+00, 4.222632468963004e-03, 1.000368680300613e+00, 1.102019314804469e-04
609, -9.661501536128755e+00, -2.644099119458773e+00, 3.853997470692757e-03, 1.000366678572795e+00, 1.974780852814206e-04
610, -9.204257683414546e+00, -3.023605577908067e+00, 4.226284204350887e-03, 1.000330448447482e+00, 3.865610592000612e-04
611, -9.422099235292960e+00, -2.778495436279235e+00, 4.132980705383290e-03, 1.000362556258063e+00, 3.089142814671203e-04
612, -9.808286196691142e+00, -2.185614840657021e+00, 3.616021804456172e-03, 1.000315534933195e+00, 1.016231199369356e-04
613, -9.661430479974610e+00, -2.015231090211502e+00, 3.634073482045311e-03, 1.000333959729241e+00, 1.950790121515076e-04
614, -8.588694140413692e+00, -5.540135789755960e+00, 5.105262740970933e-03, 1.000185679596275e+00, 8.655602722886135e-05
615, -8.131093607187992e+00, -5.311455915023750e+00, 5.151157227385417e-03, 1.000046202361526e+00, 2.210236232545855e-04
616, -8.219323734979129e+00, -5.665143635677203e+00, 5.195979450124706e-03, 1.000095650345217e+00, 8.173569343874680e-05
617, -9.747358716366177e+00, -1.772203132036529e+00, 3.431663237780590e-03, 1.000336130903535e+00, 1.446720697722431e-04
618, -7.744811469453836e+00, -5.574596853581736e+00, 5.391004177612040e-03, 9.999551293277993e-01, 1.512416287984431e-04
619, -9.634901114951104e+00, -2.328437668181141e+00, 3.914973426084177e-03, 1.000364027494260e+00, 1.998348896935277e-04
620, -9.416298327775490e+00, -1.988538869800938e+00, 3.598589789320979e-03, 1.000326836021475e+00, 3.617840008699543e-04
621, -6.076652774899602e+00, -5.661586975935689e+00, 6.459332421962026e-03, 9.989931722178094e-01, 2.697065860759135e-04
622, -6.145449509879459e+00, -5.162655912028542e+00, 6.275857253716548e-03, 9.990285973540691e-01, 5.888984468327541e-04
623, -9.241961541487825e+00, -1.083631051697132e+00, 3.093397214945231e-03, 1.000299808537561e+00, 5.013493391571894e-04
624, -9.392232448139522e+00, -1.429781524042369e+00, 3.249413830603426e-03, 1.000330725896439e+00, 4.052785471378576e-04
625, -9.544394364173430e+00, -1.191658554935831e+00, 3.068064788909455e-03, 1.000321179813783e+00, 2.999744756102359e-04
626, -6.443337474477488e+00, -5.568768143690173e+00, 6.127811517855008e-03, 9.992455931668965e-01, 2.892278245663828e-04
627, -6.910547851402280e+00, -5.626325131092482e+00, 5.754520790467754e-03, 9.995525548085865e-01, 2.184443381524722e-04
628, -9.717938514990408e+00, -9.298774197616774e-01, 2.965855595757611e-03, 1.000309226206863e+00, 1.836746388781966e-04
629, -9.798905402588254e+00, -1.230715985661253e+00, 3.137423556991392e-03, 1.000316457394613e+00, 1.384218294760846e-04
630, -5.721400079395236e+00, -5.041771738890798e+00, 6.632717637477668e-03, 9.986854674819123e-01, 7.535642942712241e-04
631, -5.460808239602247e+00, -5.261699237746761e+00, 6.960822216037833e-03, 9.984492811019212e-01, 6.414130717841290e-04
632, -7.473487889932959e+00, -1.668631542157512e+00, 3.840183018966048e-03, 1.000002243794156e+00, 1.762041496311339e-03
633, -7.344116940413377e+00, -1.237603973431667e+00, 3.489228384524698e-03, 1.000035047800354e+00, 1.960857345521032e-03
634, -7.129004768977951e+00, -1.615607277224696e+00, 3.910626161339397e-03, 9.998966282192001e-01, 2.064176152851890e-03
635, -6.825725940993988e+00, -2.522587582891088e+00, 4.726694199236056e-03, 9.996485270495123e-01, 1.925214177220505e-03
636, -6.749114449421170e+00, -2.049978087408724e+00, 4.375193285928127e-03, 9.997030383744971e-01, 2.202421783054004e-03
637, -6.444388009842744e+00, -2.448331179355347e+00, 4.938680824729771e-03, 9.994419194139443e-01, 2.245448368257032e-03
638, -9.713735929549644e+00, -6.197449399578360e-01, 2.707691760254361e-03, 1.000320426853072e+00, 2.065143193016258e-04
639, -9.428073681790115e+00, -8.116457921187342e-01, 2.888294407373426e-03, 1.000318127831073e+00, 4.046430348049504e-04
640, -3.207355347110656e+00, -2.225837750273966e-01, 4.769439017496954e-03, 9.984096542755625e-01, 9.339002032549072e-03
641, -3.680267948487654e+00, -3.228163664897247e-01, 4.387233865170203e-03, 9.986864540241451e-01, 7.919114197579472e-03
642, -3.516234574416746e+00, 4.786969497430660e-02, 3.287974887134272e-03, 9.994746519369792e-01, 8.673735556129894e-03
643, -9.659268352759836e+00, 2.827904324225881e-02, 2.220083755900516e-03, 1.000296764202173e+00, 2.483508081569698e-04
644, -9.803929451589800e+00, -1.764757450077528e-01, 2.410541618003978e-03, 1.000285246841002e+00, 1.299598024938140e-04
645, -9.359283737541841e+00, 5.489861714464326e-01, 1.813445638598696e-03, 1.000276240783043e+00, 4.577795193125234e-04
646, -9.073255722313100e+00, 7.225473906552629e-01, 1.790171308216094e-03, 1.000293614411459e+00, 6.518070729143682e-04
647, -9.131937195148330e+00, 3.220422754006207e-01, 2.113596092712611e-03, 1.000298831405214e+00, 6.328329709247981e-04
648, -9.020541379593290e+00, -1.129354267871910e-01, 2.289475958930777e-03, 1.000286899829497e+00, 6.979996530015984e-04
649, -8.724979235805872e+00, 2.986368246695721e-02, 2.282062376226573e-03, 1.000302005614904e+00, 9.662974694619701e-04
650, -9.693032942821080e+00, 9.410499828996138e-01, 1.651093973629760e-03, 1.000271308498379e+00, 2.287763107337314e-04
651, -9.711311505790874e+00, 6.153444580098837e-01, 1.904241184966767e-03, 1.000282786889316e+00, 2.032088031234931e-04
652, -2.601116135931332e-01, -2.337868506715578e-01, 6.171542823832493e-02, 9.403991372957988e-01, 2.661155875555495e-02
653, -2.397473966775511e-01, -1.591610560544769e-01, 7.216229020246671e-02, 9.309550636566472e-01, 3.709083716285469e-02
654, -2.032859054588710e-01, -2.074844095460814e-01, 7.500354191194956e-02, 9.293144930749747e-01, 2.487709405482034e-02
655, -5.226957235580621e+00, 5.419061532493997e+00, -2.820014800184823e-03, 1.002663722112945e+00, 7.029774951528446e-04
656, -4.827246798947304e+00, 5.589134738192914e+00, -3.318719211404746e-03, 1.003185990655604e+00, 5.199991943147236e-04
657, -4.816577702975779e+00, 5.219724954089910e+00, -3.307888088118970e-03, 1.003085562586811e+00, 9.662988122505096e-04
658, -4.144810941349175e+00, 5.619926390379153e+00, -4.228658278039601e-03, 1.004099440498587e+00, 5.510212395726151e-04
659, -3.709594706400314e+00, 5.721593275567110e+00, -4.786541970787478e-03, 1.004717801293233e+00, 4.522089757380557e-04
660, -3.435673614475479e+00, 5.521522706974653e+00, -5.305816707442575e-03, 1.005041017283798e+00, 7.905135497763253e-04
661, -3.646223089788510e+00, 5.021831639532517e+00, -4.905109368451883e-03, 1.004695237677532e+00, 1.488104949728309e-03
662, -3.814028832311454e+00, 5.420221305479075e+00, -4.667130190532896e-03, 1.004467502213578e+00, 8.709084890005773e-04
663, -3.074146558063538e+00, 5.675650615527548e+00, -5.834027387296536e-03, 1.005686354476610e+00, 4.945924665192643e-04
664, -2.790493222194029e+00, 5.474535213390650e+00, -6.285188343573089e-03, 1.006077011448263e+00, 8.545367109132786e-04
665, -2.546932735912347e+00, 1.987290395874956e-01, 3.310410365434521e-03, 9.992367149328368e-01, 1.239839188312687e-02
666, -2.471680876959170e+00, 6.784362385226170e-01, 6.652012150204052e-04, 1.001594660842745e+00, 1.289421693224475e-02
667, -2.175157946734896e+00, 3.980307314132753e-01, 2.329619331626820e-03, 1.000199504104938e+00, 1.541052931315241e-02
668, -3.441954449401841e+00, 4.058650947621271e+00, -4.831171432115347e-03, 1.005082772911520e+00, 3.110861767236979e-03
669, -4.056378307635467e+00, 4.189039781792812e+00, -3.938866879318259e-03, 1.004108358358731e+00, 2.627617328462273e-03
670, -3.576579344652705e+00, 4.379696027308559e+00, -4.886956294042077e-03, 1.004891229413595e+00, 2.534106806369497e-03
671, -3.838200224613204e+00, 3.307241293179907e+00, -3.691447789958641e-03, 1.004171579963806e+00, 4.222415997574140e-03
672, -3.543918677659805e+00, 3.018645769466132e+00, -3.880365734502928e-03, 1.004592843679502e+00, 4.917424212995427e-03
673, -3.946602797894333e+00, 2.982410789593693e+00, -3.134548420139829e-03, 1.003817756878891e+00, 4.683340044543641e-03
674, -4.700229355464746e-01, 1.521491199282407e-01, 1.476564436866632e-02, 9.874825918871624e-01, 6.157287389852136e-02
675, -5.633989199779469e-01, 2.606449533660805e-01, 3.812136083459997e-03, 9.986733778533879e-01, 5.387073876269078e-02
676, -4.449976482531632e-01, 2.791726392698392e-01, -2.378955568446583e-03, 1.002719936618630e+00, 6.382756541713193e-02
677, -2.354581097925858e+00, 5.200019831343859e+00, -7.022856843306076e-03, 1.006673087925658e+00, 1.258326680039265e-03
678, -2.466407625024181e+00, 5.662753342681906e+00, -6.869338620951002e-03, 1.006703322650728e+00, 5.806275225361759e-04
679, -3.179948474901839e+00, 5.180419681054325e+00, -5.729926394128167e-03, 1.005394530802536e+00, 1.268846879644062e-03
680, -2.792538594872637e+00, 4.999354995213086e+00, -6.271085746871052e-03, 1.006013875891943e+00, 1.658555114153582e-03
681, -1.176922813214945e+00, 1.276505270996973e+00, -1.125574206932684e-02, 1.012297322769657e+00, 1.826370146490342e-02
682, -9.233430900679449e-01, 1.492787471945065e+00, -1.462519899859590e-02, 1.016459092509930e+00, 1.643524371017676e-02
683, -8.796448648465380e-01, 1.214978790068189e+00, -1.581022783983641e-02, 1.017034193422303e+00, 2.111378246606580e-02
684, -1.671061768430917e+00, 4.746904707752012e+00, -8.341396065114743e-03, 1.008120005886000e+00, 1.829563765151626e-03
685, -1.401745856552922e+00, 5.060263641793152e+00, -8.628256693648759e-03, 1.008254693615610e+00, 1.259057348926885e-03
686, -1.283097633489019e+00, 4.764162887816482e+00, -8.979804013919826e-03, 1.008753159955331e+00, 1.632907669648119e-03
687, -1.356654383666656e-01, 6.098670299657007e-02, 7.597923121835071e-02, 9.144562166814920e-01, 1.472006913024327e-01
688, -1.316055257254411e-01, 8.669761096114294e-02, 4.629382193208973e-02, 9.353993158140282e-01, 1.606988412611565e-01
689, -1.109330763570376e-01, 7.363517811742201e-02, 7.245313663175196e-02, 9.122762684717283e-01, 1.741321636718404e-01
690, -8.875150964551665e-01, 5.615445924970270e+00, -9.207593661298337e-03, 1.008769247993912e+00, 4.231653055872978e-04
691, -5.359517996547813e-01, 5.433511443616778e+00, -9.521566266703162e-03, 1.008978415782027e+00, 4.924930520821485e-04
692, -2.903371956408855e-02, 4.939315391902941e-02, 1.654197834797953e-01, 7.276358479419244e-01, 3.531933918143855e-01
693, -2.298329605320517e-02, 5.521807407994556e-02, 1.372821719702634e-01, 7.371267342127111e-01, 4.183097251106914e-01
694, -2.123774520961091e-02, 4.672167227302870e-02, 2.104758863172102e-01, 6.620175419273153e-01, 3.840996637956486e-01
695, -4.365553841063335e-01, 8.188453266741205e-01, -2.608166999234542e-02, 1.028246611956463e+00, 3.450207895629197e-02
696, -3.905445080800423e-01, 7.021696251254090e-01, -2.919653300719787e-02, 1.030716154709941e+00, 4.241333352716039e-02
697, -4.979878398592825e-01, 6.179233665117403e-01, -2.116313085518384e-02, 1.021850148399659e+00, 4.392687604339732e-02
698, -1.933432857573938e-01, 5.285751046957249e+00, -9.924873306813766e-03, 1.009203652766767e+00, 3.619179563465948e-04
699, 1.294006440512128e-01, 5.498954741953249e+00, -9.947763895124685e-03, 1.009325801151225e+00, 1.008326971594628e-04
700, 1.977461917671207e-01, 5.192461542880556e+00, -1.012896779257017e-02, 1.009382649835873e+00, 1.382151686478918e-04
701, -1.236911544677955e-01, 3.328789524908837e-01, -5.709048348830115e-02, 1.053092056803022e+00, 9.991810188371240e-02
702, -1.944315569677042e-01, 3.261409310799887e-01, -3.611846792002234e-02, 1.034420491624382e+00, 9.339760255339510e-02
703, -1.332367456326946e-01, 3.878560092584754e-01, -5.668965781601248e-02, 1.054202448961066e+00, 8.440360132831685e-02
704, 1.472325799586451e-02, 1.022855440991847e-01, -2.655939066941062e-01, 1.161213607317258e+00, 3.781766336904192e-01
705, 1.508433771061850e-02, 9.061490334244016e-02, -3.217912901864286e-01, 1.185561045221904e+00, 4.426545569398747e-01
706, 7.123410197775440e-03, 9.324635005132957e-02, -2.510057266382980e-01, 1.133241487011558e+00, 4.358959667192121e-01
707, 2.196150647532839e-02, 7.628120817168274e-02, -4.873542573266900e-01, 1.221488667881739e+00, 4.915826852687619e-01
708, 1.854234083216767e-02, 8.289594148273513e-02, -3.580107399467382e-01, 1.193812652975617e+00, 4.790572934944091e-01
709, 2.526973478401600e-02, 8.087410171425199e-02, -4.644834151674118e-01, 1.232166963654221e+00, 4.454532267051625e-01
710, -2.204244903908038e-01, 5.670141665845690e+00, -9.700217391713470e-03, 1.009408282195633e+00, 2.034623497414185e-04
711, 4.490730225920032e-02, 1.434755585150230e-01, -2.669495786259098e-01, 1.204838604877806e+00, 2.252695364241196e-01
712, 4.088797236569329e-02, 1.222677253842574e-01, -3.008223744774074e-01, 1.224618777040849e+00, 2.725142279347776e-01
713, 2.724731062445384e-02, 1.361608918596947e-01, -2.367138494133174e-01, 1.179951814008934e+00, 2.649001010831201e-01
714, 1.628834558653014e-02, 1.150071019201705e-01, -2.465517519731411e-01, 1.159955532005261e+00, 3.276084584080166e-01
715, 3.186071986721829e-03, 1.257505870085098e-01, -1.835747707523550e-01, 1.120618906908615e+00, 3.019132887423285e-01
716, 1.568469619904281e-02, 1.282115972297565e-01, -2.324726999994352e-01, 1.158313407099982e+00, 2.890665816200171e-01
717, 2.027843012605191e-02, 7.021439036587766e-02, -5.105776669290643e-01, 1.254686715769320e+00, 5.571099727362147e-01
718, 1.453222885961604e-02, 6.954958770625838e-02, -4.663711225969795e-01, 1.177244096878354e+00, 6.096809109553299e-01
719, 2.305698501430380e-02, 9.845477698158427e-02, -3.262721791379545e-01, 1.223882316556673e+00, 3.977210205508658e-01
720, 3.402683026598102e-02, 9.750824926035756e-02, -3.737577158969621e-01, 1.244730748659092e+00, 3.486870705170201e-01
721, 2.485368887689626e-02, 8.966560936923294e-02, -3.876004064460973e-01, 1.228864617647380e+00, 4.155482023498518e-01
722, -6.342647798232122e-02, 2.564243435999427e+00, -1.671697589883825e-02, 1.017516105796991e+00, 2.766832344002766e-03
723, 1.584064028353117e-01, 2.255374649959315e+00, -1.962189361141615e-02, 1.020927903081982e+00, 2.001976145182608e-03
724, -1.917544182024510e-01, 2.248335952700479e+00, -1.946038340860713e-02, 1.019518266031350e+00, 5.111109257621223e-03
725, 3.974450911154649e-01, 2.544862711352903e+00, -1.795838089340742e-02, 1.018093062806627e+00, -5.663195157208372e-04
726, 5.257290611973180e-02, 8.482150310900372e-02, -5.063385725333167e-01, 1.309423767484953e+00, 2.868804619892298e-01
727, 8.673837080987651e-02, 2.403810427225899e-01, -1.934859018263548e-01, 1.166136436435218e+00, 1.081947222400742e-01
728, 9.078533311231428e-02, 2.119422248445582e-01, -2.190345276103259e-01, 1.185313987769216e+00, 1.175279434501647e-01
729, 6.633759023243550e-02, 2.105457151024143e-01, -2.055317039512966e-01, 1.173194789684951e+00, 1.374698444074539e-01
730, 8.756848896070406e-02, 9.081835445675165e-02, -4.675274013181508e-01, 1.304947783152164e+00, 1.584417755574787e-01
731, 9.725284937075569e-02, 9.693081088987543e-02, -4.391848449765526e-01, 1.270938373893736e+00, 1.321270366811334e-01
732, 1.325625811976855e-01, 9.365802290606171e-02, -4.197215061413404e-01, 1.282637331376182e+00, 6.753766796399448e-02
733, 1.282619846404957e-01, 1.081409113773555e-01, -3.944856351645935e-01, 1.238708888078818e+00, 7.611098194802017e-02
734, 1.413972856557067e-01, 1.024885176714803e-01, -4.010783780788943e-01, 1.246776329971725e+00, 5.300781336053865e-02
735, 8.287011474279676e-02, 1.444395981553654e-01, -3.102181716697577e-01, 1.252632110701138e+00, 1.729934542206947e-01
736, 1.004683572889417e-01, 1.506259389956705e-01, -3.087945106603497e-01, 1.254286911761052e+00, 1.406779426516264e-01
737, 9.537657817872072e-02, 1.311038634146640e-01, -3.461909648466918e-01, 1.266898597965284e+00, 1.484493468259552e-01
738, 1.174102568550701e+00, 4.448568296305408e+00, -1.084365534299112e-02, 1.010169454564606e+00, -1.320872753122776e-03
739, 7.639038139518765e-01, 4.362127705700355e+00, -1.110309406982699e-02, 1.010669284130580e+00, -7.529881642585241e-04
740, 9.620034132203102e-01, 4.700100746864893e+00, -1.048239173423974e-02, 1.009988922383188e+00, -7.525384437090780e-04
741, 2.546151121869773e-01, 1.627831946571817e-01, -2.676638930790566e-01, 1.189891786574544e+00, -2.369708368353707e-02
742, 2.904825301295764e-01, 1.638363123347275e-01, -2.497226477889514e-01, 1.172176250833129e+00, -4.594268208760346e-02
743, 2.678337777341154e-01, 1.437223590438709e-01, -2.752536629254320e-01, 1.174701495243325e+00, -4.262241035679568e-02
744, 1.635877046377713e-01, 1.266453481343064e-01, -3.494912341946367e-01, 1.223948062217465e+00, 3.440481818767433e-02
745, 1.823187152876443e-01, 1.175594740201987e-01, -3.473350161597326e-01, 1.208255977054573e+00, 9.139455084880840e-03
746, 1.579627911029031e-01, 1.111127510451398e-01, -3.679359655161524e-01, 1.223286550558222e+00, 3.125741907050307e-02
747, 1.539617358750668e-01, 9.640925344818049e-02, -3.970335040577255e-01, 1.260869794760582e+00, 3.020393594854078e-02
748, 5.935884802860957e-01, 5.558427171794953e-01, -7.845682878657492e-02, 1.073217871084418e+00, -3.749628449692431e-02
749, 5.913002914460073e-01, 6.807388371612867e-01, -6.803182958849030e-02, 1.065010313409768e+00, -2.640877013862470e-02
750, 6.689766114268626e-01, 6.225302943382199e-01, -6.453799643596514e-02, 1.061168768213169e+00, -3.632214221960692e-02
751, 1.983142512026480e-01, 1.305338806742552e-01, -3.233613827136663e-01, 1.203614505272416e+00, 1.403313265034784e-03
752, 2.040451480933694e-01, 1.067032766162283e-01, -3.455144571094420e-01, 1.208569841801208e+00, -1.655761037569423e-02
753, 3.267786962789408e-01, 6.304486269139973e-01, -8.434832003055678e-02, 1.080956660789554e+00, -7.874284412168645e-04
754, 2.429275807674631e-01, 7.455234060531787e-01, -7.049963276181100e-02, 1.068888337371041e+00, 7.592737552358840e-03
755, 3.775291264947730e-01, 7.367922243636326e-01, -7.363333469571089e-02, 1.070175345740782e+00, -5.448884354078773e-03
756, 3.265693699806135e-01, 1.723244692217871e-01, -2.311697360302851e-01, 1.159710202028880e+00, -5.758340111784638e-02
757, 3.682650137115442e-01, 1.673267877857562e-01, -2.151910882606909e-01, 1.138670633821210e+00, -7.777089538614185e-02
758, 3.458279259062783e-01, 1.483295348002665e-01, -2.357140665390272e-01, 1.137569107623934e+00, -7.615852570471697e-02
759, 5.354390538121172e-01, 5.314370804481948e+00, -1.016779579203780e-02, 1.009249913428670e+00, -1.030267954156981e-04
760, 3.811005804300466e-01, 4.935166821703959e+00, -1.037950246527355e-02, 1.009683149297041e+00, -6.089949214051099e-05
761, 2.479435782622726e-01, 1.138227988856624e-01, -3.075647724284021e-01, 1.176722151588059e+00, -4.668684772682422e-02
762, 2.705060725966404e-01, 1.018604846621667e-01, -3.022191348530767e-01, 1.172163211302071e+00, -6.893524712125627e-02
763, 2.517525374915270e-01, 9.607290954630404e-02, -3.193701039775709e-01, 1.194545082428721e+00, -5.985960843903909e-02
764, 2.692842511051396e-01, 1.230709831413108e-01, -2.895375246066461e-01, 1.163884924548224e+00, -5.372630792222620e-02
765, 2.462825447969290e-01, 1.364367526124724e-01, -2.874475197852528e-01, 1.180228713917955e+00, -3.300810238903443e-02
766, 4.387433604734434e-01, 3.324880628755656e-01, -1.406414450604795e-01, 1.123601465954081e+00, -4.654709492337152e-02
767, 4.970939776488032e-01, 3.302470355707127e-01, -1.264002336719600e-01, 1.111472308771920e+00, -5.630394590845506e-02
768, 4.620830724971463e-01, 2.888011216340686e-01, -1.436710221294536e-01, 1.123748862447632e+00, -6.156753244621458e-02
769, 3.224931461487425e-01, 1.060313272334549e-01, -2.662437839352720e-01, 1.137353796814579e+00, -8.838089431695621e-02
770, 3.488911165793353e-01, 1.094207025028742e-01, -2.537291936944799e-01, 1.122780710333040e+00, -9.633288616627143e-02
771, 3.398251556264136e-01, 9.079135556562631e-02, -2.631338052419409e-01, 1.137621600079993e+00, -1.057285443206744e-01
772, 4.237748611008526e-01, 2.292395829247908e-01, -1.727730015534919e-01, 1.136822038872604e+00, -6.834696195903561e-02
773, 4.631492422151480e-01, 1.988578512149359e-01, -1.660299268371767e-01, 1.115244006163164e+00, -8.895411044068388e-02
774, 4.244942710202432e-01, 1.970803793991997e-01, -1.831824085693211e-01, 1.133723692537270e+00, -8.114763650680666e-02
775, 4.076084670761611e-01, 8.688718765638141e-02, -2.257412676217460e-01, 1.097249554386143e+00, -1.256267552554753e-01
776, 4.373904883962681e-01, 8.920152994135135e-02, -2.085662499983706e-01, 1.079081256550624e+00, -1.288318290298994e-01
777, 4.591452526567179e-01, 8.012688916225519e-02, -2.001405891401047e-01, 1.068588777073485e+00, -1.384015916571303e-01
778, 4.837941994832944e-01, 8.356396107991516e-02, -1.862868547951682e-01, 1.053632743265332e+00, -1.391997508382320e-01
779, 6.271396860411529e-01, 2.208211721855028e-01, -1.108207615312685e-01, 1.066876207907245e+00, -1.064550498112537e-01
780, 6.570706734479685e-01, 2.497406433761131e-01, -1.022339231124292e-01, 1.065850771333510e+00, -9.847084385738351e-02
781, 6.777691450865448e-01, 1.949354671991853e-01, -9.877606680694617e-02, 1.041263552431032e+00, -1.149533238442823e-01
782, 1.253331832666490e+00, 5.687598828691698e+00, -9.695539729691463e-03, 1.009249211849286e+00, -1.922541554775260e-04
783, 9.008260395063287e-01, 5.585035994897598e+00, -9.904279371927746e-03, 1.009251583151596e+00, -1.796503205359907e-04
784, 5.105643982766046e-01, 9.859677243892445e-02, -1.728808059743558e-01, 1.044626320801720e+00, -1.360764303835086e-01
785, 5.475885269564074e-01, 1.108042052294490e-01, -1.552758471372511e-01, 1.035505694500376e+00, -1.345856204823797e-01
786, 5.338635900658599e-01, 8.098281749157317e-02, -1.643899558538452e-01, 1.031631776342350e+00, -1.449531574693922e-01
787, 4.899517698991179e-01, 1.400773500849438e-01, -1.728152595211420e-01, 1.074157144807042e+00, -1.164055257959765e-01
788, 4.795797031669932e-01, 1.661595415085584e-01, -1.729584709749633e-01, 1.092791093948628e+00, -1.062734376239314e-01
789, 5.082310833003429e-01, 1.580478361260451e-01, -1.599840534025039e-01, 1.077965103185700e+00, -1.134742992829523e-01
790, 4.322812922245836e-01, 2.633080241673195e-01, -1.620236486784016e-01, 1.135886552422886e+00, -6.138685929008967e-02
791, 4.756777516730981e-01, 2.430152009495585e-01, -1.521181126686887e-01, 1.123811627359385e+00, -7.558069317580891e-02
792, 5.627718847680929e-01, 1.465703119614977e-01, -1.411471861117159e-01, 1.053004169819275e+00, -1.232395897076918e-01
793, 5.361748267339492e-01, 1.540683992279184e-01, -1.511906143363860e-01, 1.064763335680682e+00, -1.186750563397208e-01
794, 5.612691980957624e-01, 7.074045003646097e-02, -1.526954401892534e-01, 1.014610889363003e+00, -1.524773178715891e-01
795, 5.972082897422215e-01, 6.344964277324520e-02, -1.370083219868521e-01, 1.000227196667354e+00, -1.554170246930846e-01
796, 7.167729601815990e-01, 1.071762068012928e-01, -8.724091195176854e-02, 9.766223486245987e-01, -1.444427814010154e-01
797, 7.034271542591155e-01, 7.356321592404909e-02, -9.366811237038299e-02, 9.646366141473539e-01, -1.540224130828231e-01
798, 6.922096683118977e-01, 9.238954030676994e-02, -1.001405228662908e-01, 9.784008774356396e-01, -1.482759896469047e-01
799, 7.819812516729894e-01, 8.659578028198328e-02, -6.377937057799740e-02, 9.445749018526780e-01, -1.485190940504356e-01
800, 8.075125053048671e-01, 9.706486761268750e-02, -5.714119207755385e-02, 9.420996163262511e-01, -1.452955943023340e-01
801, 7.989488664517369e-01, 7.245203378657647e-02, -5.803323239083599e-02, 9.317220324251120e-01, -1.531279472010295e-01
802, 6.823772795610625e-01, 3.960110090461581e-02, -1.044914662452181e-01, 9.564359302175466e-01, -1.664191482135018e-01
803, 6.654849607573446e-01, 5.151231077507520e-02, -1.100083922510852e-01, 9.678070324532221e-01, -1.618896850057078e-01
804, 6.894215536539580e-01, 5.830283924788092e-02, -1.026925391982096e-01, 9.626408433233047e-01, -1.596700143918736e-01
805, 7.073915402729660e-01, 4.407840997289778e-02, -9.380769550540718e-02, 9.493099649161185e-01, -1.641929345723828e-01
806, 7.530757434529524e-01, 3.044318494005252e-02, -7.648177482935252e-02, 9.246085914635773e-01, -1.685729061819214e-01
807, 7.338396974899934e-01, 4.290384843152563e-02, -8.406047757686609e-02, 9.379915296224115e-01, -1.650067806471232e-01
808, 7.626620248703473e-01, 5.013738592881521e-02, -7.263784534767495e-02, 9.329348602899045e-01, -1.618974745706178e-01
809, 7.451314491209758e-01, 1.031597079951233e-01, -7.863046829212894e-02, 9.666851857005666e-01, -1.436226753918794e-01
810, 7.809528696170299e-01, 1.098927043412834e-01, -6.556967577501230e-02, 9.590284033589003e-01, -1.417672766765844e-01
811, 7.581554273404145e-01, 8.642968351890661e-02, -7.415890710011649e-02, 9.521607033372771e-01, -1.500722628125310e-01
812, 8.251653667278203e-01, 7.173320899587060e-02, -4.900996686271183e-02, 9.234044952277320e-01, -1.510944636648483e-01
813, 7.758429349630732e-01, 2.848993323189862e-02, -6.793459161963004e-02, 9.157828198675265e-01, -1.678673571143959e-01
814, 1.844212496332039e+00, 4.854570422599156e+00, -9.668133216364899e-03, 1.008602567450217e+00, -1.485612850489244e-03
815, 1.964186468706257e+00, 5.275892796480357e+00, -9.187415906149028e-03, 1.008036666800448e+00, -9.840722892210103e-04
816, 2.126732012841655e+00, 4.868708829042127e+00, -9.189502174990496e-03, 1.008148935246137e+00, -1.588109879776725e-03
817, 8.265818783244780e-01, 2.250992696925701e-02, -4.715018260565502e-02, 8.965755561373300e-01, -1.681199886227655e-01
818, 8.413441398572934e-01, 1.033132841790707e-02, -4.109035295046458e-02, 8.813712905178213e-01, -1.715409814551606e-01
819, 8.440528282196128e-01, 2.630879757504200e-02, -3.805490240184587e-02, 8.923640466834611e-01, -1.659606525372431e-01
820, 8.406151339652290e-01, 4.015232109320202e-02, -4.105679935438168e-02, 9.012326322101568e-01, -1.615813016947860e-01
821, 9.450107492991634e-01, 1.353583320626890e-01, -1.814435335829753e-02, 9.299256507609576e-01, -1.175230116783065e-01
822, 9.288117896788378e-01, 1.794595517771028e-01, -2.632344611113314e-02, 9.626280234211606e-01, -1.100085351203845e-01
823, 9.687828750299781e-01, 1.668752332398506e-01, -1.330270548071091e-02, 9.471646825974547e-01, -1.049304927805598e-01
824, 1.109092885040816e+00, 1.171969354596635e-01, 1.125782144288012e-02, 8.970412613770600e-01, -8.316878138324786e-02
825, 1.150718395352925e+00, 1.480840093823233e-01, 7.800324854227100e-03, 9.155301155179121e-01, -7.519694165744760e-02
826, 1.156277625193676e+00, 1.093442763111428e-01, 1.555113441349819e-02, 8.920887694623376e-01, -7.458226919396678e-02
827, 9.017495560444909e-01, -4.912402160764964e-03, -1.046449267550888e-02, 8.463548193441111e-01, -1.713269267023426e-01
828, 9.149088158930672e-01, -4.471489678322157e-03, 3.710286885593704e-04, 8.438487464169714e-01, -1.698750083904274e-01
829, 9.090084839149876e-01, -1.322577383372397e-02, -4.392294005833795e-03, 8.305046168378145e-01, -1.715165722904914e-01
830, 9.349750480370844e-01, -9.370486978592781e-03, 1.357324706206173e-02, 8.321009729250771e-01, -1.691554588363344e-01
831, 9.227456955888911e-01, -1.373352845081697e-02, 3.253372323064708e-03, 8.276806041737277e-01, -1.717842555866183e-01
832, 9.247517729745792e-01, -3.312761736086266e-03, 6.609219177544590e-03, 8.410669385167122e-01, -1.681337821400873e-01
833, 9.835951310838337e-01, 8.072634067548993e-01, -3.656208637292093e-02, 1.034666806962443e+00, -3.257045789061937e-02
834, 8.271071971365611e-01, 7.759432999642049e-01, -4.578546373756907e-02, 1.044659625159827e+00, -3.250869457466157e-02
835, 8.672701828926564e-01, 9.434995029349827e-01, -4.058753002123663e-02, 1.038284656256359e+00, -2.373787175966592e-02
836, 1.120867260283642e+00, 5.557093824670314e-02, 2.465276940370718e-02, 8.618443155855643e-01, -7.784087008804695e-02
837, 1.099750614001506e+00, 3.228376011707183e-02, 3.043419169150455e-02, 8.515394025564165e-01, -7.993981735787717e-02
838, 1.091749017533041e+00, 5.427307371377679e-02, 2.513258214059185e-02, 8.576603436291796e-01, -8.455522964266970e-02
839, 9.433717190017749e-01, -7.978101727865967e-03, 2.231526416398533e-02, 8.264909488519763e-01, -1.650159743958927e-01
840, 9.443774976596000e-01, -1.762382110584831e-02, 2.078900713560484e-02, 8.154675151119972e-01, -1.697705317970341e-01
841, 9.436410595994177e-01, 5.092586011608170e-02, 1.110838137199548e-03, 8.683325138739001e-01, -1.405784173979745e-01
842, 9.280834980409486e-01, 3.953136806977562e-02, -1.341296946532501e-03, 8.682527018250714e-01, -1.485795546252070e-01
843, 9.222048489699987e-01, 5.800408151935484e-02, -7.481082606019450e-03, 8.795521630061087e-01, -1.424026287518281e-01
844, 9.422590891465996e-01, 1.539432477245556e-03, 1.498161067624247e-02, 8.389839299956995e-01, -1.613350324229937e-01
845, 9.349704453806597e-01, 1.534876123642601e-02, 8.019266932316587e-03, 8.507762781174213e-01, -1.572145503878892e-01
846, 9.459986819703009e-01, 1.667819372419982e-02, 1.417485522212693e-02, 8.449918987777943e-01, -1.523107415494900e-01
847, 9.848338329404334e-01, -3.024916778971890e-02, 7.580534482135333e-02, 7.586476796439329e-01, -1.508201495383530e-01
848, 9.887318433967299e-01, -3.465363901818525e-02, 9.281725829832960e-02, 7.335286900069604e-01, -1.432907264897709e-01
849, 2.041983437948800e+00, 5.675382596498689e+00, -9.031822677766806e-03, 1.008472476055022e+00, -3.986520430448802e-04
850, 2.679222476546423e+00, 5.702661154170141e+00, -8.414703481892948e-03, 1.007566926259525e+00, -4.771733080519629e-04
851, 2.946361464497255e+00, 5.452642908622585e+00, -7.957285258284959e-03, 1.006594801603182e+00, -9.715352690975116e-04
852, 1.549553297394532e+00, 3.853299991556353e+00, -1.115720452987675e-02, 1.010669173890703e+00, -2.802230410144497e-03
853, 1.440669653483488e+00, 4.249988550525705e+00, -1.095499564587971e-02, 1.010322380454020e+00, -1.862697873999809e-03
854, 1.868410241434400e+00, 4.265146305054478e+00, -1.003916959186644e-02, 1.009551237613590e+00, -2.438497112012614e-03
855, 3.684974326237490e+00, 5.575758806958939e+00, -6.700869082577339e-03, 1.005370113891829e+00, -7.468766376235006e-04
856, 4.498034730025603e+00, 5.591134608798078e+00, -5.542810887659199e-03, 1.004013706672000e+00, -7.056849150740828e-04
857, 4.891258088030877e+00, 5.669525833125076e+00, -4.923477528495602e-03, 1.003451048671562e+00, -5.439019190858097e-04
858, 2.718690972403223e+00, 4.553880639925287e+00, -8.400969458362844e-03, 1.007328365993843e+00, -2.499543985512003e-03
859, 3.048679390718095e+00, 4.991587656983989e+00, -7.837675617353702e-03, 1.006475758926230e+00, -1.805060469450147e-03
860, 3.158858863543263e+00, 4.599029667024042e+00, -7.715861085575771e-03, 1.006443279996918e+00, -2.570821948119989e-03
861, 5.301892912550882e+00, 5.754823846718420e+00, -4.413135375238644e-03, 1.003021986715422e+00, -4.547277998387821e-04
862, 4.741098592179668e+00, 5.192209456866797e+00, -5.047562264013417e-03, 1.003268698743667e+00, -1.378701888279627e-03
863, 6.062663561459288e+00, 5.712245583851236e+00, -3.434475948006299e-03, 1.001613228056009e+00, -5.008131782603628e-04
864, 5.646313190363600e+00, 5.625894427054988e+00, -4.015336171090639e-03, 1.002009963258697e+00, -6.443685238751287e-04
865, 6.601325562135975e+00, 5.157437823339916e+00, -2.595381796226843e-03, 1.000378756332354e+00, -1.260499081010458e-03
866, 7.036354864146453e+00, 5.054451949183666e+00, -2.239273363920121e-03, 9.997397571660060e-01, -1.220795333777463e-03
867, 6.871694635140050e+00, 4.700458716146898e+00, -2.421752441391331e-03, 9.999116762169734e-01, -1.793731559668378e-03
868, 9.703965247919166e+00, 4.089735004876855e+00, 4.828505234079207e-04, 9.969127038466621e-01, -1.804702148904570e-03
869, 9.764833821092124e+00, 3.762692069291306e+00, 6.749489923225179e-04, 9.969705604404703e-01, -2.266403022612907e-03
870, 9.075872727877051e+00, 5.580581545382306e+00, -2.105340957597370e-04, 9.974942574840223e-01, -5.426357403240719e-04
871, 8.731328996742798e+00, 5.428460250085717e+00, -4.208889426349221e-04, 9.978882154603621e-01, -6.926647081075588e-04
872, 8.638044235661212e+00, 5.709252464652407e+00, -7.507153011101483e-04, 9.980446313847881e-01, -4.480328943452419e-04
873, 9.684865931769892e+00, 3.518163503958434e+00, 6.266563418851896e-04, 9.970833656420226e-01, -2.688008672308298e-03
874, 8.345338583126177e+00, 5.546928439950845e+00, -1.013002085525143e-03, 9.982632253903801e-01, -6.060975446142193e-04
875, 9.262321394275064e+00, 3.836270854287605e+00, 2.099986646017138e-04, 9.977799317406335e-01, -2.252712681863780e-03
876, 9.343664255988683e+00, 3.462634309695675e+00, 1.932083695300236e-04, 9.976468480991862e-01, -2.702453172083662e-03
877, 9.043035500585630e+00, 3.680199923193578e+00, 5.298941060072262e-05, 9.980963885480675e-01, -2.466385437450898e-03
878, 8.220118796353603e+00, 4.976609011358401e+00, -1.035211909562811e-03, 9.983370606743736e-01, -1.217048084050823e-03
879, 8.359997723724346e+00, 4.591166144364644e+00, -8.528134982678859e-04, 9.981446901236791e-01, -1.610570168778405e-03
880, 8.027355723331597e+00, 4.702511751246974e+00, -1.039045000699544e-03, 9.985649652578802e-01, -1.593915273508789e-03
881, 9.747618669722925e+00, 2.965909727840766e+00, 5.868545695905496e-04, 9.968066223310557e-01, -3.732719478231845e-03
882, 9.626509647781107e+00, 3.199304275046869e+00, 5.500628746191584e-04, 9.973138451555816e-01, -3.238199001326564e-03
883, 9.344888126186754e+00, 3.159195568849686e+00, 1.210991473025989e-04, 9.979696225913500e-01, -3.264295628642732e-03
884, 9.460189494729136e+00, 2.875923147993162e+00, 9.343121054626808e-05, 9.973012766265662e-01, -3.668207689513134e-03
885, 9.172015862923649e+00, 3.002390884281313e+00, 6.016767216924027e-05, 9.981020055456102e-01, -3.514834691030544e-03
886, 8.201867666669198e+00, 1.975911327172686e+00, -6.804013849306589e-04, 9.949653494333548e-01, -4.776066615584424e-03
887, 7.805931453715906e+00, 1.709308403857831e+00, -1.113358791115121e-03, 9.932089431139474e-01, -5.451554608712263e-03
888, 7.848873654785496e+00, 2.091874442201130e+00, -1.282821567346715e-03, 9.968797134646430e-01, -4.795214828856715e-03
889, 9.667957741784255e+00, 2.143397272793121e+00, -1.207583385785206e-03, 9.947278636219995e-01, -5.081216828520408e-03
890, 8.489654672284315e+00, 5.232246483047142e+00, -7.706278358035073e-04, 9.980197439488954e-01, -9.225154365982520e-04
891, 8.611972521617771e+00, 4.868286590304329e+00, -6.445432631549202e-04, 9.978145388903165e-01, -1.272061351486753e-03
892, 9.769101757820032e+00, 1.884930937065517e+00, -1.486255077004615e-03, 9.934232677219382e-01, -5.528648860072845e-03
893, 4.821019753126603e+00, 1.466708340253508e+00, -2.376640285174949e-03, 9.969975037475460e-01, -8.840111535497150e-03
894, 5.150352956021935e+00, 1.759291877413139e+00, -2.621116215385849e-03, 1.001213041603783e+00, -7.377808410462235e-03
895, 5.222302180882055e+00, 1.434076021802552e+00, -1.426175066485159e-03, 9.945893458990308e-01, -8.583052687728585e-03
896, 9.284129821317663e+00, 2.316085546157256e+00, -5.241764061625239e-04, 9.961109450462282e-01, -4.527449574707994e-03
897, 9.659429961385211e+00, 2.472314331237917e+00, 1.080419029632909e-04, 9.958297679176565e-01, -4.765777859127167e-03
898, 9.708350585913616e+00, 1.604126315939785e+00, -2.158258257764106e-03, 9.922567066598288e-01, -4.859816874203748e-03
899, 9.764825778010794e+00, 1.299393618930668e+00, -3.746410609537940e-03, 9.913998869233790e-01, -4.294678127152413e-03
900, 6.442934656916709e+00, 4.715737654381427e+00, -2.788579983237697e-03, 1.000530314351735e+00, -1.884044126893115e-03
901, 9.503224011091213e+00, 1.835334834893965e+00, -1.131732600138527e-03, 9.934349685776350e-01, -5.290299252822150e-03
902, 9.394686043443146e+00, 1.560352455228231e+00, -2.219645201733025e-03, 9.915674212619016e-01, -5.278970512732038e-03
903, 6.862837463673237e+00, 5.560397292472172e+00, -2.606941584270560e-03, 1.000077671572676e+00, -6.677498742695853e-04
904, 7.218383955814653e+00, 5.390418285496690e+00, -2.028533929137655e-03, 9.995833264244852e-01, -8.464208599550670e-04
905, 8.635986112898021e+00, 9.809990931601149e-01, -6.966568857026932e-04, 9.869368046125090e-01, -4.210898358054354e-03
906, 8.245184274897138e+00, 6.821054021991186e-01, -3.897156092379495e-04, 9.857308025501859e-01, -3.966258500426676e-03
907, 8.261633131569743e+00, 1.076695180510255e+00, -2.122088545836363e-04, 9.866847676218702e-01, -4.992258850587739e-03
908, 5.734097707471495e+00, 5.255170410785644e+00, -3.782989867354794e-03, 1.001615066766175e+00, -1.233373825605044e-03
909, 6.212961877094629e+00, 5.133585076284445e+00, -3.217584894338362e-03, 1.000906083958881e+00, -1.291340722257124e-03
910, 5.973237740483434e+00, 4.849140340960711e+00, -3.404362557589900e-03, 1.001277474465947e+00, -1.786520463822373e-03
911, 9.688722908142161e+00, 2.714341265684516e-01, -2.363313009726171e-03, 9.930918533421906e-01, 1.000840417409358e-03
912, 8.250172586776733e+00, 1.545480367095998e+00, -9.192101457606992e-04, 9.910076669065392e-01, -4.937070001601071e-03
913, 8.602394418299419e+00, 1.904939771403212e+00, -1.068258045491431e-03, 9.944313538053192e-01, -4.893451407948203e-03
914, 8.753362233993933e+00, 1.553050990911406e+00, -1.454493722385020e-03, 9.913065106188221e-01, -5.091629961407425e-03
915, 9.093822457214744e+00, -4.191288131939108e-01, -1.867288202128474e-04, 9.993366467720060e-01, 1.998678332248635e-04
916, 9.356901695431581e+00, -1.618328996807095e-01, -6.589160777006502e-04, 9.962164522927363e-01, 7.200998719263199e-04
917, 9.398873078524726e+00, -4.434966236543770e-01, 4.074679271844880e-05, 1.000120201528274e+00, 1.014368022428368e-03
918, 9.061691423213668e+00, -5.369050880384123e-02, -6.114627184597887e-04, 9.938474844656005e-01, -6.115027844825157e-04
919, 8.750920936985843e+00, 2.261242024018979e-01, -9.998246805105176e-04, 9.902701504385090e-01, -1.818404180006458e-03
920, 9.011451861528265e+00, 3.938368139166390e-01, -6.987586264672618e-04, 9.895917304852175e-01, -1.677511068265455e-03
921, 9.659675144829215e+00, -6.567769847931798e-01, 1.038378749511760e-03, 1.002323668800982e+00, 2.690427441925962e-03
922, 9.698765411565974e+00, -3.044932859798286e-01, -5.064313791118241e-04, 9.984850722311466e-01, 2.959175538162903e-03
923, 9.791147653514402e+00, -1.230868659416178e+00, 2.747957341566317e-03, 1.006535031827979e+00, 1.704611679801199e-03
924, 9.712403041030395e+00, -9.796502130663595e-01, 1.315137561833706e-03, 1.005038910480453e+00, 2.298277831355264e-03
925, 8.638616530691197e+00, -1.287504319401069e+00, 1.580218350945767e-03, 1.009201418629659e+00, -1.858026058735881e-03
926, 8.964588314008719e+00, -1.450703179172128e+00, 2.359800930975204e-03, 1.008964963180814e+00, -1.197207813419054e-03
927, 9.704239327839192e+00, -1.483629407970608e+00, 2.843737066964683e-03, 1.007419957340023e+00, 4.259619653954861e-04
928, 9.522152562636167e+00, -1.208234775675961e+00, 2.143180592453599e-03, 1.007246168649702e+00, 5.410219913601494e-04
929, 9.287773675301866e+00, -7.984267129884132e-01, 1.245079402068469e-03, 1.004371510841579e+00, 7.327041507425424e-04
930, 8.928316873825644e+00, -1.049807950190911e+00, 1.132403194327714e-03, 1.007293891679263e+00, -9.032766443870127e-04
931, 8.878651101759512e+00, -6.563568683346577e-01, 8.737383910260792e-04, 1.003323660818283e+00, -8.114641590990191e-04
932, 5.127102416762447e+00, -5.599655065149231e+00, 6.309435380145854e-03, 1.000640188393912e+00, -5.998017920334446e-04
933, 5.099494518845757e+00, -5.268389250102214e+00, 6.244117287734476e-03, 1.000668266401667e+00, -1.102243476894980e-03
934, 3.953373295890654e+00, -5.039007875619228e+00, 7.879757484251650e-03, 9.990371812958552e-01, -1.556066991735830e-03
935, 4.406054570115798e+00, -5.252408003754549e+00, 7.173712259498831e-03, 9.996880887134354e-01, -1.266499932151083e-03
936, 4.124704412499150e+00, -5.446356012008994e+00, 7.699605780278710e-03, 9.991129762964948e-01, -8.923917680729442e-04
937, 4.147421337973206e+00, -4.603709095295816e+00, 7.615211187683986e-03, 9.993624261925370e-01, -2.234863533438297e-03
938, 4.008888072486083e+00, -4.107518537690436e+00, 7.556770067120355e-03, 9.991357351022326e-01, -3.097911962368898e-03
939, 4.438735884554441e+00, -4.341873316906502e+00, 7.142574903377262e-03, 9.998952290608148e-01, -2.650003438134782e-03
940, 2.856370520167023e+00, -5.690752929862720e+00, 9.363370298275235e-03, 9.968933514378691e-01, -4.942667815749732e-04
941, 4.065724493965156e+00, -3.106835454196160e+00, 7.321301257990776e-03, 9.991470525148892e-01, -4.931976815485560e-03
942, 3.584062878339345e+00, -2.848478000777347e+00, 7.903200935074831e-03, 9.978480887111147e-01, -5.800314037881368e-03
943, 4.006102472667146e+00, -2.659997641815679e+00, 7.007228134061889e-03, 9.987064948467413e-01, -5.955070736506301e-03
944, 2.036214499194782e+00, -5.738049332392575e+00, 1.043979027043712e-02, 9.956187239511320e-01, -3.739262512259058e-04
945, 2.431871282863981e+00, -5.576305126455281e+00, 9.937600651322057e-03, 9.964990394618203e-01, -6.126603378891577e-04
946, 2.792866880667144e+00, -4.777772154892789e+00, 9.510587852417754e-03, 9.970783147553075e-01, -1.849223449076936e-03
947, 3.236828568688765e+00, -4.890894216146678e+00, 8.952813673291411e-03, 9.978105329399697e-01, -1.728718395665260e-03
948, 3.163047642398956e+00, -5.188205098840862e+00, 9.078202242412393e-03, 9.976724463678279e-01, -1.305013533787908e-03
949, 1.906633049964099e+00, -4.931966369473948e+00, 1.081307342470306e-02, 9.957132027446257e-01, -1.391035521700063e-03
950, 1.424353784011445e+00, -5.164509796137855e+00, 1.114441057617479e-02, 9.953455764626199e-01, -8.675940068336470e-04
951, 1.620415084846826e+00, -4.659402069673211e+00, 1.108606622529992e-02, 9.951128823810842e-01, -1.588303727911861e-03
952, 1.605229176173334e+00, -5.626765913909990e+00, 1.084163152624679e-02, 9.953147669131233e-01, -3.620963890790197e-04
953, 1.994332893023372e+00, -5.357662701062377e+00, 1.053065358154944e-02, 9.961034836960203e-01, -8.809469519970201e-04
954, 1.165825660575618e+00, -5.627793224281292e+00, 1.120973628994321e-02, 9.949179369791088e-01, -3.115379503445316e-04
955, 1.024020630412583e+00, -5.582782216314906e-02, 6.775267879896947e-02, 9.343583297679475e-01, -3.160592692915097e-02
956, 1.029247308978573e+00, -6.512401940176105e-02, 5.436853616260760e-02, 1.016002725701895e+00, -5.355793684743093e-02
957, 1.022271238514738e+00, -6.440112125292578e-02, 8.474859600085283e-02, 1.009637378497160e+00, -6.188517538608625e-02
958, 1.051844785470195e+00, -1.077956934541642e-01, 5.820727665084227e-02, 9.888106662536127e-01, -3.556461743540540e-02
959, 1.033756800179433e+00, -1.103985582744332e-01, 6.263014953608337e-02, 9.866467035363933e-01, -3.010906212393860e-02
960, 1.039166299557398e+00, -9.493101921378176e-02, 6.145614348580896e-02, 9.838661534577147e-01, -3.502215128327273e-02
961, 2.327394222595332e+00, -3.995735080084029e-01, 9.746156234514617e-03, 1.011976965805844e+00, -2.047263041093929e-02
962, 2.145759841830422e+00, -7.094449934253342e-01, 1.012849450761108e-02, 1.006461321412415e+00, -2.173677378492112e-02
963, 2.044206381477149e+00, -4.182149320889395e-01, 1.229908316535615e-02, 1.016480983631127e+00, -2.594045171487724e-02
964, 1.156436195284981e+00, 4.964400851438190e-02, 2.401822639308270e-02, 8.636875717683935e-01, -7.029041324824885e-02
965, 1.132266669486782e+00, 8.345059886896442e-02, 1.626753637477731e-02, 8.760514299164230e-01, -7.772205595184198e-02
966, 1.174227831378190e+00, 8.064156878339107e-02, 1.842481991971550e-02, 8.792366356881793e-01, -7.083425581579654e-02
967, -9.868417940755082e-01, 8.794237476920222e-02, 9.328143280755988e-03, 9.922743081509277e-01, 3.167474661736221e-02
968, -8.250919628808562e-01, 1.536717398475624e-01, 1.007169473220257e-02, 9.926504496984875e-01, 3.830974444922383e-02
969, -8.489429229688950e-01, 1.932792538086674e-02, 1.476027380958604e-02, 9.879029484266584e-01, 3.524788339181974e-02
970, -9.532271845685971e+00, 1.269229380975748e+00, 1.343220691567310e-03, 1.000281185299966e+00, 3.140035370024947e-04
971, -9.384422206171887e+00, 1.546949793528083e+00, 1.142463201906475e-03, 1.000265882142334e+00, 4.156219301956275e-04
972, 3.052380441693731e+00, 1.848967011753336e+00, -6.223256838237323e-03, 1.008137127589626e+00, -1.033209560070952e-02
973, 2.946536757862102e+00, 1.498805712486208e+00, -5.765669153475033e-03, 1.008026281233988e+00, -1.146763237693854e-02
974, 2.633641041283727e+00, 1.664791682965503e+00, -8.129162945787839e-03, 1.009247041770211e+00, -1.235974624628302e-02
975, 9.357155393804282e+00, -1.989115943409023e+00, 2.884241251102820e-03, 1.008727003669034e+00, -2.077762819805277e-03
976, 9.484412196902690e+00, -1.740662950057999e+00, 2.023505081982738e-03, 1.008382849993545e+00, -1.066494114380284e-03
977, 9.606774022912902e+00, -2.075034544730194e+00, 3.559896597822269e-03, 1.007784912190753e+00, -1.386464407947695e-03
978, -1.044144687236150e+00, -6.189270984227223e-01, 2.006717152659511e-02, 9.835656809151659e-01, 1.759839520472111e-02
979, -9.008451817452430e-01, -8.366788554332294e-01, 2.309946881092469e-02, 9.809930040206283e-01, 1.339250122870688e-02
980, -1.167378696627850e+00, -8.987512006147210e-01, 1.862874733349682e-02, 9.849210065343554e-01, 1.330632845140230e-02
981, -4.211266972084579e+00, -5.455236685189377e+00, 8.189955250117306e-03, 9.973248603100727e-01, 5.791273723798181e-04
982, 3.757214461626988e+00, 5.058258432596619e+00, -6.516897360527162e-03, 1.005159099379293e+00, -1.695185210545090e-03
983, 4.095613208413543e+00, 5.350714370550742e+00, -6.197006605133095e-03, 1.004534052099173e+00, -1.160306146744796e-03
984, 3.330501833703382e+00, 1.595356049984098e+00, -5.489527210180769e-03, 1.007369411204406e+00, -9.880257552939241e-03
985, 3.777424551341119e+00, 1.672671799750033e+00, -4.116406980695176e-03, 1.006410026693154e+00, -8.494708777169980e-03
986, 3.477906567053165e+00, 1.219143138667630e+00, -3.149553549956236e-03, 1.001671350200720e+00, -1.194866171446159e-02
987, -2.084975378440280e+00, 5.589903919929161e+00, -7.434608850625471e-03, 1.007235556059187e+00, 6.460131200788949e-04
988, -1.644131507335849e+00, 5.641548700313933e+00, -8.034035468532610e-03, 1.007907161693161e+00, 5.197693986650881e-04
989, -2.230970306024314e+00, 1.753851770470740e+00, -5.434285413131619e-03, 1.006720915840151e+00, 1.075116492541316e-02
990, -1.834727012329323e+00, 1.633066023380802e+00, -6.896879481374146e-03, 1.008707021913959e+00, 1.284878303440623e-02
991, -2.177411887287799e+00, 1.312931673337950e+00, -3.738283661320955e-03, 1.005717288368477e+00, 1.309515495819561e-02
992, 7.988130228741542e+00, 5.663903345094998e+00, -1.302367640392754e-03, 9.988071853876443e-01, -4.607889396101531e-04
993, 7.599908042240260e+00, 5.540992843460883e+00, -1.634640154941834e-03, 9.992486053157010e-01, -6.479711372735287e-04
994, 5.797988260940947e+00, -2.105113779006757e-01, 8.470082771319244e-04, 9.927565034156339e-01, -6.790423460918986e-03
995, 6.228104749439728e+00, -3.432970243013309e-01, 1.678984503596021e-03, 9.972648331996080e-01, -5.503707252710701e-03
996, 5.812302362414366e+00, -6.340101545224544e-01, 6.811163952755121e-04, 1.004530095990986e+00, -6.488053360966098e-03
997, -6.803954698303107e+00, -3.382203056836896e+00, 5.259923148929222e-03, 9.995758709498184e-01, 1.483854462223847e-03
998, -7.193143941853136e+00, -3.077760293196344e+00, 4.833737368270938e-03, 9.997490493316531e-01, 1.419036982470296e-03
999, -6.897213262673096e+00, -2.908756813500928e+00, 4.955598993910819e-03, 9.996145810424847e-01, 1.680253247214047e-03
1000, -8.017189759605243e+00, -4.919283408606835e+00, 5.175232819905259e-03, 1.000028227608208e+00, 3.725060553990805e-04
1001, -7.565225461047244e+00, -4.883035146349297e+00, 5.358364178163533e-03, 9.998582052308731e-01, 4.538228820473049e-04
1002, -7.771486895587903e+00, -5.198587557523113e+00, 5.282658332705737e-03, 9.998808147678578e-01, 3.083298364402694e-04
1003, 2.437115952470166e+00, -1.980565982127470e+00, 1.041158565655784e-02, 9.934031205188393e-01, -8.554287388075793e-03
1004, 2.878153437662600e+00, -1.768197773501553e+00, 1.020646007952357e-02, 9.963735865654972e-01, -9.603930510270477e-03
1005, 2.617305346640193e+00, -2.288636901793681e+00, 9.727611264599728e-03, 9.945011833584922e-01, -7.606754350889288e-03
1006, 9.819181778390174e+00, -9.108691816533017e-05, -2.481213459451237e-03, 9.957524018304368e-01, 2.561531568557073e-03
1007, 5.561799106230663e+00, 1.799880965895555e+00, -1.056722114084997e-03, 9.997690843935010e-01, -6.973082621886573e-03
1008, 5.179963578520948e+00, 2.143437344767481e+00, -2.174097777656295e-03, 1.003895676102228e+00, -6.160079934860689e-03
1009, 5.550762851061473e+00, 2.377188042523375e+00, -2.744468786229040e-03, 1.003382206292683e+00, -5.249581906506040e-03
1010, 1.609823536545063e+00, 5.593466300690491e+00, -9.563207017077517e-03, 1.008665737580747e+00, -4.184400797502752e-04
1011, 9.826870729351660e-01, 3.848298648566051e-01, -3.333526413917669e-02, 1.022655266515017e+00, -6.715901073726360e-02
1012, 1.067969087651483e+00, 3.636769015970581e-01, -1.907985966071922e-02, 1.008420424990059e+00, -6.623219397750132e-02
1013, 1.007006221092348e+00, 3.077624326881461e-01, -2.673156641085553e-02, 1.002658035602292e+00, -7.754142250008915e-02
1014, -4.620744277496093e-01, -5.007644639000442e+00, 1.186946594763019e-02, 9.941723931314612e-01, 7.378182928754941e-05
1015, -8.343494062424921e-01, -5.295161779866380e+00, 1.171187917055484e-02, 9.943748998379769e-01, 2.505941008465586e-04
1016, 8.841723369174263e-02, -1.789705436037713e-01, 7.334247652897630e-02, 9.329524174117552e-01, -6.481842784679608e-02
1017, 7.796523819871481e-02, -2.345654030456613e-01, 6.963936078051026e-02, 9.371255314615672e-01, -4.576550697791915e-02
1018, 4.828795811457950e-02, -2.043296210145802e-01, 7.837981248841530e-02, 9.233548209484387e-01, -4.683193315331817e-02
1019, 4.515567615826782e+00, -1.328677630589767e+00, 5.526302250118360e-03, 1.009907354311505e+00, -1.000856557471116e-02
1020, 4.544415153036489e+00, -1.739620899893495e+00, 4.682693782454055e-03, 1.004441393091451e+00, -8.532399735063213e-03
1021, 4.114154391589982e+00, -1.752163911935260e+00, 5.759450587946659e-03, 1.002754384228959e+00, -8.848297139234206e-03
1022, 1.960140553907266e+00, 1.341833078851963e+00, -1.231167835149536e-02, 1.012567726346238e+00, -1.696078886493371e-02
1023, 2.417176700766720e+00, 1.202536892047118e+00, -7.020925086356991e-03, 1.009502441354883e+00, -1.505525364553248e-02
1024, 2.079599246611842e+00, 9.713992772977442e-01, -9.430049648200029e-03, 1.010195588086548e+00, -1.862632359803447e-02
1025, -2.564125646701643e+00, 1.104689301572435e+00, -1.488227130357101e-03, 1.003527928063396e+00, 1.192876248194071e-02
1026, -2.917153187208850e+00, 8.535030208212998e-01, 2.263484734034302e-04, 1.002011858900616e+00, 1.059463944336846e-02
1027, -3.131346546307686e+00, -1.907588996810858e+00, 8.745470872932789e-03, 9.955092359328251e-01, 6.082774494745585e-03
1028, -2.813530165183930e+00, -1.689572007868537e+00, 9.392451821132044e-03, 9.948605551266062e-01, 7.020007978765637e-03
1029, -2.796917969664205e+00, -2.050197295836211e+00, 9.882371219860261e-03, 9.945429153112876e-01, 5.987256986034788e-03
1030, -9.581871180658514e+00, -3.334504404968150e-01, 2.547090017208172e-03, 1.000313768560296e+00, 3.077524729059124e-04
1031, -5.502174647734451e+00, -1.753228832654055e-02, 2.748718113304834e-03, 1.000039579679298e+00, 4.423111732010870e-03
1032, -5.348781226786431e+00, -3.900671721060970e-01, 3.388413796401190e-03, 9.996745518926121e-01, 4.547239873415711e-03
1033, -5.689147153636894e+00, -4.190417907290968e-01, 3.160036843470591e-03, 9.998056107528213e-01, 4.018581390758781e-03
1034, -3.155337897230063e+00, -4.275780684835294e+00, 9.509636672962960e-03, 9.958686127051372e-01, 1.842200135080267e-03
1035, -3.334343295399432e+00, -3.886310289138378e+00, 9.376937812057826e-03, 9.959636860070791e-01, 2.403347554132073e-03
1036, -3.001184307009440e+00, -3.822490902006294e+00, 9.703882620303146e-03, 9.955108503900414e-01, 2.460533534859711e-03
1037, -4.682023163282361e+00, -5.213806213538793e+00, 7.600079057374992e-03, 9.978233053002482e-01, 7.365756529546243e-04
1038, -3.879695609783392e+00, 1.340321115082251e+00, -4.147336250393641e-04, 1.002061582652743e+00, 7.121401726998909e-03
1039, -3.991526505819847e+00, 9.408924924144099e-01, 8.371716741738816e-04, 1.001254745511400e+00, 7.146862817994491e-03
1040, -4.225715160740321e+00, 1.248286977841347e+00, 1.980780463847964e-04, 1.001626605539515e+00, 6.473837328203552e-03
1041, -3.853234234285227e+00, -1.765878505089603e+00, 6.955882294172163e-03, 9.970401662461192e-01, 5.476248021704803e-03
1042, -3.518601769799379e+00, -2.142741752292177e+00, 8.143541049418687e-03, 9.962058276479182e-01, 5.214785309884624e-03
1043, -3.874645188727777e+00, -2.217493595539816e+00, 7.694058496711702e-03, 9.967967295885620e-01, 4.785367729406524e-03
1044, -4.469148917155394e+00, 5.347017907686353e+00, -3.768513130917435e-03, 1.003527895938231e+00, 8.633452539388562e-04
1045, -3.734186136699400e+00, 3.711363389457718e+00, -4.083927188351898e-03, 1.004457809074854e+00, 3.631764822758937e-03
1046, -3.569339596491323e+00, 3.362493561194871e+00, -4.181971226355769e-03, 1.004590817931450e+00, 4.378245154029028e-03
1047, 6.316350311961345e+00, -3.587956743008359e+00, 4.479193996913722e-03, 1.002434573920854e+00, -2.845292121977794e-03
1048, 5.942616422055378e+00, -3.261581847854674e+00, 4.626059349360690e-03, 1.002134906385388e+00, -3.439403224058002e-03
1049, 6.445152031951517e+00, -3.214506127621074e+00, 3.997378564051682e-03, 1.002795824496029e+00, -3.280820139448389e-03
1050, 4.081371225752653e+00, -5.758986527584147e+00, 7.657332765875417e-03, 9.987846510021571e-01, -4.395143028917671e-04
1051, -8.173654015736464e+00, 1.323450961446718e+00, 1.225256607032867e-03, 1.000372622534520e+00, 1.327871601161181e-03
1052, -8.577350989159614e+00, 1.345347535910992e+00, 1.240143626475575e-03, 1.000348867698743e+00, 1.026341102184457e-03
1053, -8.216378184000440e+00, 1.738472672703668e+00, 9.664326836445385e-04, 1.000418023283975e+00, 1.253461560683754e-03
1054, 3.274426605012047e+00, 5.621710448495092e+00, -7.410834909379483e-03, 1.006340941505833e+00, -6.722108045419963e-04
1055, 3.829661394844412e+00, 2.059603033444953e+00, -4.316005355762021e-03, 1.006947224391584e+00, -7.568747663847079e-03
1056, 4.245370750719972e+00, 1.838108709414391e+00, -3.641097775518683e-03, 1.005147225419388e+00, -7.562325659434726e-03
1057, -2.289034972366204e+00, -5.601799969779014e+00, 1.024598423394988e-02, 9.952859677837788e-01, 3.883378029230227e-04
1058, -2.236127679916825e+00, -2.519693657882713e+00, 1.150835597960170e-02, 9.931917851566483e-01, 4.846468408051888e-03
1059, -2.429536635630885e+00, -2.175939285414342e+00, 1.086935166345040e-02, 9.934907199746408e-01, 5.828984355121860e-03
1060, -2.065597683526399e+00, -1.982774787543925e+00, 1.218397783032731e-02, 9.923013082862737e-01, 6.417054502769855e-03
1061, -2.453137791496210e+00, -1.147807335250649e+00, 9.781735202089423e-03, 9.940951976296440e-01, 9.236958492488394e-03
1062, -2.233965326002409e+00, -1.562432643035558e+00, 1.123729451637245e-02, 9.929058576007430e-01, 8.013408693867801e-03
1063, -2.536874707390585e+00, -1.469218700252877e+00, 1.009199287576149e-02, 9.941561097587789e-01, 7.943411703920555e-03
1064, -7.575528956044510e-02, -3.223856110284976e-01, 6.619987583359170e-02, 9.378717739629732e-01, -5.799536804758232e-03
1065, -1.275192527469962e-02, -3.180915054364684e-01, 6.842249231033787e-02, 9.382496999420545e-01, -1.537613898139478e-02
1066, -3.133918762403774e-02, -3.719815363691125e-01, 5.802638435689918e-02, 9.449021032947743e-01, -1.223071132660653e-02
1067, 1.396010612558055e-01, 3.931791193094059e-01, -1.245997329902440e-01, 1.120030462539131e+00, 4.503172701007304e-02
1068, 2.001858219378504e-01, 3.457616918054334e-01, -1.537311473762878e-01, 1.142370459709755e+00, 2.952634650302700e-02
1069, 1.614293364003761e-01, 3.225871514422920e-01, -1.645778268591402e-01, 1.145237639001395e+00, 4.876016488300706e-02
1070, -3.454766310426812e-01, 4.017348753922285e+00, -1.120405930197662e-02, 1.011195927722390e+00, 1.403134562811527e-03
1071, -8.236325410456015e-01, 3.712662304009648e+00, -1.096258384798230e-02, 1.010976873261283e+00, 2.813690048726887e-03
1072, -8.016802248086328e-01, 4.138986243787616e+00, -1.041701955257201e-02, 1.010436301199111e+00, 2.069389988679726e-03
1073, -7.109075810027605e+00, 1.393894216766112e+00, 1.035619432474680e-03, 1.000548495291532e+00, 2.268846348480665e-03
1074, -6.939108255084473e+00, 1.822561249422144e+00, 6.141775295456735e-04, 1.000716824531686e+00, 2.321752527831380e-03
1075, -6.738202423000268e+00, 1.361974608068904e+00, 9.877651694093809e-04, 1.000650365359869e+00, 2.672244932239993e-03
1076, -8.436276423348541e+00, 7.300983573854894e-01, 1.758749033634816e-03, 1.000319736530650e+00, 1.210494679605693e-03
1077, -7.975622035911381e+00, 9.055433830218871e-01, 1.578427300463014e-03, 1.000379039452538e+00, 1.532694702902690e-03
1078, -8.054153209233945e+00, 5.301783425980749e-01, 1.874609388105659e-03, 1.000322839626849e+00, 1.500824850198699e-03
1079, 5.459167382407405e+00, 2.031796982159048e-01, 8.151088060097282e-04, 9.824230736072194e-01, -7.892211322672342e-03
1080, 5.262369032550651e+00, 5.970189158328590e-01, -8.982509801604377e-04, 9.792364744726202e-01, -9.892148266024388e-03
1081, 5.597136868102127e+00, 5.537206744380062e-01, -1.011197701777573e-04, 9.800575899648427e-01, -8.772207941302556e-03
1082, 4.644925743041993e+00, 9.810957308661925e-01, -6.527883599255252e-04, 9.865506910770822e-01, -1.118888575225398e-02
1083, 4.414001809400251e+00, 1.425975185160382e+00, -1.977111415880612e-03, 9.984958193561581e-01, -9.802712519868882e-03
1084, 2.706450115191362e+00, 2.066145995358583e+00, -9.126394566523062e-03, 1.009031303299533e+00, -1.041288261838912e-02
1085, 2.512090617311373e+00, 2.933466796229057e+00, -9.848179690282644e-03, 1.009105196309238e+00, -6.830640479112630e-03
1086, 2.133572707235256e+00, 3.356213625767774e+00, -1.036380310220436e-02, 1.010080321400133e+00, -5.110023650166346e-03
1087, 2.450375527648181e+00, 3.434213686271970e+00, -9.809784584711783e-03, 1.009139878203269e+00, -5.115054368498284e-03
1088, 3.742308046542090e+00, 3.631588133773826e+00, -6.387100475046211e-03, 1.005308527735693e+00, -4.745871161098987e-03
1089, 3.372789986321587e+00, 3.867584699014790e+00, -7.325497898572177e-03, 1.006156861824344e+00, -4.304413456541005e-03
1090, 3.702505117425461e+00, 4.081801200600724e+00, -6.651325027500392e-03, 1.005477121082674e+00, -3.741218941315154e-03
1091, 9.561927464179696e-01, -5.393242259957175e-02, 7.962755915455313e-02, 9.848910419375196e-01, 3.499901639212753e-02
1092, 1.830052337915133e+00, -2.324812243387269e+00, 1.322408670335295e-02, 9.922171363983576e-01, -7.145759993102893e-03
1093, 1.448585883543672e+00, -2.675892243607680e+00, 1.410300959979655e-02, 9.917352900889083e-01, -5.267092815197558e-03
1094, 1.537074482866992e+00, -2.066883114169546e+00, 1.484199269735607e-02, 9.906008912402074e-01, -7.715706921270096e-03
1095, -3.315033785162527e+00, 2.196530627425250e+00, -3.136450779019255e-03, 1.004256821605724e+00, 7.073014026682292e-03
1096, -2.859532536735119e+00, 2.364270284025206e+00, -4.478615229437192e-03, 1.005647028461714e+00, 7.308937845828521e-03
1097, -2.891236205233406e+00, 1.874200363379950e+00, -3.335682801760976e-03, 1.004624697609926e+00, 8.603480334214883e-03
1098, -5.568438187690709e+00, 1.674065406490366e+00, 2.380172644422275e-04, 1.001216986500341e+00, 3.916596057029924e-03
1099, -6.001548296112859e+00, 1.955696381806663e+00, 1.052096676027165e-04, 1.001127305441632e+00, 3.257422584549757e-03
1100, -5.525219417446914e+00, 2.089001951197158e+00, -2.787050557772155e-04, 1.001492365622659e+00, 3.769353340336722e-03
1101, -2.517028531234375e+00, 4.666632708549705e+00, -6.878337949982266e-03, 1.006693586741835e+00, 2.149863405627137e-03
1102, -2.359922048632758e+00, 2.515074151310354e+00, -6.229722433607576e-03, 1.007308518283727e+00, 7.623511268203123e-03
1103, -2.608978989552237e+00, 2.823360526363657e+00, -5.976359575463559e-03, 1.006697855250841e+00, 6.428718742337426e-03
1104, -7.928786690194994e+00, -2.969858520723365e+00, 4.461914476067644e-03, 1.000078293000796e+00, 1.034256967078779e-03
1105, -7.788441670820053e+00, -2.662866514921739e+00, 4.362235292240359e-03, 1.000019201635036e+00, 1.223806570617919e-03
1106, -7.573331859991388e+00, -3.107928404269785e+00, 4.719651259191221e-03, 9.999674083407821e-01, 1.209960272617944e-03
1107, -8.215344523493766e+00, -9.100498722462580e-01, 3.009954179133641e-03, 1.000199604590976e+00, 1.283580017158238e-03
1108, -8.262772063224052e+00, -4.929595441349829e-01, 2.764437835700782e-03, 1.000272652120055e+00, 1.334835181992699e-03
1109, -7.898494516708462e+00, -8.439529446084364e-01, 3.060323619104922e-03, 1.000183298787712e+00, 1.584732176246014e-03
1110, 2.248120654330231e+00, -4.601744570153795e+00, 1.039950879066628e-02, 9.959901985618409e-01, -2.043235306172577e-03
1111, 2.246838557038257e+00, -4.200796358146066e+00, 1.056353215878275e-02, 9.957657609086555e-01, -2.705092147903924e-03
1112, 2.512268288109578e+00, -4.393201993983356e+00, 1.023239868414698e-02, 9.962624592558660e-01, -2.483606575999857e-03
1113, 7.395186311126496e+00, -1.876172437787575e+00, 2.475790155286005e-03, 1.009423725312916e+00, -3.977457149373427e-03
1114, 7.947327492540281e+00, -1.998721745613368e+00, 2.402442710024700e-03, 1.009100370488354e+00, -3.474186233403284e-03
1115, 7.616757903079789e+00, -2.270635740367779e+00, 2.565383742378275e-03, 1.007381259105200e+00, -3.562267243402298e-03
1116, 9.756297345703718e+00, -1.829364693308486e+00, 3.279678596336290e-03, 1.007864644697886e+00, -6.266439928875739e-04
1117, 7.142320259066899e+00, -1.395065351232502e+00, 2.235202561886479e-03, 1.010601726385717e+00, -4.456454668706485e-03
1118, 6.911245868357796e+00, -1.746586635158147e+00, 2.338553678558136e-03, 1.009986002464067e+00, -5.240734449986450e-03
1119, 6.663676322096843e+00, -1.525120302530469e+00, 2.541394010151125e-03, 1.010564149615421e+00, -5.628021453509669e-03
1120, 4.610625904430641e+00, -2.158283131657131e+00, 5.577180391296318e-03, 1.001660691680444e+00, -6.995531065006944e-03
1121, 4.913675877691153e+00, -1.873036155383710e+00, 4.894956280778316e-03, 1.004467150275754e+00, -7.540228218526078e-03
1122, 1.095019424091843e+00, -1.795541331138896e+00, 1.785101539430064e-02, 9.875921724859253e-01, -7.469112692548578e-03
1123, 1.104007671442845e+00, -1.478789393676687e+00, 1.880558864944915e-02, 9.861831546373818e-01, -9.252111231000410e-03
1124, -6.022858909472735e+00, 1.288675422407539e+00, 8.726043385200515e-04, 1.000838058233354e+00, 3.551295819505615e-03
1125, -5.692889967517044e+00, 9.263453355726595e-01, 1.321474267538742e-03, 1.000663217634881e+00, 4.073991446582349e-03
1126, -6.203186406882070e+00, 9.555367378216632e-01, 1.388557681651217e-03, 1.000606739103294e+00, 3.402279181876126e-03
1127, -6.470961657925250e+00, 3.383317248271510e+00, -9.374483782620478e-04, 1.001284848328080e+00, 1.945498011312831e-03
1128, -6.796825024017862e+00, 3.095703321274853e+00, -4.905918563407808e-04, 1.001029868575168e+00, 1.886355653960370e-03
1129, -6.819585722685539e+00, 3.482690404923183e+00, -7.232931913381508e-04, 1.001079814204587e+00, 1.665857340390971e-03
1130, 9.660021777342070e+00, 1.080324930025859e+00, -1.991932662873128e-03, 9.905186078633484e-01, -3.780745472635303e-03
1131, -8.986018837965232e-01, 2.459847465332740e+00, -1.394047764752606e-02, 1.014359286442282e+00, 7.347168689371066e-03
1132, -8.744570296601868e-01, 2.908818627259419e+00, -1.257923553925000e-02, 1.013037600079003e+00, 5.321583884708211e-03
1133, -6.488046623609725e-01, 2.640876812156991e+00, -1.422166515030956e-02, 1.015081327729571e+00, 5.561371905444573e-03
1134, -2.304306828298640e-01, 5.753980848351521e-02, 4.671518010505538e-02, 9.458215934610925e-01, 9.933001828401083e-02
1135, -1.916901813364287e-01, 8.138472876626576e-02, 4.514909286163647e-02, 9.467199545377779e-01, 1.208208378038388e-01
1136, -1.749727441252588e-01, 4.624133452297596e-02, 6.845224207314692e-02, 9.234588747448604e-01, 1.174661343438416e-01
1137, -7.554180065160494e+00, 4.621777197653428e+00, -8.601043420038634e-04, 1.000768466631118e+00, 7.028510082873954e-04
1138, -7.482537277071968e+00, 4.924286637255676e+00, -1.028713623812822e-03, 1.000800284406479e+00, 5.643640300057247e-04
1139, -5.562690239807880e+00, 5.663892029577811e+00, -2.520136485608169e-03, 1.002327380501343e+00, 3.425475419426597e-04
1140, -2.019912655541044e+00, 3.608092793939244e+00, -7.869630054089286e-03, 1.008244094385776e+00, 4.359118049284986e-03
1141, -1.612630854951228e+00, 3.548848502622614e+00, -9.079276414599506e-03, 1.009335180627560e+00, 4.389337245189511e-03
1142, -2.003590163382667e+00, 3.238175945671879e+00, -8.053927630915645e-03, 1.008437010481285e+00, 5.402617376031941e-03
1143, -1.261533586772409e+00, 5.402439595044637e+00, -8.721006894829655e-03, 1.008242247139290e+00, 7.657008468015339e-04
1144, -8.392180744908880e-01, 5.242969785119239e+00, -9.327277388912069e-03, 1.008784557987903e+00, 8.066733402885617e-04
1145, 6.683440861238547e+00, -5.139115630045346e+00, 4.430912745974648e-03, 1.002785591750234e+00, -9.993956128665181e-04
1146, 6.254250711994764e+00, -4.897498807342740e+00, 5.009004532552600e-03, 1.002412168160614e+00, -1.371345491278531e-03
1147, 6.642546291967767e+00, -4.748084451217478e+00, 4.385828645279838e-03, 1.002848136899242e+00, -1.464198274886601e-03
1148, 5.958083397754843e+00, -5.261861487440065e+00, 5.170593672814885e-03, 1.001900936870499e+00, -9.931584928112892e-04
1149, 3.261654746519325e+00, -5.572667766504796e+00, 8.821099487770667e-03, 9.977206569197316e-01, -6.736671746311020e-04
1150, 3.235571597889174e+00, -3.623189885300433e+00, 8.925281789147454e-03, 9.975087881349141e-01, -4.175372989416951e-03
1151, 3.201890309866307e+00, -4.110172107956735e+00, 9.026787532674980e-03, 9.974939918684508e-01, -3.207362329865741e-03
1152, 2.894993939852446e+00, -3.931803218040025e+00, 9.523300723487156e-03, 9.968478504589894e-01, -3.560742468649550e-03
1153, 6.654067342751002e+00, -2.678413418060029e+00, 3.539442121520127e-03, 1.004281290666941e+00, -3.881252665481822e-03
1154, 6.168104576231210e+00, -2.928715199771045e+00, 4.190326231014550e-03, 1.002730366421028e+00, -3.919509506594003e-03
1155, 6.389706928667913e+00, -1.040237666276893e+00, 2.500131445090711e-03, 1.009919070295109e+00, -6.103606684153567e-03
1156, 6.185098279874475e+00, -7.271036121444485e-01, 1.792806937515330e-03, 1.006191738979377e+00, -6.098819109278260e-03
1157, 6.565750125924088e+00, -7.373635217598037e-01, 1.744220763838302e-03, 1.005281595505232e+00, -4.960181583860655e-03
1158, 9.733946788639715e+00, -2.781779535919202e+00, 2.305985404476349e-03, 1.006650527830039e+00, -2.121989156362422e-03
1159, 9.665243292660556e+00, -3.085724110704061e+00, 2.161291089687893e-03, 1.006057408998776e+00, -1.881041713722086e-03
1160, 6.883261076297601e+00, -3.062770197356794e+00, 3.770173468000321e-03, 1.003693959143995e+00, -3.166600252275116e-03
1161, 6.779386683139492e+00, -3.480394849232492e+00, 3.912485075166432e-03, 1.003018034195403e+00, -2.742908547236996e-03
1162, -7.162750439070369e+00, 2.607313452578494e-01, 2.123992130254690e-03, 1.000312472411198e+00, 2.365414148781244e-03
1163, -7.174962880919752e+00, 7.251998009279612e-01, 1.690300851081766e-03, 1.000382632103968e+00, 2.333248059198299e-03
1164, -6.856435912228063e+00, 5.305412415370625e-01, 1.881102190181123e-03, 1.000362809022793e+00, 2.704677421480900e-03
1165, -5.060019180499832e+00, -1.788554514714973e+00, 5.416936489757397e-03, 9.985503539079891e-01, 4.001461431295822e-03
1166, -4.844732439721795e+00, -2.143114780659601e+00, 6.040897639080534e-03, 9.982278378008322e-01, 3.900997555753857e-03
1167, -5.271333432412867e+00, -2.064032356872158e+00, 5.514681521465308e-03, 9.986666424787565e-01, 3.492813002231451e-03
1168, -3.608789462540495e+00, -5.386024525729337e+00, 9.025664222282188e-03, 9.966293626448132e-01, 6.325164016868757e-04
1169, -2.859305444976644e+00, -3.460082223851709e+00, 1.009994354258150e-02, 9.951411507290114e-01, 3.003157186745316e-03
1170, -2.611737036494474e+00, -3.809929631524528e+00, 1.040482197667672e-02, 9.949054770415442e-01, 2.379975516087896e-03
1171, -5.804696269158941e+00, -3.441754984067014e+00, 5.988148338247999e-03, 9.988608375529807e-01, 1.968131895946460e-03
1172, -6.082540474680338e+00, -3.171130370338302e+00, 5.684293820147223e-03, 9.990690493658769e-01, 2.037308995777954e-03
1173, -5.771886883936008e+00, -3.105883508906323e+00, 5.910516627466347e-03, 9.988348560757083e-01, 2.261110708657820e-03
1174, -3.468342856737164e+00, -1.063351794263593e+00, 6.417278213724347e-03, 9.971721658146884e-01, 7.214688998305945e-03
1175, -3.086897734758498e+00, -1.409540628112329e+00, 8.257407956756297e-03, 9.958740461931517e-01, 7.246960253078203e-03
1176, -3.437576354875282e+00, -1.635368174482262e+00, 7.895069180768429e-03, 9.963631217552695e-01, 6.315542579019799e-03
1177, -4.713065545562989e+00, -2.162704370493730e-01, 3.312115874955301e-03, 9.995588703320500e-01, 5.615311519711823e-03
1178, -4.291364486448956e+00, -1.530082851451683e-01, 3.490767233322340e-03, 9.994526762844334e-01, 6.547965651597560e-03
1179, -4.443391061515807e+00, -4.550189138891650e-01, 4.000719652501074e-03, 9.990876195117270e-01, 6.115795524992101e-03
1180, 9.742158125488315e+00, 4.407706201263864e+00, 4.806680659014236e-04, 9.968038807640515e-01, -1.462004564088612e-03
1181, 9.488361818814568e+00, 4.538773117557398e+00, 2.395859670146606e-04, 9.970817859795220e-01, -1.426914891544350e-03
1182, 6.905860896258322e+00, 3.625684008458210e+00, -2.072131099326437e-03, 1.000288210038909e+00, -2.942753770388566e-03
1183, 7.374376606027798e+00, 3.649052817786823e+00, -1.833456008015020e-03, 9.997787303114782e-01, -2.781680143953364e-03
1184, 7.221504411131052e+00, 3.309688447177424e+00, -1.743706991214110e-03, 1.000406769207111e+00, -3.147772421315119e-03
1185, 5.063174433533382e+00, 3.268387482413667e+00, -3.858098269842372e-03, 1.002767811284903e+00, -4.654215042514694e-03
1186, 5.085514752003139e+00, 2.889204582747236e+00, -3.587061978855497e-03, 1.003246518904783e+00, -5.128116146948230e-03
1187, 4.729737702517554e+00, 3.063490611849026e+00, -4.309366876666860e-03, 1.003362806884653e+00, -5.274695441076336e-03
1188, 6.361798280076385e+00, 5.582986178851258e+00, -3.019453120130799e-03, 1.000844303615485e+00, -6.644034909465952e-04
1189, -1.604663213545981e+00, 4.228418584298538e+00, -8.745182054353788e-03, 1.008741555508475e+00, 2.776443430729188e-03
1190, -1.977564248316251e+00, 4.375271204727690e+00, -7.937249385200211e-03, 1.007891726111638e+00, 2.667219919727322e-03
1191, -4.280221676034387e+00, 2.311349980620054e+00, -1.675419883127435e-03, 1.002833585156945e+00, 5.172474762158742e-03
1192, -4.725028918673805e+00, 2.140467276721261e+00, -9.805717633906625e-04, 1.002181385294774e+00, 4.783549452575498e-03
1193, -4.724617653045017e+00, 2.590514781903042e+00, -1.598376385858525e-03, 1.002487491662504e+00, 4.257614440366354e-03
1194, -7.133630911460320e+00, -1.542028470664284e-01, 2.592087322259141e-03, 1.000198998541052e+00, 2.388754767722465e-03
1195, -6.844003238416633e+00, 1.393309298068362e-01, 2.331107087414741e-03, 1.000244016689541e+00, 2.663606658833427e-03
1196, -6.712424455054808e+00, -2.047940139380729e-01, 2.693020914332734e-03, 1.000143361368466e+00, 2.819336996930848e-03
1197, -7.441335465030071e+00, -4.168345604973460e+00, 5.233243161755236e-03, 9.998183477208736e-01, 8.128966915001382e-04
1198, -7.029276764860573e+00, -4.033042259530776e+00, 5.417684751014343e-03, 9.996153548288157e-01, 1.037239688602092e-03
1199, -9.770703283190683e+00, -4.855589631443637e+00, 4.728722786399485e-03, 1.000394800623770e+00, 4.285626770101812e-05
1200, -4.092679445261418e+00, -2.014082319381910e+00, 7.088826472580485e-03, 9.972002568544470e-01, 4.812016985408731e-03
1201, -5.419047565004997e+00, -4.049296989915154e+00, 6.628041421983265e-03, 9.984388202692367e-01, 1.681619282523307e-03
1202, -5.691538211654452e+00, -3.792950057896866e+00, 6.377892458556735e-03, 9.986594642619723e-01, 1.734672085014845e-03
1203, -5.331902927771869e+00, -3.641925502251880e+00, 6.547582362938085e-03, 9.984029958946690e-01, 2.075509143697607e-03
1204, -1.199195786229756e+00, -5.187926642468207e+00, 1.142365013476954e-02, 9.944236649319285e-01, 4.184004317253524e-04
1205, -1.046107658756491e+00, -4.848736266748855e+00, 1.167951469423065e-02, 9.941634994247196e-01, 4.699711679944121e-04
1206, 5.517172600793255e-01, -4.047692170352196e+00, 1.284668821964572e-02, 9.931948564029721e-01, -1.211880968728149e-03
1207, 7.200513735484581e-01, -3.672981390772271e+00, 1.329737054752255e-02, 9.926746095234369e-01, -1.873465030570316e-03
1208, 1.062679847824895e+00, -4.141863410096602e+00, 1.214519931358981e-02, 9.938687982915079e-01, -1.801412686606537e-03
1209, 2.639925923024343e+00, 5.034522179201187e+00, -8.350949595379761e-03, 1.007165945147594e+00, -1.512041326713101e-03
1210, 2.396366398630830e+00, 4.733496725863564e+00, -8.815632857392052e-03, 1.007866734904886e+00, -2.006954428058669e-03
1211, 5.545361910861256e-01, 3.984626565939978e+00, -1.184644905902439e-02, 1.011590653407651e+00, -5.269117179030759e-04
1212, 3.605300347528887e-01, 4.484244120788588e+00, -1.088939135721012e-02, 1.010633858188533e+00, 5.829369683184538e-06
1213, 7.703871335162577e+00, -7.730896563094962e-01, 1.270593217237165e-03, 1.005473797386697e+00, -3.129650838862415e-03
1214, 7.373869462209329e+00, -1.016201721614793e+00, 1.360376588123936e-03, 1.008619368117743e+00, -3.850005283631265e-03
1215, 7.284342155865526e+00, -6.692329362579442e-01, 1.788316216164627e-03, 1.004382363629592e+00, -4.048805155260184e-03
1216, 5.406819625286607e+00, -5.847469166478304e-01, 2.530277828493765e-03, 1.003292515459967e+00, -7.276756140596268e-03
1217, 5.334286896844665e+00, -1.936348839655174e-01, 1.586828507544083e-03, 9.910958442387253e-01, -7.482611767522990e-03
1218, 1.907103506241069e+00, -1.692797548401937e+00, 1.366514717849809e-02, 9.912870754788450e-01, -9.588449108128404e-03
1219, 2.381000548956337e+00, -1.604885424553919e+00, 1.130108539778912e-02, 9.935738348707407e-01, -1.018774156638623e-02
1220, 2.066873319879317e+00, -2.016043365291696e+00, 1.278753086725798e-02, 9.927188469744453e-01, -8.441729449829986e-03
1221, 2.741960788115055e+00, -3.905955718294343e-01, 8.859716230240875e-03, 1.006328369551653e+00, -1.610346362073793e-02
1222, 2.808902139196012e+00, -8.669856476131674e-01, 8.130226920855386e-03, 1.010366116649580e+00, -1.775903784311285e-02
1223, 2.453330746782203e+00, -6.688814225382936e-01, 9.242109096431146e-03, 1.012009566458305e+00, -2.194663278023910e-02
1224, -1.724839979496957e+00, 6.393198310814315e-01, -5.664360603448068e-04, 1.003046931661418e+00, 1.869978532825469e-02
1225, -1.348974287135745e+00, 6.821589121238275e-01, -2.859250087548790e-03, 1.005526669910112e+00, 2.310931186960894e-02
1226, -1.474636463691130e+00, 3.437100155926350e-01, 2.550309600625319e-03, 9.996352182718343e-01, 2.248093092422379e-02
1227, -1.161811068297342e-02, 2.092651559107622e-02, 3.819047149376232e-01, 4.992469859135295e-01, 1.007925818839042e-01
1228, -5.035717022564491e-03, 1.636170394900792e-02, 3.988362504247576e-01, 4.781409134632649e-01, 1.596037434424233e-02
1229, -1.043312261512600e-02, 1.318119357055070e-02, 3.478789819938687e-01, 5.481796651610769e-01, 2.846755685115598e-02
1230, 4.081832951925981e+00, 5.718301220855323e+00, -6.171210438788708e-03, 1.005018770019760e+00, -5.299262743229456e-04
1231, 5.672157367796003e+00, 4.293680672995323e+00, -3.670570484480297e-03, 1.001668484838977e+00, -2.737143373009357e-03
1232, 5.741148329278208e+00, 3.803242979106459e+00, -3.353627642081118e-03, 1.001627271089929e+00, -3.455097844345762e-03
1233, 5.373000427120322e+00, 4.028516972907899e+00, -3.856935674717580e-03, 1.002131024734161e+00, -3.293276328670792e-03
1234, -1.830848009422847e+00, 2.046231875052282e+00, -7.683002335029022e-03, 1.009001627378576e+00, 1.031507146086329e-02
1235, -3.028739944553008e+00, 2.293671571524321e-01, 2.929242886312876e-03, 9.996565621918876e-01, 1.040745169768026e-02
1236, -3.450342476570007e+00, 4.523055843840229e-01, 2.118923809176873e-03, 1.000424335153471e+00, 8.926695619650411e-03
1237, 9.737822155114129e+00, 8.123075679193393e-01, -3.411103951793353e-03, 9.910534353753487e-01, -1.778804758268589e-03
1238, 9.354173450485533e+00, 9.601926566583615e-01, -2.220385389684924e-03, 9.893573167377054e-01, -2.992083697995568e-03
1239, 7.254276791373396e+00, 8.508198460441658e-01, -7.419289100967540e-04, 9.840685829937382e-01, -5.951468483049551e-03
1240, 6.866661404215874e+00, 9.993070807969886e-01, -2.455537149542787e-04, 9.844910716681827e-01, -7.054396804713241e-03
1241, 7.064952679729914e+00, 1.332409056479713e+00, -9.685458281359644e-04, 9.889053265418589e-01, -6.573561797154124e-03
1242, 6.991354524116780e+00, -4.764975703695619e-01, 4.131835137260786e-04, 1.000526235855899e+00, -4.268028668235361e-03
1243, 6.668988621614765e+00, -3.295664374904110e-01, 1.029992776353935e-03, 9.964714315202868e-01, -4.872769298424222e-03
1244, 6.618067703411780e+00, 2.303740398964587e+00, -1.971959806462083e-03, 1.000699923980417e+00, -4.908797309047751e-03
1245, 7.134328221732732e+00, 2.498593402290722e+00, -1.149217744618790e-03, 1.000359244897414e+00, -4.238587301609562e-03
1246, 7.050435376590399e+00, 2.132121345923842e+00, -1.137066445408493e-03, 9.990059969986226e-01, -5.243966208508847e-03
1247, 1.958830929546396e+00, 1.713813371117846e+00, -1.373951150261779e-02, 1.013283879955517e+00, -1.378463678817256e-02
1248, 2.275393312044661e+00, 1.586893536448101e+00, -1.018828546142978e-02, 1.011310620542198e+00, -1.351792449332206e-02
1249, 3.766270478032467e+00, 3.267798429545625e+00, -6.383873060756661e-03, 1.005324256133028e+00, -5.593573672617632e-03
1250, 3.434743445626678e+00, 3.478289574072958e+00, -7.192214800776709e-03, 1.006160406220603e+00, -5.213507383408906e-03
1251, -1.820398681990986e+00, -2.855973856662018e+00, 1.251409058598712e-02, 9.926026856455455e-01, 3.667724855839782e-03
1252, -2.298214581420518e+00, -2.998941817571955e+00, 1.132792075791939e-02, 9.937993241331762e-01, 3.753294317979075e-03
1253, -5.133949731358919e-01, -1.676414815691227e+00, 2.085445738461382e-02, 9.841185062470786e-01, 3.032961708336085e-03
1254, -1.699648841283367e-01, -1.880175176757170e+00, 2.010460677048050e-02, 9.846340470280329e-01, 3.880334092270822e-04
1255, -3.492495487207067e-01, -2.209741566596950e+00, 1.790918383799037e-02, 9.872683924708057e-01, 7.552677058297284e-04
1256, 2.760190544287734e-01, 1.504809314693951e+00, -3.284115914245075e-02, 1.032239784598348e+00, 1.054464667889569e-03
1257, 5.900150572729328e-01, 1.643556631951328e+00, -2.828102136088763e-02, 1.028207131639635e+00, -4.416763577208848e-03
1258, 4.913431787584379e-01, 1.372141431389804e+00, -3.565885034332457e-02, 1.035511075902601e+00, -4.146293519995126e-03
1259, 2.992914921134234e-01, 9.713180474534058e-02, -2.866244114153295e-01, 1.158873266755543e+00, -8.329395079539251e-02
1260, 3.067395605458609e-01, 1.175586837472788e-01, -2.721186143077586e-01, 1.144673719589734e+00, -7.626772147656580e-02
1261, 3.169747465466272e+00, -5.107760608009652e-01, 3.513498855879696e-03, 1.006069156754564e+00, -1.424671151748150e-02
1262, 9.947497747908599e-01, -3.707272975566137e-02, 1.034064039618715e-01, 7.037068000056367e-01, -1.242909945320857e-01
1263, -5.098331686322443e+00, -1.700850028998450e-01, 3.020397197472026e-03, 9.997624762020788e-01, 4.967867124797081e-03
1264, -6.532478582666116e+00, 2.628453592840897e-01, 2.185720934367137e-03, 1.000279338543145e+00, 3.050512081880475e-03
1265, -6.737514657215762e+00, -1.580316499150326e+00, 4.035504870812607e-03, 9.997498345675135e-01, 2.444152357487887e-03
1266, -8.915187240558875e+00, -3.222888751780604e+00, 4.393620779385687e-03, 1.000289925346736e+00, 4.867435470674903e-04
1267, -9.009833271798261e+00, -3.703337794858768e+00, 4.524533901086683e-03, 1.000317057913308e+00, 3.800977655095736e-04
1268, -9.258002204200844e+00, -3.407111866936952e+00, 4.357799744793565e-03, 1.000335998207928e+00, 3.119010066464460e-04
1269, 5.575763834083205e+00, 1.421387199500148e+00, -1.337234131371008e-03, 9.935239943646481e-01, -8.446531196935603e-03
1270, 6.048540427644520e+00, 1.514642963376676e+00, -1.719351359616627e-03, 9.935785940209041e-01, -7.424088875111552e-03
1271, 5.803499083584999e+00, 1.221958677710823e+00, -6.743618329835604e-04, 9.885660899595926e-01, -8.580160117741258e-03
1272, 2.555873015953346e+00, 5.625459959915533e-01, -3.869540513015120e-03, 9.766717735051509e-01, -2.485227376647954e-02
1273, 3.141230509685766e+00, 7.023497413673827e-01, -7.526225120298435e-04, 9.826902154980394e-01, -1.830057027873902e-02
1274, 2.868329757432072e+00, 3.028608467811303e-01, -1.588401915985171e-03, 9.637528015647897e-01, -1.967666630075607e-02
1275, 4.786161263356711e+00, -9.123892123288989e-01, 2.294985435820672e-03, 1.010654603824715e+00, -9.185748619923243e-03
1276, 5.016156444368458e+00, -1.244316773237815e+00, 2.814576373604056e-03, 1.011019795227177e+00, -8.750439663931108e-03
1277, 4.852974990695204e+00, 6.102116911214771e-01, 5.820297106835129e-04, 9.784441770826028e-01, -1.108660681432430e-02
1278, 4.522167158361404e+00, 5.465262133881575e-01, -8.069871672073110e-04, 9.772695436380642e-01, -1.205152980354286e-02
1279, 8.499569298676565e-02, -2.025002431959548e+00, 1.905703054910313e-02, 9.857429614967674e-01, -1.134280724538211e-03
1280, 3.441168064781686e-01, -1.276782342901984e-01, -4.547212343983059e-03, 1.025980544472016e+00, -5.713765917474972e-02
1281, 3.521079731495128e-01, -1.638444872691357e-01, 5.816137637799780e-04, 1.018362722235042e+00, -5.103620398253764e-02
1282, 3.171082536032191e-01, -1.483715189868920e-01, 9.450644619087827e-04, 1.017200784274984e+00, -6.182120382263676e-02
1283, 5.752172593368297e+00, -2.246202955620430e+00, 4.165627100370825e-03, 1.004417168046953e+00, -5.528418189684411e-03
1284, 5.681795697498004e+00, -1.808247897889830e+00, 3.935608088379470e-03, 1.007625455679513e+00, -6.734555041073927e-03
1285, 5.925096687874177e+00, -2.031365536361382e+00, 3.558153904190890e-03, 1.006055800716924e+00, -6.294940102510426e-03
1286, 4.775762647814007e+00, -3.748753848295931e+00, 6.267951640630059e-03, 1.000419038207058e+00, -3.493611539718655e-03
1287, 4.865908349895468e+00, -3.355562448647591e+00, 6.153480121976296e-03, 1.000437297209529e+00, -4.099472465144939e-03
1288, 5.228583009996184e+00, -3.576529785773274e+00, 5.723787829685489e-03, 1.001135925397673e+00, -3.503033220798109e-03
1289, -8.266820835091385e+00, -3.527591240207311e-02, 2.371661057685003e-03, 1.000269961100817e+00, 1.327186448633237e-03
1290, -7.881738999800697e+00, -2.489254761880665e-01, 2.567647968121609e-03, 1.000230718296046e+00, 1.658360774675473e-03
1291, -3.860387850122263e+00, -5.639961034628402e+00, 8.576081800773549e-03, 9.969350120364476e-01, 4.047659527037442e-04
1292, -5.004037603136870e+00, -3.891331865773830e+00, 7.031018046203087e-03, 9.980703907054335e-01, 1.947104635344220e-03
1293, -4.641716040740984e+00, -3.784578340296263e+00, 7.410784161662001e-03, 9.976580145869327e-01, 2.215223099302364e-03
1294, -4.767451127971453e+00, -4.159584825484843e+00, 7.359952504503402e-03, 9.978325178505437e-01, 1.752051944534568e-03
1295, 3.686319654599985e+00, 2.867945744765975e+00, -6.160824914469182e-03, 1.005467553415454e+00, -6.656609349699573e-03
1296, 4.093870004096091e+00, 3.121311406278042e+00, -5.383204729166691e-03, 1.004510180872061e+00, -5.749613925940622e-03
1297, 4.076400446632567e+00, 2.691477121731146e+00, -5.020676236427164e-03, 1.004795361053495e+00, -6.629989683926810e-03
1298, 5.954518042604899e+00, 6.056614295123235e-01, -2.115042827633927e-04, 9.815019476220629e-01, -7.966696854232562e-03
1299, 6.146563267648883e+00, 1.043802072727220e+00, -1.522160444449735e-03, 9.848909154845507e-01, -7.830208878904663e-03
1300, 6.295311980669200e+00, 6.695729404372385e-01, 3.526855898170524e-04, 9.815041083006080e-01, -7.393858915351634e-03
1301, 6.721185032578496e+00, 2.666925506511007e+00, -1.985489346710916e-03, 1.002013870648222e+00, -4.058120670037272e-03
1302, 6.228637711702491e+00, 2.658417524956667e+00, -2.000800303799735e-03, 1.002192491002722e+00, -4.290524840618416e-03
1303, 8.400481885090207e+00, 3.574723451263881e+00, -8.873358299157949e-04, 9.988283543543073e-01, -2.527788428701056e-03
1304, 8.516594922897918e+00, 3.145206195245811e+00, -6.341891075127510e-04, 9.990954125017149e-01, -3.028009300842588e-03
1305, 8.062100493909844e+00, 3.432322860250358e+00, -1.034451954327546e-03, 9.994009701096703e-01, -2.735313764168067e-03
1306, 7.292247629368340e+00, 5.691632209838946e+00, -1.940636469898570e-03, 9.998334057277353e-01, -5.163790813356059e-04
1307, 7.443537120684976e+00, 4.007329725752419e+00, -1.612182777244092e-03, 9.994344395289816e-01, -2.453495436755256e-03
1308, 7.322868338023395e+00, 4.427199025406799e+00, -1.927712366398630e-03, 9.993391666163315e-01, -1.989445997809089e-03
1309, 7.699153552785833e+00, 4.226411158949829e+00, -1.359733843450134e-03, 9.991699605461234e-01, -2.173586961408401e-03
1310, 4.131351045331465e-01, 2.981688470846537e+00, -1.500003131771518e-02, 1.015284117459742e+00, -2.068721613867153e-04
1311, 1.173811202647596e-01, 3.265616724175276e+00, -1.388064368230383e-02, 1.013878159657935e+00, 8.129073385384122e-04
1312, 4.984679570961295e-01, 3.260685601311836e+00, -1.417544756650378e-02, 1.014120195403506e+00, -5.702603272169568e-04
1313, -6.009779471468989e-01, 1.388730320469457e+00, -2.152714850956041e-02, 1.021699782309940e+00, 1.756649323731818e-02
1314, -7.908731477924931e-01, 1.813490731443574e+00, -1.641777845264421e-02, 1.017839483756407e+00, 1.210456891516963e-02
1315, -3.780172459751236e-01, 1.590914063067065e+00, -2.290353047776692e-02, 1.024258312341346e+00, 1.291670309595446e-02
1316, -3.924891467089124e+00, -4.810526593164965e+00, 8.472376558250370e-03, 9.969386007495605e-01, 1.237964956046072e-03
1317, -4.302391222906973e+00, -4.716686292921925e+00, 8.044196251447748e-03, 9.972991166528372e-01, 1.310186124847924e-03
1318, -4.098548031389679e+00, -4.425208366081914e+00, 8.264237315509248e-03, 9.970533117477629e-01, 1.661732121574126e-03
1319, -8.539660079687085e+00, 3.412914693819272e+00, -7.216028677113574e-05, 1.000389224364068e+00, 7.015540298655834e-04
1320, -8.580339204730484e+00, 3.720197248277076e+00, -1.981347660259625e-04, 1.000395287301229e+00, 6.150671544773448e-04
1321, -5.140567140815342e+00, -4.198081511052028e+00, 7.032039998131448e-03, 9.981674741692561e-01, 1.634679610940476e-03
1322, -3.102995513878037e+00, -2.902875392216560e+00, 9.474893218201707e-03, 9.952884889563604e-01, 3.978883698605267e-03
1323, -2.721819295856922e+00, -2.679205937253645e+00, 1.020708524090372e-02, 9.945927233948697e-01, 4.406888551886168e-03
1324, -2.726645567722807e+00, -3.103674214991841e+00, 1.027177134452373e-02, 9.947299851363370e-01, 3.634158645749594e-03
1325, 4.499025273283337e+00, -3.130799789719499e+00, 6.417102190663250e-03, 9.998136743345514e-01, -4.640629058339169e-03
1326, 4.490356248857259e+00, -3.493519616289331e+00, 6.678761035564088e-03, 9.998397080632567e-01, -4.093369999376954e-03
1327, 7.142134160522405e+00, -2.739600284047162e+00, 3.195659244187567e-03, 1.004631568579954e+00, -3.542325420382003e-03
1328, 7.336630820743322e+00, -3.110282333704699e+00, 3.086442630449347e-03, 1.004265890289644e+00, -2.797666527596099e-03
1329, -4.212877278495953e+00, 4.546536956317972e+00, -3.872976175750540e-03, 1.003853880027874e+00, 2.015500006021765e-03
1330, -3.772275354879107e+00, 4.634163677586058e+00, -4.497276351642490e-03, 1.004503529062178e+00, 2.085994401819719e-03
1331, -8.808841586618273e+00, 1.000374342284753e+00, 1.536529881288497e-03, 1.000307443245962e+00, 8.714855684720620e-04
1332, -8.784395279619956e+00, 5.069888506905852e-01, 1.888499766734745e-03, 1.000301979196544e+00, 8.985191850314315e-04
1333, -8.374374034958029e+00, 3.633307895543355e-01, 2.049790705204756e-03, 1.000302369353102e+00, 1.264618912806907e-03
1334, -2.600142565016590e+00, -3.147323327590023e-01, 6.145014091538815e-03, 9.971178775054304e-01, 1.158297345468177e-02
1335, -2.223736246679674e+00, -8.318550659493992e-02, 5.830608350969736e-03, 9.973259968839636e-01, 1.438610731751768e-02
1336, -3.017578911262783e+00, -2.295711034962521e+00, 9.322860025421780e-03, 9.951347323789124e-01, 5.243429477454532e-03
1337, -3.297908514360943e+00, -2.567584398353652e+00, 9.019792520019032e-03, 9.956870392896361e-01, 4.569040130930020e-03
1338, 1.098274543279863e+00, 4.070970274591480e+00, -1.119853390670449e-02, 1.011001593152422e+00, -1.655102052378033e-03
1339, 8.933824702831127e-01, 5.076137839764109e+00, -1.024319994438972e-02, 1.009285600464146e+00, -4.519591700308524e-04
1340, 1.254562276905059e+00, 5.328531516503201e+00, -9.882902960464216e-03, 1.008873429629665e+00, -5.100870467604115e-04
1341, -8.559155580150545e+00, -3.068093022778903e+00, 4.357973700345724e-03, 1.000237049773908e+00, 6.920714699836325e-04
1342, -8.533169594292938e+00, -2.633861181863187e+00, 4.174294322535164e-03, 1.000229414563066e+00, 7.862043000675203e-04
1343, -8.229703489968486e+00, -2.757016160417747e+00, 4.316180867290874e-03, 1.000174912700524e+00, 9.656404353141658e-04
1344, -6.072317767913581e+00, -2.773127097101229e+00, 5.360760205869736e-03, 9.991811722850771e-01, 2.316044183086785e-03
1345, -6.117408366899845e+00, -2.361450632370245e+00, 5.066914837659437e-03, 9.992432771600375e-01, 2.573305694072133e-03
1346, 8.716940269033701e+00, 3.514310109337871e+00, -4.709747688394742e-04, 9.987685615506686e-01, -2.684598320328052e-03
1347, 9.734908853507061e+00, 2.725422022188652e+00, 1.741703244118138e-04, 9.963866715455398e-01, -4.152830966821561e-03
1348, -9.394779678763658e+00, 3.622023444968956e+00, 6.123120742546626e-07, 1.000231817803432e+00, 2.427995478723939e-04
1349, -7.511563996493342e+00, 3.176207629346768e+00, -2.127116359023775e-04, 1.000712551977078e+00, 1.381697538018907e-03
1350, -7.455337947472281e+00, 2.781529712492217e+00, -2.901401554215258e-05, 1.000676687475479e+00, 1.558008151893806e-03
1351, -7.758460051829852e+00, 2.998006081702258e+00, -3.454820290341398e-05, 1.000595906753358e+00, 1.291121112709137e-03
1352, 2.322599652423343e+00, -3.908116610995263e+00, 1.069846263511208e-02, 9.956260710030138e-01, -3.215889452491011e-03
1353, 1.934163232164782e+00, -3.965421482750413e+00, 1.131540306571287e-02, 9.950763991205770e-01, -2.919876060842211e-03
1354, 2.113048899681050e+00, -3.667200627028523e+00, 1.102419775638008e-02, 9.950108624460972e-01, -3.657347805116569e-03
1355, 8.769178152244240e-01, -2.817967612913114e+00, 1.457019069638265e-02, 9.907919356253230e-01, -3.536669180620322e-03
1356, 6.678863173768805e-01, -3.253861423694387e+00, 1.405303401938654e-02, 9.915077554109683e-01, -2.122841695089400e-03
1357, 4.383183080204732e-01, -2.889359446382744e+00, 1.513767873653038e-02, 9.902606565893501e-01, -2.058497807136685e-03
1358, -7.346837609466960e+00, -5.745448662159795e+00, 5.594991766587880e-03, 9.997875597433835e-01, 1.278842320326193e-04
1359, -7.311437632218992e+00, -5.355005964718102e+00, 5.552884456910699e-03, 9.997144738935135e-01, 3.160759681206861e-04
1360, -7.376858439136591e+00, -3.753959508677022e+00, 5.081097637346965e-03, 9.998019661216452e-01, 1.034633530031528e-03
1361, -7.846572926279072e+00, -3.947911874936563e+00, 4.978496488859287e-03, 1.000011558856700e+00, 7.744346438873834e-04
1362, -7.708628727462526e+00, -3.534775291146611e+00, 4.832467449914374e-03, 9.999509598981641e-01, 9.979170828970381e-04
1363, 8.472052847461601e+00, 4.053939898047474e-01, -7.259981979235908e-04, 9.875585525586636e-01, -3.108087075969349e-03
1364, 8.479707648041314e+00, 7.131747029511395e-02, -4.794044082568543e-04, 9.911792561975126e-01, -2.030791487611504e-03
1365, 8.202767198723061e+00, 2.153001031354040e-01, 8.438056308449504e-05, 9.887618656980991e-01, -2.688039699518794e-03
1366, 8.846925758786782e+00, -3.533848812609876e+00, 2.387399547572433e-03, 1.005092614739278e+00, -1.765219126081749e-03
1367, -5.981399760837015e-01, -3.899416390820658e+00, 1.289016693380416e-02, 9.926485981015271e-01, 4.372728908238509e-04
1368, -2.591853180343917e-01, -4.278239737906985e+00, 1.266832863352918e-02, 9.932500712464001e-01, -5.474690682162760e-05
1369, -8.212473545055908e-01, -4.244764600686809e+00, 1.229657343123275e-02, 9.933570739075583e-01, 5.773060588726276e-04
1370, 4.907725672842015e-01, -4.545243609199082e+00, 1.216397567337436e-02, 9.938148207037397e-01, -8.179615895028721e-04
1371, 9.404550298498896e-01, -4.891276031169446e+00, 1.165964620961773e-02, 9.946000645079438e-01, -8.680967295578075e-04
1372, 5.005734789171669e-01, -4.946288723352612e+00, 1.192223266255338e-02, 9.942690223717982e-01, -5.656225535993439e-04
1373, -5.052641891448427e+00, 3.206747962584994e+00, -1.920521110632268e-03, 1.002457219814402e+00, 3.237184424763027e-03
1374, -2.800213499612219e+00, 3.455258296456493e+00, -5.864696264375871e-03, 1.006220169508286e+00, 4.658237681086057e-03
1375, -3.163410832702681e+00, 3.741646066018241e+00, -5.331268137263462e-03, 1.005556043878126e+00, 3.807169934927720e-03
1376, -2.717773550308042e+00, 3.864140224552933e+00, -6.192560302265861e-03, 1.006560188759789e+00, 3.786542535199652e-03
1377, 1.257073857731619e+00, -4.619248932842758e+00, 1.158100840049928e-02, 9.945981187179498e-01, -1.390164678098798e-03
1378, 1.409511091018538e+00, -4.288343385829055e+00, 1.177267154674077e-02, 9.944765436954150e-01, -1.905355450686837e-03
1379, -7.202968509369765e+00, 4.263052717298118e+00, -9.022672163755584e-04, 1.000956552215335e+00, 1.009605879940620e-03
1380, -7.253930247762404e+00, 4.694741851813608e+00, -1.079807331505562e-03, 1.000929384626480e+00, 7.800157076633967e-04
1381, 3.640076012067047e+00, -3.376982130735695e+00, 8.240456116403096e-03, 9.983206376904187e-01, -4.597167190020948e-03
1382, 3.226531250061664e+00, -3.212380255867208e+00, 8.906149458683264e-03, 9.973870221091299e-01, -5.148734820260286e-03
1383, 2.969149317475013e+00, -2.946421730985857e+00, 9.704395688085069e-03, 9.964708870015951e-01, -5.722144113465303e-03
1384, 3.232324241193280e+00, -2.807055570684984e+00, 8.483704404674615e-03, 9.969151482088706e-01, -6.056559836755220e-03
1385, 3.729180670363616e+00, -5.602050647647190e+00, 8.172639328024329e-03, 9.984777814847675e-01, -6.688553502531126e-04
1386, 4.915457531936296e+00, -4.448120358216473e+00, 6.356669758331751e-03, 1.000627183698310e+00, -2.395018492062741e-03
1387, 5.366919277371726e+00, -4.256921682009405e+00, 5.758799988331951e-03, 1.001263998182055e+00, -2.479450909819685e-03
1388, 5.259401127740256e+00, -4.694527325922656e+00, 6.078387391591707e-03, 1.001133259932782e+00, -1.878413789988011e-03
1389, -8.425377431366906e+00, -1.523358893016193e+00, 3.454114411959873e-03, 1.000225658185738e+00, 1.033035270500198e-03
1390, -8.191152305511688e+00, -1.738552622610761e+00, 3.613204391867970e-03, 1.000155075516666e+00, 1.181659263697989e-03
1391, -8.443543791626260e+00, -1.992293524348878e+00, 3.821157194679055e-03, 1.000222405669874e+00, 9.741047629404477e-04
1392, -5.854619221717108e+00, -1.170378742653072e+00, 4.072705145172038e-03, 9.994660993524520e-01, 3.499990089880080e-03
1393, -5.598109205103337e+00, -1.658915168335950e+00, 4.807833458256005e-03, 9.991095849908127e-01, 3.512876864472576e-03
1394, -5.998054411101323e+00, -1.582205208215834e+00, 4.519552780168580e-03, 9.993751286253060e-01, 3.126273735282735e-03
1395, -1.226168375488357e+00, 5.760676113199753e+00, -8.680416274607894e-03, 1.008532122521220e+00, 3.490199996906897e-04
1396, -1.174124640392642e+00, 4.136374051181174e+00, -9.768366864988441e-03, 1.009783096276727e+00, 2.593813552558818e-03
1397, -1.320784492226699e+00, 3.800082308242206e+00, -9.403667015590899e-03, 1.009762651677670e+00, 3.529204052064209e-03
1398, -4.903542190561761e+00, 1.683696378911406e+00, -2.375823989598273e-04, 1.001641218258341e+00, 4.841861963636434e-03
1399, -5.072978469635670e+00, 2.184806221159437e+00, -6.889654078916189e-04, 1.001865673762136e+00, 4.241891283836488e-03
1400, -5.011939472194411e+00, 2.841175305485637e+00, -1.568324392813996e-03, 1.002346068961251e+00, 3.684913575329244e-03
1401, -5.145469589026369e+00, 3.678079659386897e+00, -2.241197770634333e-03, 1.002489882198598e+00, 2.643912022560573e-03
1402, -4.646221175950926e+00, 3.720484559906578e+00, -2.766360249620640e-03, 1.003118771228360e+00, 2.920374938576189e-03
1403, -4.180182739718961e+00, -1.169751182520312e+00, 5.793450304335971e-03, 9.980404522390564e-01, 5.877192163810645e-03
1404, -4.613669209235417e+00, -1.470053293716418e+00, 5.548554813354125e-03, 9.983529469424727e-01, 4.894458377388338e-03
1405, -4.397088468163115e+00, -8.976703042121725e-01, 4.861425601449212e-03, 9.986309936813478e-01, 5.811044084136012e-03
1406, -3.503646830436908e+00, -2.932902294341638e+00, 8.903056237775235e-03, 9.960434373358135e-01, 3.768917713080454e-03
1407, -3.731507431920651e+00, -2.612396755000057e+00, 8.099160340809855e-03, 9.965745388156130e-01, 4.213376437671997e-03
1408, -3.693188992284834e+00, 7.270856762300133e-01, 1.254596235205828e-03, 1.000983686238236e+00, 8.113507855754664e-03
1409, -3.890838561922508e+00, 4.280276115753308e-01, 2.007932624807753e-03, 1.000370378907806e+00, 7.590529957971767e-03
1410, -3.648444116273511e+00, 2.572873305550388e+00, -3.165112003283344e-03, 1.004080040477938e+00, 5.738571144735654e-03
1411, -3.787391280294590e+00, 2.234219453713435e+00, -2.244575606040931e-03, 1.003458925347595e+00, 6.105126870364660e-03
1412, 3.370871089289326e+00, 2.524168783633676e+00, -6.691782861894578e-03, 1.006559432724909e+00, -7.870231348726496e-03
1413, 3.742958785029254e+00, 2.449153758950215e+00, -5.628318961697237e-03, 1.005774839177697e+00, -7.529788988017559e-03
1414, 4.013956401140789e+00, 3.854212459248424e+00, -5.974300181095654e-03, 1.004684124656493e+00, -4.172476322610569e-03
1415, 4.006047686829453e+00, 4.327992010146108e+00, -6.218249242249555e-03, 1.004777026473036e+00, -3.179934282625444e-03
1416, 4.308949164100805e+00, 4.062573362385184e+00, -5.491457682666530e-03, 1.004076830703576e+00, -3.627389074400281e-03
1417, 1.825365874421631e+00, 3.230362151628417e+00, -1.172733292567072e-02, 1.011082591690518e+00, -4.916672790606771e-03
1418, 2.048276690559429e+00, 2.944535043862596e+00, -1.143172986509448e-02, 1.011119517090894e+00, -6.308970568651521e-03
1419, 1.678425103650794e+00, 2.969619914345496e+00, -1.277944825389576e-02, 1.012186945034270e+00, -5.384109299591534e-03
1420, 6.176514503655186e+00, -1.760604995362141e+00, 3.008969751586413e-03, 1.008925686653416e+00, -6.028712807975576e-03
1421, 6.200335630680353e+00, -2.234482676081331e+00, 3.559265049420857e-03, 1.005695241560795e+00, -5.211039696798149e-03
1422, 6.636597037399889e+00, 4.754839336517781e-01, -3.804735715775663e-05, 9.824358022368614e-01, -6.585035638689892e-03
1423, 6.625376235954791e+00, 5.808111087081110e-02, -8.949008080792353e-05, 9.880907247085902e-01, -5.393335704770333e-03
1424, 6.277225444480154e+00, 2.939124302037203e-01, -2.293222835599278e-05, 9.831162484243833e-01, -7.020615119859966e-03
1425, -6.357477959174190e+00, -3.487588972400457e+00, 5.601152130189279e-03, 9.992468245610078e-01, 1.693191755309403e-03
1426, -5.195447487183301e+00, -2.843015867372148e+00, 6.250486503616653e-03, 9.984040704283299e-01, 2.874412836459310e-03
1427, -5.070399932473125e+00, -3.218036580629846e+00, 6.708066077952146e-03, 9.981817576627923e-01, 2.597289153145363e-03
1428, -5.449885078687378e+00, -3.223345004363031e+00, 6.267938619242346e-03, 9.985412910277425e-01, 2.374926373920087e-03
1429, -6.431583515172702e+00, 2.988244017154241e+00, -5.743575726638114e-04, 1.001194170661508e+00, 2.211548692646813e-03
1430, -6.435531845217753e+00, 4.553677347386682e+00, -1.512476675218821e-03, 1.001476494277363e+00, 1.143719122721525e-03
1431, -6.128641981658713e+00, 4.375216312414034e+00, -1.675580843826256e-03, 1.001671503188340e+00, 1.398964533838841e-03
1432, 7.106116531991391e+00, -5.707155037266276e+00, 4.135053624573596e-03, 1.003156302094342e+00, -4.076807279070504e-04
1433, 7.431586040236495e+00, -5.649309777845567e+00, 3.725414143719496e-03, 1.003514312134186e+00, -4.575792085285325e-04
1434, 7.500030004533830e+00, -4.844774154175887e+00, 3.701540803654545e-03, 1.003722075121331e+00, -1.105128774430995e-03
1435, 7.263565252136487e+00, -4.536698346429992e+00, 3.735788332364356e-03, 1.003553998356083e+00, -1.468488334078305e-03
1436, -1.507359438911650e+00, -9.456256005011848e-01, 1.489637356392689e-02, 9.889167509125322e-01, 1.268367286350735e-02
1437, -1.274167281995251e+00, -6.517873541838023e-01, 1.692683210660321e-02, 9.870369706839310e-01, 1.641826213442697e-02
1438, -4.654174694908387e-02, -1.150952944521251e-01, 1.281477745590179e-01, 8.715250582759845e-01, -9.641404377228626e-03
1439, -1.703677340486615e-02, -9.750882609441658e-02, 1.465784420061194e-01, 8.539448054085417e-01, -3.592174809990175e-02
1440, -1.601970648195958e-02, -1.280699494346128e-01, 1.235909538685820e-01, 8.776284709780612e-01, -3.382921528302513e-02
1441, -7.153540440486086e+00, 2.892731490384138e+00, -2.292463726010965e-04, 1.000817933154248e+00, 1.729180254960757e-03
1442, -6.861193394486885e+00, 2.696041212022166e+00, -1.634054255806223e-04, 1.000924164148497e+00, 2.049283556736173e-03
1443, -7.446946386869274e+00, 1.282106435655881e+00, 1.258695728462873e-03, 1.000457242162200e+00, 2.013045575232812e-03
1444, -7.128381894778374e+00, 1.072679063877216e+00, 1.347720386122989e-03, 1.000474827471138e+00, 2.342554232821262e-03
1445, -7.564364849317648e+00, 9.370797757889842e-01, 1.515671740281044e-03, 1.000415593278082e+00, 1.935388467650533e-03
1446, 4.358549044909449e+00, -4.885353305317132e+00, 7.324508183332390e-03, 9.996345122917243e-01, -1.815593264285853e-03
1447, 5.737802129109488e+00, -4.909742729503243e+00, 5.456580877351632e-03, 1.001731122052461e+00, -1.463226523004867e-03
1448, -2.014326939633595e+00, -1.133958020162005e+00, 1.163983126515138e-02, 9.921378359593698e-01, 1.036907613621254e-02
1449, -2.152667764292456e+00, -6.848069373437159e-01, 9.381566492101706e-03, 9.938388591940288e-01, 1.234072155016147e-02
1450, -1.780765629193951e+00, -6.847535066431419e-01, 1.209454821675171e-02, 9.915526845114817e-01, 1.378625375124963e-02
1451, -1.427556544801145e+00, -2.550863777916691e+00, 1.382558177964392e-02, 9.911425898139706e-01, 3.767081218631996e-03
1452, -1.824561796874748e+00, -2.320813232770510e+00, 1.314443887199595e-02, 9.916188334208114e-01, 5.086397949448289e-03
1453, -1.496525962658737e+00, -2.176729983356629e+00, 1.437330490002238e-02, 9.902777716091157e-01, 5.097376762212485e-03
1454, 7.712722812572228e+00, -2.982001812705239e+00, 3.195155690010983e-03, 1.004928832526770e+00, -2.773663871844403e-03
1455, 7.824708852121701e+00, -2.594193018451894e+00, 2.725054244396366e-03, 1.006029741155995e+00, -3.153486182965363e-03
1456, 8.097101403319090e+00, -2.766726890177494e+00, 2.666826507489422e-03, 1.005797413752409e+00, -2.750330939531222e-03
1457, 3.212135658837013e+00, -1.441151807230959e+00, 7.596288081374929e-03, 1.000839447224726e+00, -1.200264751428792e-02
1458, 3.377166693719811e+00, -1.709836299586893e+00, 6.159153052549764e-03, 9.990762697167231e-01, -1.000997031537814e-02
1459, 1.943882904515213e+00, -3.357121025395298e+00, 1.186024535058225e-02, 9.941910089479102e-01, -4.093980641349980e-03
1460, 2.109656570056300e+00, -2.954756927844216e+00, 1.151897567722477e-02, 9.941986943784136e-01, -5.551906843998657e-03
1461, 2.278735665348977e+00, -3.319946104622998e+00, 1.098249987852416e-02, 9.950425622649800e-01, -4.644319935802077e-03
1462, 8.270998282994118e+00, -1.359920651109919e+00, 1.386053419851627e-03, 1.009664393582822e+00, -2.418803632107880e-03
1463, 8.087559224463863e+00, -8.746182537246602e-01, 1.327732785393812e-03, 1.006611854460241e+00, -2.303102210533481e-03
1464, 8.506070184744209e+00, -9.505084782024278e-01, 9.515304459981327e-04, 1.006916597201636e+00, -1.594453017549353e-03
1465, 5.373344529252615e+00, 1.007181401721225e+00, -6.570807960477048e-04, 9.850729864196875e-01, -9.457147065459949e-03
1466, 7.332177052362511e+00, 4.532170161377135e-01, 1.955441618954880e-04, 9.840484213485261e-01, -4.974159432068428e-03
1467, 7.575921290942980e+00, 6.929836551606342e-01, -5.899834582035702e-05, 9.836676722075722e-01, -5.359955500712540e-03
1468, 1.518018681426154e+00, 3.376002851484734e+00, -1.212802185278275e-02, 1.011790510168459e+00, -3.946289878723063e-03
1469, 1.832982333898437e+00, 3.565508066165996e+00, -1.112957972161948e-02, 1.010714135288544e+00, -3.977886264686762e-03
1470, 2.121046609762326e+00, 3.844951914291876e+00, -1.009599787629343e-02, 1.009299988766587e+00, -3.736598827382207e-03
1471, 2.617506936440345e+00, 3.732151853187200e+00, -8.971941371364983e-03, 1.008123576369093e+00, -4.397858745976694e-03
1472, -5.264743586901969e+00, 9.081172236377598e-01, 1.233269186756418e-03, 1.000798368415132e+00, 4.687252992399795e-03
1473, -4.897878258877112e+00, 5.351006861018512e-01, 1.865296885747667e-03, 1.000511821527219e+00, 5.395564093483388e-03
1474, -5.405934289368513e+00, 4.694605093807600e-01, 1.964816264339173e-03, 1.000378929875714e+00, 4.545597000715648e-03
1475, -5.006828724092260e+00, -6.282988350625135e-01, 3.857803167119209e-03, 9.993531192897274e-01, 4.907146601524727e-03
1476, -5.254434381109472e+00, 1.402045325905216e+00, 5.085552695040487e-04, 1.001175303012972e+00, 4.518579404678499e-03
1477, -4.947038947896414e+00, 1.229896363199185e+00, 7.555491704446389e-04, 1.001151945790808e+00, 5.133136555956467e-03
1478, -6.286658641882547e+00, 1.565633379029308e+00, 7.161141153122215e-04, 1.000809661066756e+00, 3.096417843168209e-03
1479, -6.526010894106631e+00, 1.771515618551419e+00, 5.287492910385845e-04, 1.000810330176872e+00, 2.783976402898281e-03
1480, -2.507910543826169e+00, -3.389969184409348e+00, 1.072794312374301e-02, 9.944527897056213e-01, 3.038620859154966e-03
1481, -1.907635024635795e+00, -1.539153858232915e+00, 1.324325872566232e-02, 9.913674648089288e-01, 8.375153697663789e-03
1482, 1.469136658784542e+00, -1.105259297384706e+00, 1.747746480126502e-02, 9.881509865483711e-01, -1.340579793310305e-02
1483, 1.736892020582982e+00, -1.152117482199858e+00, 1.603659423394377e-02, 9.910118734485815e-01, -1.342694374133791e-02
1484, 1.531990236427861e+00, -1.328073943205675e+00, 1.632241541595232e-02, 9.881786092712712e-01, -1.141264502502345e-02
1485, 1.776194696274671e+00, -3.156609732348661e-01, 1.167347855714979e-02, 1.017854963632186e+00, -2.899957070597114e-02
1486, 1.625059175182964e+00, -4.185750419693574e-01, 1.774572198394080e-02, 1.011641377772764e+00, -2.908437368787441e-02
1487, 1.646385625379013e+00, -2.788683791790643e-01, 1.643889393433636e-02, 1.019260944126309e+00, -3.224225391836310e-02
1488, 5.404359618496594e+00, 3.514514707476821e+00, -3.829597275303309e-03, 1.002048373011544e+00, -3.967871601946888e-03
1489, 5.075279179659288e+00, 3.654212382918447e+00, -4.106453256089063e-03, 1.002609921175239e+00, -3.974340323061254e-03
1490, 4.822250235990245e+00, 2.347771226323845e+00, -3.103036704528822e-03, 1.004976935949170e+00, -5.962441070839577e-03
1491, 5.140286542131823e+00, 2.495037396786427e+00, -3.368002926635604e-03, 1.004282742544661e+00, -5.246736904616963e-03
1492, 2.384279413103882e+00, 5.503154046944528e+00, -8.654573537930534e-03, 1.007527482990128e+00, -7.667598917420174e-04
1493, 4.073912974313738e+00, -6.170309314478997e-02, 1.552638350100827e-03, 9.845732495160560e-01, -1.068056705912652e-02
1494, 4.374215660165174e+00, -1.583378995034719e-01, 1.042760317683668e-03, 9.893863071970981e-01, -9.907892743758312e-03
1495, 4.155175816135360e+00, -4.584714040075862e-01, 1.913945099086688e-03, 1.001106944960707e+00, -1.022424803326041e-02
1496, 4.324807726671345e+00, 2.043116577151254e-01, 1.199044594559107e-03, 9.785136486405877e-01, -1.085021561461389e-02
1497, 3.917324253204240e+00, 3.185264082949430e-01, -2.580191066666329e-04, 9.748387207773342e-01, -1.312159335506954e-02
1498, 4.225165865203149e+00, 5.439329591708164e-01, -9.551822716092484e-05, 9.752422492452261e-01, -1.288357747757446e-02
1499, -8.718845935950558e+00, 1.723695328664741e+00, 1.007308125953265e-03, 1.000327201838831e+00, 8.703225619929702e-04
1500, -8.482534192779296e+00, 2.180890664766295e+00, 6.730252041719032e-04, 1.000365558372530e+00, 9.624778942634567e-04
1501, -9.655777836628552e+00, 2.676350705595155e+00, 5.367938799508989e-04, 1.000245683856583e+00, 1.810392391890715e-04
1502, -4.293775936558604e-01, 4.649482198805199e+00, -1.029318656971875e-02, 1.009855205800559e+00, 8.996865317577873e-04
1503, 6.533374610052886e-02, 4.677138092662196e+00, -1.063075188900050e-02, 1.010145342486516e+00, 3.896437053903906e-04
1504, -9.299485760896194e-02, 4.377266303483401e+00, -1.091841289610250e-02, 1.010720685753436e+00, 7.232797732965957e-04
1505, 4.394326212306512e-01, 5.664651755367899e+00, -9.914358368123103e-03, 1.009582429752421e+00, 1.656814422373504e-05
1506, 7.849469665933499e+00, -1.648816658116866e+00, 2.289061674694190e-03, 1.010507995944488e+00, -3.557495857628338e-03
1507, 8.002547238546359e+00, -3.205810105253668e+00, 2.835425623291436e-03, 1.004787745715722e+00, -2.484848509503295e-03
1508, 8.475438567778575e+00, -2.934177767994468e+00, 2.606472972015646e-03, 1.005686016394535e+00, -2.226532246505433e-03
1509, 8.364623587205198e+00, -3.410383443937191e+00, 2.736593456976915e-03, 1.004827015719750e+00, -2.013479320587493e-03
1510, -1.166625489760693e+00, -4.061032959076420e+00, 1.221451314242982e-02, 9.932799359404033e-01, 1.092063692763259e-03
1511, -1.443538540230852e+00, -3.763349247862957e+00, 1.219684200960504e-02, 9.932791105480618e-01, 1.700578537753700e-03
1512, -9.816093514220670e-01, -3.761656708705754e+00, 1.296278460117631e-02, 9.927308307501158e-01, 1.100034399038129e-03
1513, 6.435300854359333e+00, 3.684071372703984e+00, -2.664948406786347e-03, 1.000697747736341e+00, -3.185006015302217e-03
1514, 6.775696779672598e+00, 4.003080765963999e+00, -2.352399210172341e-03, 1.000072842334738e+00, -2.632003310006156e-03
1515, 5.914002719495635e+00, 2.442080108223230e+00, -2.862121096904713e-03, 1.003006383646869e+00, -4.984088441928334e-03
1516, 5.829228818027413e+00, 2.745672831391081e+00, -2.465086065638048e-03, 1.003073323362260e+00, -4.619601049014074e-03
1517, -1.280828038583732e+00, 2.908866587858789e+00, -1.063753669671237e-02, 1.011314446876195e+00, 6.015684479283173e-03
1518, -1.104482266463719e+00, 3.341297634449071e+00, -1.087234319588724e-02, 1.011056334676735e+00, 4.381578126154513e-03
1519, 7.877990581647805e-01, 2.910552190007546e+00, -1.534419759494674e-02, 1.015015688809464e+00, -2.459871987040921e-03
1520, 1.329392895301315e+00, 2.957286188665251e+00, -1.420068666478602e-02, 1.013591689091868e+00, -4.522707683887038e-03
1521, 1.199154093464564e+00, 2.608225755992768e+00, -1.567250338262555e-02, 1.015891657549699e+00, -5.381427219304289e-03
1522, 4.809286051871846e+00, 4.832119927438614e+00, -4.990645158301023e-03, 1.003228889374227e+00, -2.048335430578518e-03
1523, 5.185110659232688e+00, 4.554877514775644e+00, -4.402750597481780e-03, 1.002416917162796e+00, -2.452243748924224e-03
1524, 4.690173367707350e+00, 4.521082031600320e+00, -5.073032579010557e-03, 1.003304261680519e+00, -2.581097378995976e-03
1525, 5.989720643464839e+00, 5.428360105849626e+00, -3.461072195098615e-03, 1.001371614911132e+00, -9.046212671036434e-04
1526, -7.521665148528539e+00, 5.086967859796538e-02, 2.373094868371766e-03, 1.000266194758825e+00, 2.005989966338443e-03
1527, -7.934940002957118e+00, 1.679630660989901e-01, 2.185421509905174e-03, 1.000284191002885e+00, 1.619944316533336e-03
1528, -7.398612560497788e+00, 1.579035790306840e+00, 9.455559415683852e-04, 1.000528469166214e+00, 1.983154314135138e-03
1529, -7.790325157353315e+00, 1.748291707781772e+00, 8.558442660900746e-04, 1.000483485501660e+00, 1.602551065557080e-03
1530, -7.484002397825118e+00, 1.891259731398810e+00, 6.785715321166554e-04, 1.000563770397692e+00, 1.843641716273751e-03
1531, -6.767882199307617e+00, 4.357199178273691e+00, -1.257624905530759e-03, 1.001186481983604e+00, 1.129389660229575e-03
1532, -6.452714691798208e+00, 4.109386510756227e+00, -1.330243679406226e-03, 1.001418528771981e+00, 1.454057732108827e-03
1533, -6.874714342677115e+00, 4.033395578113208e+00, -9.883931753276193e-04, 1.001126254557266e+00, 1.307952346142213e-03
1534, -5.794793993408127e+00, -2.372249756733087e+00, 5.387871191681925e-03, 9.989968710740695e-01, 2.778878677009769e-03
1535, -5.998673772502142e+00, -1.943827188920601e+00, 4.740892921842319e-03, 9.992829086113256e-01, 2.924621589910979e-03
1536, -5.628522466712625e+00, -2.058548160444216e+00, 5.221359341646106e-03, 9.989284146571067e-01, 3.184683235481319e-03
1537, -5.205200438722026e+00, -1.078870032097911e+00, 4.451827945974495e-03, 9.990963697181049e-01, 4.428115222088598e-03
1538, -5.137458792038045e+00, -1.440137414490988e+00, 4.928666738094544e-03, 9.988408182929525e-01, 4.209522547356382e-03
1539, -5.477619228995501e+00, -1.270406564544971e+00, 4.538782217650698e-03, 9.991500257705158e-01, 3.899430778820484e-03
1540, 7.155207621744397e+00, 3.868527211827917e+00, -1.819905940823711e-03, 9.998930796274699e-01, -2.713933195826573e-03
1541, 7.780556053886109e+00, 3.841863972663848e+00, -1.319887732990623e-03, 9.991815960974000e-01, -2.468288672151393e-03
1542, 7.667033496755266e+00, 3.463351567698933e+00, -1.267292635684727e-03, 9.999524159035115e-01, -2.965687710346813e-03
1543, 1.843809122774642e-01, -2.406199935584643e+00, 1.715119017889332e-02, 9.882310853457212e-01, -1.520334614299457e-03
1544, -1.011640515724441e-01, -2.641556873294329e+00, 1.600361109425993e-02, 9.890322676166717e-01, -3.024044139488717e-04
1545, -3.945811288672437e-01, -2.607581407406064e+00, 1.625262743613619e-02, 9.890791988478786e-01, 7.839878539710946e-04
1546, 1.454390839947411e+00, 8.114294889679078e-01, -1.823228620395347e-02, 1.016143247097465e+00, -2.954073378335294e-02
1547, 1.580053753559285e+00, 6.727202784071520e-01, -9.415548325636900e-03, 1.010858685285726e+00, -3.094486020074587e-02
1548, 1.436623594483345e+00, 6.618727337855482e-01, -1.351160373631280e-02, 1.015352032622433e+00, -3.342439032707808e-02
1549, 1.392235888515821e+00, 1.650358001136790e+00, -1.913452358890113e-02, 1.019183961727639e+00, -1.365874359186471e-02
1550, 1.349993702555507e+00, 1.327537947872371e+00, -2.120251221798983e-02, 1.021424895941550e+00, -1.890804516148843e-02
1551, 1.144617925028907e+00, 1.413621585775177e+00, -2.449925327535025e-02, 1.024308965595106e+00, -1.513306855517556e-02
1552, 1.096560910684101e+00, 3.271296735440556e+00, -1.338320855606710e-02, 1.013097876109322e+00, -2.844275462536980e-03
1553, -4.808699417595282e-02, 4.979962412334452e+00, -1.022063574629501e-02, 1.009559506033722e+00, 3.563694055483526e-04
1554, -7.298599284678509e+00, -1.972506242451519e+00, 4.127735696849801e-03, 9.999105909126846e-01, 1.806807474067926e-03
1555, -8.212175386613071e+00, -3.201345422083095e+00, 4.502407162479627e-03, 1.000150597387325e+00, 8.410605264807648e-04
1556, 3.598959362822188e+00, -5.198319392683048e-01, 4.547852281799260e-03, 1.005434687042408e+00, -1.268976329804120e-02
1557, 3.765648300451793e+00, -1.382729559497457e-01, 2.557939091764648e-03, 9.867417267025956e-01, -1.127166174960848e-02
1558, 3.716094552947332e+00, -1.707576236297570e+00, 6.705948123272881e-03, 1.001196815309294e+00, -9.659312636490046e-03
1559, 3.774844351061392e+00, -2.129960629539146e+00, 7.266383478993503e-03, 9.983611567842299e-01, -7.690879254071154e-03
1560, 3.434791015352670e+00, -2.149132850544993e+00, 7.236441317279320e-03, 9.976181371005639e-01, -7.676022196442012e-03
1561, -3.681058462905532e-02, 1.476106887978842e+00, -2.958115751816314e-02, 1.030294863179247e+00, 8.573719883421274e-03
1562, 1.635547959144814e-01, 1.844192498186231e+00, -2.450455504892758e-02, 1.025555532006444e+00, 2.867936970225666e-03
1563, -2.357113063187144e-01, -2.540966005268531e-02, 7.139725208400008e-02, 9.289392205197149e-01, 7.512297426604603e-02
1564, -1.986365717856993e-01, 1.042545747070815e-02, 7.142450413129170e-02, 9.241763189370619e-01, 9.208113359428184e-02
1565, -1.916688902506603e-01, -4.146188351967976e-02, 8.798059608892168e-02, 9.118271693047484e-01, 7.213941955773999e-02
1566, 8.998815994294958e+00, 2.005435939454217e+00, -8.786056877155462e-04, 9.946156328071515e-01, -4.677605657002601e-03
1567, 9.126042108733138e+00, 1.623125932667705e+00, -1.251246738654760e-03, 9.918508768583666e-01, -4.569942233154888e-03
1568, 9.524500798251227e+00, 1.343672770088104e+00, -2.014785353197819e-03, 9.908374348426243e-01, -4.323543976263488e-03
1569, -1.190331452125213e+00, 2.516617220128807e+00, -1.189779626950646e-02, 1.012721668910694e+00, 7.659724671407664e-03
1570, -2.112591066931253e+00, 4.823563873839603e+00, -7.409145589474883e-03, 1.007295392172409e+00, 1.841201209304528e-03
1571, 5.707514637188094e+00, -2.815116982860002e+00, 4.631063514865574e-03, 1.002147295202427e+00, -4.327169078019139e-03
1572, 5.529746596808037e+00, -3.150294249762980e+00, 4.938527479472723e-03, 1.001437899165895e+00, -3.945048175811308e-03
1573, 5.821207272066289e+00, -1.408978011924257e+00, 2.718125132712252e-03, 1.010860170941586e+00, -7.054880257622151e-03
1574, -6.300149485025892e+00, 3.687666488852205e+00, -1.234168932352546e-03, 1.001477576150259e+00, 1.853140267087555e-03
1575, -6.091963153840212e+00, 4.008669629074674e+00, -1.567354113600870e-03, 1.001695430686330e+00, 1.714876457763183e-03
1576, -7.141016923465267e+00, 3.729188194043802e+00, -7.463526641214070e-04, 1.000956239988385e+00, 1.327761273756914e-03
1577, -7.485684354514158e+00, 3.981497776054377e+00, -7.075162981393741e-04, 1.000778650008807e+00, 1.030263757770847e-03
1578, -2.385836367480757e+00, -4.620564007863956e+00, 1.035859163670631e-02, 9.951677072579626e-01, 1.330144671978272e-03
1579, -2.392460028114779e+00, -5.132097182098691e+00, 1.051764400426107e-02, 9.953187297540182e-01, 7.854576978607031e-04
1580, -8.140949155585245e-01, -2.948098674667790e+00, 1.459323149815164e-02, 9.907936816103096e-01, 1.551513251825642e-03
1581, -3.134813075228809e-01, -3.050567203278340e+00, 1.473904237541194e-02, 9.906084915487772e-01, 1.824394374241861e-04
1582, -1.261873647948723e+00, -4.381909507985089e+00, 1.185273937235243e-02, 9.938278846477625e-01, 8.853506055517711e-04
1583, -8.042430701671079e-01, -4.576930650348862e+00, 1.233658869403842e-02, 9.937143360811703e-01, 4.016583867391751e-04
1584, -1.330107193867881e+00, 1.706917025101442e+00, -1.121108886418552e-02, 1.012454634944984e+00, 1.340583411041065e-02
1585, -1.636534905220460e+00, 1.214663460672740e+00, -5.789490051603133e-03, 1.007742290880185e+00, 1.625575351351828e-02
1586, -1.830015600006812e+00, 2.454879404286742e+00, -8.514165351045409e-03, 1.009246284482579e+00, 8.313366010184862e-03
1587, -1.721940117841921e+00, 2.893485538743568e+00, -8.963143325661163e-03, 1.009740539774416e+00, 6.497886931135738e-03
1588, -1.504432507530575e+00, 2.621533166041039e+00, -1.038809146350418e-02, 1.010961787863290e+00, 7.741544810087250e-03
1589, 2.897554982457205e+00, -2.575713265952788e+00, 9.714528253229949e-03, 9.959543209605372e-01, -6.686822892639702e-03
1590, 2.541619454274934e+00, -2.920600505814621e+00, 1.041274554766115e-02, 9.953974330335310e-01, -5.869879585373808e-03
1591, 2.462775726913391e+00, -2.595432645205908e+00, 1.125604809754907e-02, 9.947769324750794e-01, -6.601318736364783e-03
1592, 2.863606948226653e+00, -4.342261719510737e+00, 9.538216738528551e-03, 9.968861626571457e-01, -2.711459920934993e-03
1593, 6.891270800093190e+00, -4.431063740404753e+00, 4.177779445283572e-03, 1.003182882133128e+00, -1.660895933124684e-03
1594, 6.460741318451391e+00, -4.527038525114553e+00, 4.489299014039447e-03, 1.002681368597419e+00, -1.754603569725456e-03
1595, 4.305270683151935e+00, -2.028504032162003e+00, 5.791331877524790e-03, 1.000786681930457e+00, -7.487040731590809e-03
1596, 4.326858195663298e+00, -2.406769940543883e+00, 5.980806102872552e-03, 9.997876355382599e-01, -6.386479284027771e-03
1597, 4.055289517326207e+00, -2.232216672497359e+00, 6.467347610049554e-03, 9.994145225559181e-01, -7.159605654080203e-03
1598, -1.088902585778087e+00, 9.703408260245702e-01, -9.728047430749228e-03, 1.011741707641393e+00, 2.336792253441876e-02
1599, -1.044730752484089e+00, 6.750390960923583e-01, -5.716404314138410e-03, 1.008240184047453e+00, 2.838581878298720e-02
1600, -2.775253169435798e+00, 5.127299289617686e-01, 1.734379631679117e-03, 1.000716304030742e+00, 1.162192274041795e-02
1601, -8.799480780736445e+00, -2.331993025023834e+00, 3.908594954783753e-03, 1.000278144670124e+00, 7.084857297791001e-04
1602, -8.787160089572589e+00, -1.810081983834191e+00, 3.634767789926121e-03, 1.000267779850449e+00, 7.760167388198121e-04
1603, -9.118324556743060e+00, -6.843790038005043e-01, 2.786076994822669e-03, 1.000277377074975e+00, 6.105562538570867e-04
1604, -7.451889126645265e+00, -4.589561600178567e-01, 2.790901422679173e-03, 1.000166591306058e+00, 2.049750967637045e-03
1605, -6.995941608150932e+00, -4.923407983394917e-01, 2.902412214749784e-03, 1.000053832399276e+00, 2.455996446404749e-03
1606, -8.720663420163367e+00, -1.400094918560195e+00, 3.258201084612194e-03, 1.000262124905439e+00, 8.600375096274864e-04
1607, 4.825446254056394e+00, -1.545255017172889e+00, 3.880916198092160e-03, 1.008130576092376e+00, -8.939435695139174e-03
1608, 3.110528302679338e+00, -1.175473188977056e+00, 7.765374794494958e-03, 1.006817780960383e+00, -1.373360366767612e-02
1609, 3.578182909494024e+00, -1.222255556003510e+00, 6.895283860683549e-03, 1.007647718137883e+00, -1.240576639053937e-02
1610, -1.710758471115760e-01, -4.637674328167964e+00, 1.215610488122099e-02, 9.937293779804884e-01, -1.438410651407160e-04
1611, 8.569384486592151e-02, -4.467843166315493e+00, 1.236802185774285e-02, 9.935004502799197e-01, -4.238390729835018e-04
1612, 8.247493350482153e-02, -4.896711041576832e+00, 1.201558176541345e-02, 9.941240948594540e-01, -3.100031653125738e-04
1613, 3.387958931300297e-01, -3.300497836697995e+00, 1.434493459217511e-02, 9.913746041804767e-01, -1.482238820804204e-03
1614, 1.746663588115895e-01, -3.638341908332635e+00, 1.335827706727427e-02, 9.922229703214560e-01, -9.498972887739921e-04
1615, -7.673812529489640e+00, 4.283973717867430e+00, -7.089670353788996e-04, 1.000709937929907e+00, 7.985711573855565e-04
1616, -7.770975645383986e+00, 3.904022174920453e+00, -5.250528610238178e-04, 1.000671378677127e+00, 9.350977866734566e-04
1617, -7.973258242355620e+00, 4.124219423962201e+00, -5.872852717817535e-04, 1.000590826105554e+00, 7.425127574553106e-04
1618, -7.721466420600858e+00, 2.494431316416795e+00, 2.956699309511049e-04, 1.000572320032268e+00, 1.471231104630501e-03
1619, -3.402040470815717e+00, -6.422997553468025e-01, 5.585675484708228e-03, 9.976883527841324e-01, 8.210236070234477e-03
1620, -3.068118470065594e+00, -9.792854852408461e-01, 7.224675442604174e-03, 9.963515076140811e-01, 8.544686865061230e-03
1621, -4.815303133404242e+00, -1.079041033206052e+00, 4.731661894476867e-03, 9.988235774135182e-01, 4.892258847065010e-03
1622, -9.096937166490230e+00, 1.388122859952255e+00, 1.342333304508391e-03, 1.000297739062254e+00, 6.319866108502654e-04
1623, -9.803119461443002e+00, 1.230813087990059e+00, 1.400628337676112e-03, 1.000247213682874e+00, 1.250774989009120e-04
1624, 7.786102861581361e+00, 4.949138510248406e+00, -1.483526782097593e-03, 9.987789156088974e-01, -1.313156915141618e-03
1625, -4.267341898463571e+00, 3.843493789661667e+00, -3.486125893653126e-03, 1.003643336089090e+00, 3.078377543276009e-03
1626, 9.505587722489469e+00, -3.425269256802614e+00, 2.018835148628152e-03, 1.005601339260733e+00, -1.827354726116825e-03
1627, 9.802233810409081e+00, -4.000038510671156e+00, 1.572716931327794e-03, 1.005795524272961e+00, -1.344262057890222e-03
1628, 3.944391084751717e+00, 6.736787090589578e-01, -3.675850647870436e-04, 9.789261678869283e-01, -1.400925759727943e-02
1629, 4.152669397061007e+00, 2.268450180463855e+00, -4.518736684924057e-03, 1.005745235190071e+00, -6.857910252707202e-03
1630, 4.470119730429916e+00, 2.523102476111990e+00, -4.241826475053203e-03, 1.004771447036618e+00, -6.189589486522468e-03
1631, 4.496715154030590e+00, 2.162882173418922e+00, -3.601980484574202e-03, 1.006170293847591e+00, -6.431030339666249e-03
1632, -3.623022087293807e+00, 1.885777414766606e+00, -1.805266422568902e-03, 1.003267502752735e+00, 6.974642795572888e-03
1633, -3.559609175535191e+00, 1.462345160951248e+00, -1.000391274434681e-03, 1.002683995859663e+00, 7.649454102280150e-03
1634, -3.859322045993162e+00, 1.660219464065811e+00, -1.049688196669223e-03, 1.002599259998205e+00, 6.859232233778064e-03
1635, -5.569328940692851e+00, 1.258960768147545e+00, 8.052259613031456e-04, 1.000944343092391e+00, 4.119357569857671e-03
1636, 7.694281602750152e+00, -3.403488551893618e+00, 3.044563140596320e-03, 1.004109862002335e+00, -2.349541452953889e-03
1637, 7.577819595846728e+00, -3.841908722762418e+00, 3.374089606081905e-03, 1.003822341626716e+00, -1.932343204329776e-03
1638, 7.378380398130192e+00, -3.554392768146560e+00, 3.405443817638693e-03, 1.003617519225906e+00, -2.326486971537420e-03
1639, 5.856855441816553e+00, -4.185467459124832e+00, 5.188990937729913e-03, 1.002018373518125e+00, -2.359342556618671e-03
1640, 5.976303400692827e+00, -3.754407017232995e+00, 4.708081878688842e-03, 1.002014989240163e+00, -2.845314335058696e-03
1641, 6.221880349468676e+00, -4.029447948747695e+00, 4.628049101924958e-03, 1.002398065917516e+00, -2.413422680047001e-03
1642, 8.697160024418743e+00, 6.356014185331299e-01, -1.038729247017311e-03, 9.872053760488082e-01, -3.136530994613965e-03
1643, 7.430260911907739e+00, 2.081194345242487e+00, -1.103951727820240e-03, 9.970780232538881e-01, -4.947121786075115e-03
1644, 7.425032162121014e+00, 1.514872271908996e+00, -1.314316753678342e-03, 9.914931085880589e-01, -6.041549240841960e-03
1645, 7.126809190773875e+00, 1.762145002932092e+00, -6.488823445302439e-04, 9.950317330681566e-01, -5.905597769089749e-03
1646, 5.906030571568828e+00, 2.033629400744720e+00, -2.565130635925982e-03, 1.001090941673481e+00, -5.784571211770463e-03
1647, 6.210487710080552e+00, 2.321930722205392e+00, -9.369918124049739e-04, 1.002319868404178e+00, -5.033840566576657e-03
1648, 6.293740437396247e+00, 1.968431591696811e+00, -1.228103600872335e-03, 9.990167453505173e-01, -6.099458687249498e-03
1649, -7.071048167866566e+00, -8.590249794509573e-01, 3.289911767959752e-03, 1.000019071327065e+00, 2.345408844004975e-03
1650, -2.562395447679612e+00, -7.519627662247251e-01, 8.032226696483307e-03, 9.955111063651721e-01, 1.027881905136891e-02
1651, -2.969890937498941e+00, -5.456505899293619e-01, 6.021096804094845e-03, 9.971547986854032e-01, 9.690500052241211e-03
1652, -9.618323405765037e-01, -4.293589756410688e-01, 2.110313060623640e-02, 9.820233285947422e-01, 2.189203683294718e-02
1653, -8.158300283111082e-01, -6.030104774117797e-01, 2.446997780625958e-02, 9.784950171797636e-01, 1.771994756803490e-02
1654, 5.146981747863943e+00, 4.971383045420105e+00, -4.559889192167262e-03, 1.002571223173814e+00, -1.791108078429902e-03
1655, 5.553409389374343e+00, 4.676459698949149e+00, -3.997042491475256e-03, 1.001792748648547e+00, -2.142788620031161e-03
1656, 4.068601376856825e+00, 4.776415727353316e+00, -6.125813329625088e-03, 1.004472724625334e+00, -2.162678616070349e-03
1657, 4.384562308738994e+00, 5.182964877169375e+00, -5.571190606458630e-03, 1.004066358476786e+00, -1.460715517281833e-03
1658, 4.464076382855152e+00, 4.848249921298156e+00, -5.558760545934090e-03, 1.003716239253412e+00, -2.092625751963951e-03
1659, -4.564647502062779e+00, -4.494352950994335e+00, 7.688094029119783e-03, 9.976202612636081e-01, 1.482345717888929e-03
1660, -5.075601388802816e+00, -4.510363698992826e+00, 7.127098908262413e-03, 9.980929135138575e-01, 1.374620469747793e-03
1661, -4.253445009710273e+00, -5.058607408451739e+00, 8.150023815813029e-03, 9.973286756957371e-01, 9.549817720559036e-04
1662, -3.900458974501044e+00, -5.188463832555553e+00, 8.630884715567553e-03, 9.969452370065176e-01, 8.649584499147579e-04
1663, 9.520886458614546e+00, 4.324294714529277e+00, 4.854268033520729e-04, 9.971235483483775e-01, -1.670805777435217e-03
1664, 9.408636295901305e+00, 4.059827674540895e+00, 2.340343873840947e-04, 9.973244332750919e-01, -1.871430691167398e-03
1665, -8.090279672794601e+00, -4.247187573750972e+00, 4.936845216463029e-03, 1.000091857933439e+00, 5.650637338587361e-04
1666, -8.515616660426343e+00, -4.272463725641853e+00, 4.873593430169664e-03, 1.000213428078228e+00, 4.492184139464921e-04
1667, -8.270790591072579e+00, -3.902021517538697e+00, 4.795769025575273e-03, 1.000159405465761e+00, 6.000298022496416e-04
1668, -9.804356442322975e+00, -4.307648501448075e+00, 4.624966033764098e-03, 1.000378130637327e+00, 5.012048073934980e-05
1669, -9.560748391930089e+00, -4.324989163416951e+00, 4.534828994403001e-03, 1.000378443107568e+00, 1.219915844620488e-04
1670, -3.249213651134067e+00, 4.694381300107864e+00, -5.372353571297668e-03, 1.005301419203431e+00, 2.026459340646357e-03
1671, 4.620039120542168e+00, -6.617506442811782e-02, 1.930142073877328e-03, 9.862083221815550e-01, -9.278055881065530e-03
1672, 4.593682600205485e+00, -4.503072714056545e-01, 2.555938915353654e-03, 1.000602042276353e+00, -9.047112542415633e-03
1673, 3.336952946017854e+00, 4.251495540197725e+00, -7.342295887060769e-03, 1.006309149049933e+00, -3.364446880076846e-03
1674, 3.386709622645160e+00, 5.225692415991871e+00, -7.261987400877074e-03, 1.005714887087876e+00, -1.362709888962020e-03
1675, -9.754967187382407e+00, 4.007999964368238e+00, -6.813898841653875e-05, 1.000218192050620e+00, 1.002267654335878e-04
1676, -8.340052224558764e+00, 4.033535207258211e+00, -3.693455218320294e-04, 1.000468213197510e+00, 6.166335108490119e-04
1677, -8.573559812229487e+00, 4.341536552288267e+00, -4.120122893909905e-04, 1.000388594309878e+00, 4.452271811925887e-04
1678, -6.032857436771903e+00, -4.634149660579197e+00, 6.277697306608452e-03, 9.989712529330534e-01, 9.873219385470350e-04
1679, -2.309424913905738e+00, 2.899790011871999e+00, -6.950793989016842e-03, 1.007693412157868e+00, 6.499133394431011e-03
1680, -2.041584583338888e+00, 2.763999584671888e+00, -7.811178781624717e-03, 1.008557503195186e+00, 6.976418665669365e-03
1681, -2.868922699885738e+00, 4.553223787615666e+00, -6.088318099596024e-03, 1.006113193724915e+00, 2.432878402543803e-03
1682, -2.540144613168827e+00, 4.212557778609137e+00, -6.660110888398865e-03, 1.006772475169917e+00, 3.049570088817454e-03
1683, -2.982677864546318e+00, 4.171319062617521e+00, -5.811987215431980e-03, 1.005954471257991e+00, 3.118394971904575e-03
1684, -2.808206191939123e+00, -4.636684884169913e+00, 1.001414669243553e-02, 9.955566774509987e-01, 1.429856233786135e-03
1685, -3.510706056580123e+00, -5.725111745203239e+00, 8.951703437960177e-03, 9.965115707858041e-01, 3.145058905644521e-04
1686, -4.562956147822325e+00, -2.377096103635415e+00, 6.703907048364310e-03, 9.977866765004137e-01, 3.900193221288852e-03
1687, -5.000253956119011e+00, -2.489853902001528e+00, 6.196937096225083e-03, 9.982627961326318e-01, 3.381794135730549e-03
1688, -3.691220477798540e+00, -3.710873632205283e+00, 8.743296765648884e-03, 9.964753515897936e-01, 2.575645244285630e-03
1689, -4.189507822212262e+00, -3.576135725608427e+00, 7.861865128873545e-03, 9.971548848869934e-01, 2.583851165042545e-03
1690, -3.911938650964923e+00, -3.348696151003373e+00, 8.194756458094967e-03, 9.967282965416752e-01, 3.006598269325240e-03
1691, -6.480135936607067e+00, 2.519162833087163e+00, -2.227444480313372e-04, 1.001103979584471e+00, 2.477411926291166e-03
1692, -6.118021155093667e+00, 2.836744956969540e+00, -6.936289964918905e-04, 1.001398780856455e+00, 2.603972129130069e-03
1693, -6.080816467794269e+00, 2.538514911796514e+00, -3.935775977292718e-04, 1.001339582576398e+00, 2.850459548546553e-03
1694, -6.646687402495711e+00, 3.773540570595380e+00, -9.887811812901868e-04, 1.001240692474111e+00, 1.592003624193792e-03
1695, -2.706168601613184e-01, 1.246155926775374e+00, -3.002774676228164e-02, 1.030124959895105e+00, 1.741729287104708e-02
1696, 6.604998484542807e-02, 1.523497194198951e-01, -2.818303783966028e-01, 1.227484719347263e+00, 1.874397965516222e-01
1697, 7.923518576090596e-02, 1.631764705931474e-01, -2.689594980516791e-01, 1.220675136770023e+00, 1.603835762073490e-01
1698, -8.888422155865078e+00, -9.661226224491968e-01, 3.026998451929200e-03, 1.000296858655016e+00, 7.952618229471397e-04
1699, -9.065977571536077e+00, -1.399816454150596e+00, 3.279360330765303e-03, 1.000317094644726e+00, 6.386929849922581e-04
1700, -9.104013483687229e+00, -2.598017214171824e+00, 4.007843304466057e-03, 1.000331372430155e+00, 4.560408400488848e-04
1701, -9.216052475285258e+00, -2.185666134006585e+00, 3.774645065492035e-03, 1.000316737442681e+00, 4.574103758019006e-04
1702, 6.747681839885106e+00, 1.932622723769203e+00, -1.985868925885805e-03, 9.971848385684361e-01, -5.616471207949830e-03
1703, 7.896845994381544e+00, 2.792307806722786e+00, -1.201824783855715e-03, 1.000158464103485e+00, -3.764731083767062e-03
1704, 7.540840251804718e+00, 2.596431982921613e+00, -1.349401824862882e-03, 1.000307755786804e+00, -3.809402057742175e-03
1705, 7.711121608804097e+00, 3.067209823181937e+00, -1.485150738641922e-03, 1.000040253214096e+00, -3.218555484936037e-03
1706, -9.085403541084760e+00, 4.812517872051933e+00, -4.069948917098345e-04, 1.000283840604339e+00, 2.096624225950500e-04
1707, -8.683406135000959e+00, 4.875039423967726e+00, -5.610785431595205e-04, 1.000385519949471e+00, 2.820925708591731e-04
1708, 8.620065804014773e-01, -2.423314834816848e+00, 1.632768403089651e-02, 9.891763385588078e-01, -4.325640962656939e-03
1709, 1.039826926491057e+00, -2.128743762146407e+00, 1.639012304518756e-02, 9.887374783627952e-01, -6.001520282159899e-03
1710, 1.194339798674015e-01, -2.909250662886603e+00, 1.527538485514377e-02, 9.901145342689095e-01, -1.001520220117406e-03
1711, -3.322159030988723e+00, 8.363308829420248e-01, 7.222416183340223e-04, 1.001423111405379e+00, 9.153151646305462e-03
1712, -1.822630201700218e+00, 2.013601185542605e-01, 4.684872249662196e-03, 9.982802949780678e-01, 1.822403012102409e-02
1713, -1.864071084209646e+00, -3.057751158434820e-01, 8.611675089940721e-03, 9.945365366338956e-01, 1.572559875096701e-02
1714, 2.727097614174591e+00, 9.389340576917685e-01, -5.713950036771898e-03, 1.000703072340431e+00, -1.745512001285839e-02
1715, 2.734029740747385e+00, 1.263910461343923e+00, -8.118889918327783e-03, 1.007953356595857e+00, -1.372224899446483e-02
1716, 3.275672919641334e+00, 3.050186552467522e+00, -7.228535038747724e-03, 1.006507288109781e+00, -6.476853831626749e-03
1717, 2.950171723615326e+00, 2.686810437404503e+00, -8.484582109826517e-03, 1.007707445058639e+00, -7.765733825025894e-03
1718, -8.260167242319159e+00, 3.241822005881802e+00, 1.060158493128023e-05, 1.000444963909251e+00, 8.802230295697960e-04
1719, -8.069505485910703e+00, 3.661858825235478e+00, -2.586951207155374e-04, 1.000533912770279e+00, 8.679804647984598e-04
1720, -7.905848003649394e+00, 3.298957559871981e+00, -1.782184530804702e-04, 1.000575061722935e+00, 1.077942978897557e-03
1721, -8.116047223678715e+00, 2.586773578463909e+00, 3.178587867899672e-04, 1.000452908333336e+00, 1.125129620204742e-03
1722, -8.067769512168869e+00, 2.915322590840385e+00, 8.029061414459592e-05, 1.000504028044883e+00, 1.098250075957286e-03
1723, 9.236115955820479e+00, -4.869888806519384e+00, 2.244885753980834e-03, 1.005006477047604e+00, -8.826402534329860e-04
1724, 9.027478238044941e+00, -5.209063640902587e+00, 2.061611947652859e-03, 1.004898612012605e+00, -6.639673834363848e-04
1725, 8.856203360041821e+00, -4.953755614349616e+00, 2.467785495735812e-03, 1.004717327014375e+00, -7.958728500987193e-04
1726, 5.885547233169032e+00, -4.605975454092400e+00, 5.107157913103255e-03, 1.001943491809979e+00, -1.826243154622929e-03
1727, -5.505593197579473e+00, -7.856533882514953e-01, 3.853803536271772e-03, 9.994769848803408e-01, 4.140630589958773e-03
1728, -5.933332361995693e+00, -7.346721256036028e-01, 3.561650043695127e-03, 9.997013564332570e-01, 3.615702458853584e-03
1729, 3.666489648721814e+00, 9.298569077561030e-01, -2.971363625364988e-03, 9.887129070393654e-01, -1.441421110805017e-02
1730, 2.007568816533198e+00, 1.199779814946071e-01, -4.863935379680482e-03, 9.399790678038215e-01, -2.771556881202424e-02
1731, 2.219429836213715e+00, 3.226860606115944e-01, -1.265377623361400e-03, 9.541002059516809e-01, -3.166931551400819e-02
1732, 2.208549502156452e+00, 3.262086092474396e-02, 1.837922618671372e-03, 9.579890508556522e-01, -2.061829374067565e-02
1733, 7.928444381578859e+00, -3.676540461796360e+00, 2.997968998115782e-03, 1.004235019230809e+00, -1.963450613628256e-03
1734, 8.511285951079007e+00, -4.931931255717840e+00, 2.589940371754740e-03, 1.004477836428665e+00, -8.756141462915400e-04
1735, 8.696129496127407e+00, -4.504191806156073e+00, 2.463892571959709e-03, 1.004693847689984e+00, -1.146393317606990e-03
1736, -8.594165188799986e+00, -3.520801862085658e+00, 4.549107037803916e-03, 1.000234163604777e+00, 5.981900310714026e-04
1737, -9.316322005958627e+00, -3.731759592585290e+00, 4.510988339781527e-03, 1.000359142330869e+00, 2.435072250142717e-04
1738, -9.099876127024123e+00, -4.098288128024091e+00, 4.675357332485226e-03, 1.000345959848379e+00, 2.888618413769484e-04
1739, -9.401526738562969e+00, -4.102112214735627e+00, 4.619640035922746e-03, 1.000373535923749e+00, 1.831408928679041e-04
1740, -6.255599451343013e+00, 4.930453299730273e+00, -1.779252039870915e-03, 1.001606888856145e+00, 8.796855873969039e-04
1741, -5.916280875704503e+00, 5.588519007621244e+00, -2.190224242993906e-03, 1.001941961139368e+00, 3.798406242096007e-04
1742, 6.015112892387012e+00, 4.456333992305516e+00, -3.273460839142119e-03, 1.001091140627008e+00, -2.348226449746048e-03
1743, -3.285253623521786e+00, 3.403794354324431e+00, -4.751785598438321e-03, 1.005154754880155e+00, 4.484003212088502e-03
1744, -4.317387457376602e+00, 2.820032930743427e+00, -2.480152530940046e-03, 1.003207501387605e+00, 4.450045011345403e-03
1745, -6.481439694849336e+00, 2.116149413177177e+00, 2.177296617229057e-04, 1.000943504491745e+00, 2.682645969031458e-03
1746, -6.876254960494478e+00, 2.262553029869401e+00, 1.191642915083605e-04, 1.000835454219646e+00, 2.228267089515606e-03
1747, -6.169137636904900e+00, 2.269649762627389e+00, -1.719350278055233e-04, 1.001172825055368e+00, 2.902436876888531e-03
1748, -3.290751897018854e+00, 2.659955720191296e+00, -4.036126276110681e-03, 1.004926620175689e+00, 6.128087493860353e-03
1749, -2.977884087869929e+00, 1.343834850568104e+00, -1.619988375822457e-03, 1.003429250243010e+00, 9.634872089319783e-03
1750, -2.583627393402490e+00, 1.534364812244141e+00, -3.144728836989233e-03, 1.004905103696101e+00, 1.045956557878078e-02
1751, 4.821685255315998e+00, -2.880734429264883e+00, 5.615800732145002e-03, 1.000512301412529e+00, -4.922853785997240e-03
1752, 5.173220065065091e+00, -3.096462873554117e+00, 5.377146730931310e-03, 1.000762113154092e+00, -4.221245107814665e-03
1753, 6.724870540252992e+00, -1.177882182625683e+00, 2.317987334501679e-03, 1.010688627065931e+00, -5.409009556605116e-03
1754, 6.978668034432133e+00, -8.858130166855980e-01, 9.778534406209999e-04, 1.007564631838405e+00, -4.246674786499300e-03
1755, 7.813641747542416e+00, 3.773469661836528e-01, -7.558083754025385e-04, 9.858329349366739e-01, -3.976405915349472e-03
1756, 7.481335897834072e+00, 1.062717893256892e-01, 1.277649510650511e-05, 9.888924889041403e-01, -4.001937394053577e-03
1757, 5.089933571895403e+00, -4.018767743998796e+00, 5.999962454782032e-03, 1.000857906967793e+00, -2.957665797448129e-03
1758, 4.730089100573741e+00, -4.123436756970305e+00, 6.612904806887562e-03, 1.000311592592797e+00, -2.927948106961702e-03
1759, 3.769047682145494e+00, -3.785353961113928e+00, 7.956192389911068e-03, 9.985006717267876e-01, -3.834137567053731e-03
1760, 3.585428710151195e+00, -4.198335619349823e+00, 8.437929606735586e-03, 9.983429179429496e-01, -3.078773340420034e-03
1761, 3.455254585904362e+00, -3.830758273779424e+00, 8.523703608528912e-03, 9.979506726887000e-01, -3.774242632667212e-03
1762, 3.261700330696110e+00, -4.503213204388064e+00, 9.025799567841735e-03, 9.978590321821071e-01, -2.380750188409669e-03
1763, 3.562369005475930e+00, -4.880452819465904e+00, 8.387395788155781e-03, 9.982754317662565e-01, -1.857672852242964e-03
1764, 3.071916545896265e+00, 3.540411158624482e+00, -7.995921799555045e-03, 1.007074142907610e+00, -5.064625193964987e-03
1765, 2.917658593847623e+00, 3.073078431907557e+00, -8.039164212538957e-03, 1.007768111433215e+00, -6.502287693913668e-03
1766, 4.389221084301679e+00, 2.908508517771143e+00, -4.716628065525294e-03, 1.004045989101162e+00, -5.871443919652161e-03
1767, 4.434814595767571e+00, 3.268105759464214e+00, -4.914216367020121e-03, 1.003825749823583e+00, -5.167788244996617e-03
1768, -1.506850869363266e+00, -3.037418102035733e+00, 1.325397702315216e-02, 9.920783851143427e-01, 2.960595818974318e-03
1769, -3.578780679347742e+00, -4.227804039341639e+00, 8.827794599185264e-03, 9.964264583592227e-01, 1.951090029961933e-03
1770, -4.382910780011977e+00, -4.157916462461301e+00, 7.854925825072866e-03, 9.973792283857429e-01, 1.877290692978078e-03
1771, -1.825861209725475e+00, 3.894831129499521e+00, -8.415730857453412e-03, 1.008526925175017e+00, 3.581608199020551e-03
1772, -2.225471385066360e+00, 3.953107495039466e+00, -7.356106926489558e-03, 1.007534428880087e+00, 3.547171592743287e-03
1773, -3.279995715300990e+00, 1.702855120626946e+00, -2.019851812738854e-03, 1.003525832406210e+00, 8.069622092733177e-03
1774, -3.304720556137888e+00, 1.180678401413657e+00, -6.419711611742634e-04, 1.002481120968060e+00, 8.855988307844290e-03
1775, -6.742185874440310e+00, -5.209731717158245e+00, 5.872891991888310e-03, 9.994178856224630e-01, 4.736667904440797e-04
1776, -6.461564583760452e+00, -4.830576338365085e+00, 6.010009921408312e-03, 9.992310322793309e-01, 7.566616554975881e-04
1777, -3.930633013964008e+00, -1.107304283239641e-02, 3.432148940606932e-03, 9.994840686356138e-01, 7.411700956179853e-03
1778, -4.028975168548601e+00, -4.607251158186227e-01, 4.300924996733133e-03, 9.988465056791953e-01, 6.809519457245427e-03
1779, -4.553154057057715e+00, 9.409297508752800e-01, 9.608336180352173e-04, 1.001047412740488e+00, 5.965029150613286e-03
1780, -3.586092939422058e+00, -3.322051717228284e+00, 8.751678260333190e-03, 9.962316415273975e-01, 3.163811992856476e-03
1781, -3.136186510148214e+00, -3.214692472890728e+00, 9.395639648171625e-03, 9.955540884410931e-01, 3.394009532912244e-03
1782, -3.252340024760044e+00, -3.531684139488012e+00, 9.277371061358716e-03, 9.958195329575780e-01, 2.920351240405554e-03
1783, -2.054904595878699e+00, -3.324899009828715e+00, 1.149357374678596e-02, 9.935984672381241e-01, 2.920772661027821e-03
1784, -2.284744369690263e+00, -3.607152775316787e+00, 1.102083614271023e-02, 9.941987114520426e-01, 2.589302466885573e-03
1785, -7.020469212214695e+00, -3.700718301370397e+00, 5.306025180956011e-03, 9.996116570168997e-01, 1.211668245052451e-03
1786, -7.775538029624284e+00, -4.467425213402111e+00, 5.170387196189314e-03, 9.999898144771423e-01, 5.950526346572697e-04
1787, 8.933781318930402e-01, 3.684899615220429e+00, -1.257125307327985e-02, 1.012110440487266e+00, -1.562464120329299e-03
1788, 8.251049524917299e-01, 3.990977143960336e+00, -1.180507408396638e-02, 1.011593848521956e+00, -1.024024908652604e-03
1789, 2.600591205052889e+00, 2.496949609078664e+00, -9.416234884445551e-03, 1.009257237389808e+00, -8.801785037396837e-03
1790, 1.402359941715843e+00, 2.168564963530305e+00, -1.693917049889421e-02, 1.017507289966595e+00, -8.488190436464038e-03
1791, 1.052073836381981e+00, 2.262472597362178e+00, -1.840976685309395e-02, 1.018915583224921e+00, -5.905328114431029e-03
1792, -4.623035548040326e+00, -3.350898063576065e+00, 7.173950745324256e-03, 9.977028963374899e-01, 2.704691485081916e-03
1793, -4.960092558236725e+00, -3.550276149021558e+00, 7.010581999125795e-03, 9.979735574188747e-01, 2.303492208604358e-03
1794, -5.680048830494715e+00, -4.664223228673164e+00, 6.683786053586433e-03, 9.986423897249282e-01, 1.059379289010458e-03
1795, -4.180589321254999e+00, -1.461395442156737e+00, 6.070418529963563e-03, 9.977329442575582e-01, 5.498790556761600e-03
1796, -3.792948039963132e+00, -1.330531006999370e+00, 6.326391911349151e-03, 9.973903184308909e-01, 6.238778638145913e-03
1797, -2.789915272600175e+00, -1.222532984635049e+00, 8.760074819285195e-03, 9.951452511934635e-01, 8.466323383312050e-03
1798, 8.302804833158946e+00, 2.621778418306668e+00, -5.168645046153230e-04, 9.986124007069952e-01, -3.947990351293276e-03
1799, 7.858382175929586e+00, 2.452821218260246e+00, -1.460874890949183e-03, 9.988459288283772e-01, -4.244597552417255e-03
1800, 6.957049875057087e+00, 2.969765868924200e+00, -1.880481400566467e-03, 1.001206855862834e+00, -3.674098976646474e-03
1801, 7.353892675213960e+00, 2.881709162265520e+00, -1.456124852629173e-03, 1.001184242670941e+00, -3.519850988388202e-03
1802, 6.960947880523343e+00, -2.051257676654710e+00, 2.949236067106177e-03, 1.008137725943839e+00, -4.848346207269687e-03
1803, 7.167908810008802e+00, -2.334074530521934e+00, 2.838680581032248e-03, 1.006605273986876e+00, -3.998963158614442e-03
1804, 7.826452073555783e+00, -1.204786890788966e+00, 1.965814389241590e-03, 1.009539516893364e+00, -3.411265973372907e-03
1805, 8.679092354502133e+00, 2.324885026332147e+00, -7.435174755976220e-04, 9.969606401541684e-01, -4.361871417654657e-03
1806, 8.980469103458333e+00, 2.404230587445034e+00, -5.441984768779318e-04, 9.970847077532549e-01, -4.329085069023074e-03
1807, 9.426805626984581e+00, 2.617516526554398e+00, -2.903703260793233e-04, 9.969933927228868e-01, -4.394653280381479e-03
1808, 6.604634981231593e+00, -3.832684773240966e+00, 4.153456478082565e-03, 1.002805478759031e+00, -2.408987675344540e-03
1809, 6.498063951509353e+00, -4.208646650170158e+00, 4.506850037436352e-03, 1.002774320150971e+00, -2.038455873353454e-03
1810, 7.905675123435485e+00, -3.946612881544283e-02, 1.363332167054819e-04, 9.922040983308116e-01, -2.877710944398269e-03
1811, 7.489406640932075e+00, -3.800234255241612e-01, 1.186146148666518e-03, 9.979345946436057e-01, -3.221469798087692e-03
1812, 8.477598849954635e+00, -2.550924490127707e+00, 2.672024815275401e-03, 1.006669993343107e+00, -2.506578013118398e-03
1813, 8.028244507842139e+00, -2.360161112782269e+00, 2.460684789770239e-03, 1.007195616313866e+00, -2.990937653950380e-03
1814, 8.364823567380615e+00, -2.203549165269550e+00, 2.059580206897775e-03, 1.008212262020912e+00, -2.723207885908973e-03
1815, 3.616284224669806e+00, 4.537215262701519e+00, -6.837292221666260e-03, 1.005453420809171e+00, -2.714073625054809e-03
1816, 4.323974391065144e+00, 4.487473540839043e+00, -5.682376917216949e-03, 1.004011066304092e+00, -2.784564580955111e-03
1817, 7.979490578162572e+00, 5.278744010980155e+00, -1.249821779150346e-03, 9.986234893915954e-01, -8.741903744795860e-04
1818, 7.487821364416672e+00, 5.197184669978248e+00, -1.726598850819888e-03, 9.991997973111227e-01, -1.093118094840089e-03
1819, -6.678905774076267e+00, 9.505404735864316e-01, 1.483564928354863e-03, 1.000511361386052e+00, 2.801717957528764e-03
1820, -7.432677603015313e+00, 5.175298868304034e-01, 1.899617313484862e-03, 1.000330130333221e+00, 2.061481786892493e-03
1821, -7.325746116131851e+00, -2.712014652710546e+00, 4.616522797669742e-03, 9.998577472076970e-01, 1.532673554055822e-03
1822, 6.561987185113592e+00, -1.911195843021782e+00, 3.067604586457830e-03, 1.008328815759068e+00, -5.122011592019340e-03
1823, 5.529268534140543e+00, -9.874288510184995e-01, 3.197228830081445e-03, 1.010420665650572e+00, -7.606342291717504e-03
1824, 5.128496209275099e+00, -8.142033985043421e-01, 2.614631283240500e-03, 1.009399460500274e+00, -8.489895871474681e-03
1825, 1.075039687276506e+00, -9.149308146455445e-01, 2.218906089582851e-02, 9.842958988843902e-01, -1.305316935029296e-02
1826, 9.070445259561135e-01, -8.070753184296369e-01, 2.368753251730332e-02, 9.826867202698829e-01, -1.301431971168356e-02
1827, 2.706147974187433e+00, -4.019859155693828e-02, 6.464473505523783e-04, 9.753303988498179e-01, -1.388022545172831e-02
1828, 2.519203439359933e+00, 2.046620310069728e-01, 2.186547286715184e-03, 9.572031212894477e-01, -2.170721565633018e-02
1829, 1.138289643417004e+00, 1.803638203088120e+00, -2.110865702705139e-02, 1.021519655567644e+00, -9.696961725097991e-03
1830, 7.982647119180278e-01, 1.962425676237590e+00, -2.233598931470332e-02, 1.022857608754920e+00, -5.787604563195999e-03
1831, -8.219884120002957e+00, -4.607355588347185e+00, 5.016300860904836e-03, 1.000125164621414e+00, 4.326894527207513e-04
1832, -8.606577663404812e+00, -4.662446964479166e+00, 4.905323938408306e-03, 1.000237550960541e+00, 3.108519696184712e-04
1833, 3.293011175663293e+00, -2.496102277027016e+00, 8.743854597558838e-03, 9.969270202095021e-01, -6.718726347183106e-03
1834, 2.761975914466120e+00, -1.315978162424549e+00, 9.020047467986531e-03, 9.993648581042350e-01, -1.281080410269085e-02
1835, 9.591153948553051e+00, 5.866317344243277e-01, -2.931129928009047e-03, 9.903601147277336e-01, -1.380389096868619e-03
1836, 9.329517237124325e+00, 4.929114315767687e-01, -1.605590223484993e-03, 9.897220027528689e-01, -1.473326583710052e-03
1837, 2.507020873328493e+00, -5.201593501135783e+00, 9.937131936042296e-03, 9.966605757430377e-01, -1.131380964497369e-03
1838, 2.860950217167340e+00, -5.320516825943181e+00, 9.450042872341439e-03, 9.972388272692299e-01, -1.026446561861341e-03
1839, -1.792112944109053e+00, 5.240139493644869e+00, -7.936886133324494e-03, 1.007549759608081e+00, 1.102267836602202e-03
1840, -7.995238523824421e+00, -2.247509947053077e+00, 4.072689805538680e-03, 1.000130052458591e+00, 1.227986011819478e-03
1841, -5.525476679792230e+00, 3.793622849493265e+00, -1.842541481485138e-03, 1.002111921405128e+00, 2.244116376149161e-03
1842, -4.527931051295917e+00, 4.040835744684312e+00, -3.179323207193605e-03, 1.003350153737719e+00, 2.604569771880958e-03
1843, -4.899153386545588e+00, 4.059462973538237e+00, -2.765331124970447e-03, 1.002872009874000e+00, 2.339889052051491e-03
1844, -4.566938761681649e+00, 4.375593942400609e+00, -3.311021542055005e-03, 1.003354728805947e+00, 2.118668498100465e-03
1845, 5.338083262056732e+00, -5.054793172548663e+00, 6.039894261928852e-03, 1.001124112434102e+00, -1.343268909368447e-03
1846, 6.291579168156516e+00, -5.261111852583365e+00, 4.808015047315782e-03, 1.002252595868772e+00, -9.568766219399262e-04
1847, 1.695669443229540e+00, -3.121814462690180e+00, 1.249479233597885e-02, 9.933263144144889e-01, -4.422090551991649e-03
1848, 1.252157513645763e+00, -3.029539372591027e+00, 1.398124337986845e-02, 9.920064282323413e-01, -3.860003405480507e-03
1849, 6.718607613173516e+00, 3.279077177037811e+00, -1.944118631783217e-03, 1.001025019115881e+00, -3.437971752132462e-03
1850, 5.987668517654654e+00, 3.424837483136382e+00, -2.898605548639103e-03, 1.001419748766625e+00, -3.722667990855405e-03
1851, 6.113827826598574e+00, 3.967730417574276e+00, -2.983900832333324e-03, 1.000984788468399e+00, -2.967906502424531e-03
1852, -8.494546825079219e+00, -2.317308303600002e-01, 2.461070222974822e-03, 1.000247324032812e+00, 1.109324978768821e-03
1853, 7.070729950183331e+00, -8.861282462366032e-02, 8.482509091107018e-04, 9.920067013980829e-01, -4.557203994452336e-03
1854, 6.539350361925418e+00, 1.228588930517130e+00, -5.823440567707832e-04, 9.881758425396205e-01, -7.209880184098129e-03
1855, 6.596831596775728e+00, 8.053050031314586e-01, -4.180516659282608e-04, 9.827681305569563e-01, -6.986041266531908e-03
1856, 1.706773270848193e+00, -4.228865677739044e+00, 1.131800822060322e-02, 9.948161967976236e-01, -2.243321275295957e-03
1857, -4.913890772760033e-01, -4.583829150818838e+00, 1.227315481192007e-02, 9.936574173572609e-01, 1.904841435085310e-04
1858, 2.938718573926090e+00, -3.482141451528721e+00, 9.548942769552662e-03, 9.967898080945249e-01, -4.475584477719283e-03
1859, 2.551517067380578e+00, -3.615824540829226e+00, 1.029062304081224e-02, 9.960520833071632e-01, -3.987090726602483e-03
1860, -6.313142667967115e+00, -1.311413101166657e+00, 3.977299999140143e-03, 9.996787456567595e-01, 2.944528931547796e-03
1861, -6.741320394265142e+00, -1.236398842122227e+00, 3.736545835437359e-03, 9.998342576656218e-01, 2.539191516604584e-03
1862, -9.165233130166266e+00, -3.685351866565202e-01, 2.595562071142622e-03, 1.000312573696406e+00, 6.008684241770801e-04
1863, -9.312716131144354e+00, -2.109937019502141e-02, 2.301059057460282e-03, 1.000306045710209e+00, 4.932544675969494e-04
1864, -9.798569815244404e+00, 3.077413711872123e-01, 2.046437337170631e-03, 1.000284109985636e+00, 1.267079274436154e-04
1865, -5.261190603882066e+00, 2.506271319759353e+00, -9.908230853174244e-04, 1.001910089387227e+00, 3.687878459867538e-03
1866, -5.246979502903232e+00, 1.853776778507057e+00, -1.844019550453835e-04, 1.001483196351444e+00, 4.267796041882120e-03
1867, 5.547919735362838e+00, 3.089215409373290e+00, -3.286708031429128e-03, 1.002222719581108e+00, -4.338344178748261e-03
1868, -1.226503281066214e+00, -1.538640397412230e+00, 1.677252138465496e-02, 9.873659455746351e-01, 7.895692069658131e-03
1869, -1.622946724632766e+00, -1.355678954527632e+00, 1.432281674053379e-02, 9.895713532729054e-01, 9.436865935246282e-03
1870, -1.232283485164758e+00, -1.180676624349075e+00, 1.764199109590882e-02, 9.864143156339104e-01, 1.063176998127304e-02
1871, -1.531272084180384e+00, -2.889996075075475e-02, 8.199128201953305e-03, 9.948505285878013e-01, 2.021017316687451e-02
1872, -1.522667765273457e+00, -4.706147064379383e-01, 1.298958107966636e-02, 9.906309734580936e-01, 1.700784786394323e-02
1873, 6.350018346511299e-01, 4.715673562278301e+00, -1.082933147364700e-02, 1.010132453036789e+00, -3.460053875442469e-04
1874, -4.444041097884699e+00, -2.055077542479311e+00, 6.413043053124113e-03, 9.977310461636402e-01, 4.381562533108015e-03
1875, -4.289382988545961e+00, -1.742212480244030e+00, 6.273423296755836e-03, 9.977326377508076e-01, 4.961582827184619e-03
1876, -1.575339851969912e+00, 1.915057268525673e+00, -9.382116268888059e-03, 1.010811076214111e+00, 1.172501460128722e-02
1877, 2.024135869861930e+00, -1.514956489651358e-01, 1.240592943155127e-02, 9.884482634776652e-01, -1.867378965779832e-02
1878, 1.871248175697819e+00, -8.110016381491583e-03, 4.101606999552200e-03, 9.519412179848750e-01, -2.270245507285539e-02
1879, 3.409175506863863e+00, -7.317618788191980e-02, 3.002868770456295e-03, 9.845172995431778e-01, -1.265213797276813e-02
1880, 3.015657203260401e+00, -7.115268419382345e-02, -5.424591218252186e-04, 9.812173421103932e-01, -1.323430691861082e-02
1881, -6.622304264732183e+00, -9.507220914150593e-01, 3.485268343806457e-03, 9.998534918756286e-01, 2.744360133274369e-03
1882, -6.676668460044853e+00, -6.309176116568539e-01, 3.174309664094150e-03, 9.999692323605504e-01, 2.775831909309341e-03
1883, -7.791067223398731e+00, -5.445433911849661e-01, 2.787025509705595e-03, 1.000207336619713e+00, 1.694271847687611e-03
1884, -1.168725520428253e+00, 2.350597200498275e-01, 4.800217618078872e-03, 9.972733281894030e-01, 2.780225649597573e-02
1885, -9.003533673043650e-01, 2.847249449651937e-01, 4.744572996898715e-03, 9.987929057407544e-01, 3.615906105708539e-02
1886, -5.573961520167064e-02, -8.140871847917792e-02, 1.514095187745930e-01, 8.470448053038233e-01, 6.258663678310112e-03
1887, -3.371125668581613e-02, -8.463036469464512e-02, 1.568814253105517e-01, 8.427677307482802e-01, -1.313956557947573e-02
1888, 4.867296463789875e+00, -4.918674274278202e+00, 6.549958722429900e-03, 1.000462049238073e+00, -1.644319298910354e-03
1889, 3.018804500742995e+00, -2.210485378822625e+00, 9.401034523547735e-03, 9.960192421099159e-01, -7.876992184096472e-03
1890, 4.449735319277748e+00, -2.762543637309853e+00, 6.437504823862625e-03, 9.996741254177306e-01, -5.397346256863928e-03
1891, 1.281225189622166e+00, 4.844421861704783e+00, -1.010482042832450e-02, 1.009335670718910e+00, -9.717388226986315e-04
1892, 2.749650331682180e+00, 3.338775187582046e+00, -8.732407829136766e-03, 1.008202926807863e+00, -5.530758171740356e-03
1893, 1.625940739713928e+00, 4.618479867166226e+00, -1.002110298540293e-02, 1.009249336694995e+00, -1.678455227498544e-03
1894, 1.592704081568211e+00, 5.053226013553850e+00, -9.700013967121130e-03, 1.008700392582853e+00, -9.528546749012521e-04
1895, 6.044305933822304e+00, -1.053392862482321e+00, 1.845733708336862e-03, 1.010035186551152e+00, -6.353283519066808e-03
1896, 6.259400163228359e+00, -2.618210636554327e+00, 4.061414063786881e-03, 1.003613717552549e+00, -4.529477317958354e-03
1897, 6.671624748750824e+00, -2.260514422393574e+00, 3.346940772233219e-03, 1.005988035561798e+00, -4.638345909287700e-03
1898, 2.191670089795075e+00, -2.421904360536678e+00, 1.219610366709361e-02, 9.938218203155877e-01, -7.207926177631435e-03
1899, -7.912712390041670e+00, -3.291686035819058e+00, 4.708669090395474e-03, 1.000042900941688e+00, 9.628600417976008e-04
1900, -8.106661758865927e+00, -3.553675264736710e+00, 4.715893792604454e-03, 1.000092211715347e+00, 7.873342818365654e-04
1901, 8.724909123574420e+00, -3.181482784375340e+00, 2.872053888385984e-03, 1.005406601152696e+00, -2.088509366119691e-03
1902, 8.876633926302191e+00, 2.926367406686806e+00, -5.281142640832936e-04, 9.984969941684955e-01, -3.611477291364904e-03
1903, 8.692155069143938e+00, 2.680722697496826e+00, -1.391712421773578e-03, 9.982917198143093e-01, -3.775355788016879e-03
1904, 7.073139166192470e+00, -3.814755235412740e+00, 3.858851469348545e-03, 1.003398660635570e+00, -2.192956976484846e-03
1905, 7.363552967282854e+00, -4.186784405454459e+00, 3.645761791892342e-03, 1.003615037572639e+00, -1.738167652826207e-03
1906, 1.655907483353192e-01, 4.065571324547536e+00, -1.172188199768590e-02, 1.011582383508499e+00, 4.381017434086639e-04
1907, -2.882718976956948e-01, 2.924568797353586e+00, -1.428226006950799e-02, 1.014683201189077e+00, 3.120716015278639e-03
1908, 1.427194586712468e-01, 2.832837961184602e+00, -1.672581787689622e-02, 1.016028761773375e+00, 1.364232379777876e-03
1909, -8.359109806469402e+00, 1.045376427153992e+00, 1.524177493200287e-03, 1.000335808582143e+00, 1.221857685797071e-03
1910, -7.807865593195156e+00, 1.397841895383623e+00, 1.139770006208136e-03, 1.000427284279709e+00, 1.648463348748853e-03
1911, 6.732277184041158e-01, 7.764213563865316e-01, -5.463323634954730e-02, 1.053946188985375e+00, -2.561393780154515e-02
1912, 7.546832556185122e-01, 6.868738624300309e-01, -5.630376872100391e-02, 1.052926245972152e+00, -3.633577102396775e-02
1913, 6.539828210639518e-01, 7.479516521107550e-02, -1.118445467792767e-01, 9.817767148329455e-01, -1.533784867566219e-01
1914, 6.413448147455695e-01, 5.388481164333325e-02, -1.235861403336556e-01, 9.796128275947961e-01, -1.608829380317247e-01
1915, -4.118329540578622e+00, -2.767189050567742e+00, 7.624430130014777e-03, 9.970650231612684e-01, 3.760202844006495e-03
1916, -4.372604971570954e+00, -2.968583101715803e+00, 7.410361363675405e-03, 9.974225545637043e-01, 3.280357729483375e-03
1917, -4.519514874136958e+00, -2.681238627515930e+00, 6.891023231331005e-03, 9.976412311570472e-01, 3.580847798636389e-03
1918, 3.298222810010660e+00, -8.933944076234577e-01, 3.492572382691682e-03, 1.011517426556477e+00, -1.431264625038658e-02
1919, 4.412992370982442e+00, -8.685645683982717e-01, 4.262030506487048e-03, 1.011193021760183e+00, -1.057426143258228e-02
1920, 3.975025759584169e+00, -8.770461123324920e-01, 4.193222804127867e-03, 1.011607296991265e+00, -1.197843885817883e-02
1921, -1.306642027185142e+00, 5.064185907331679e-02, 7.414935134890700e-03, 9.946049940121501e-01, 2.413148645545914e-02
1922, -4.806222939895755e+00, -2.886290265213894e+00, 6.738931515824591e-03, 9.979682452835492e-01, 3.077816110533496e-03
1923, 8.565778425168948e-01, -4.445634142187532e+00, 1.214254664771579e-02, 9.939310536110365e-01, -1.234571917491760e-03
1924, 4.764963829705349e+00, 2.713810993638717e+00, -3.925424107097330e-03, 1.004000345191460e+00, -5.605481690210970e-03
1925, 4.710605781454309e+00, 3.895429379042124e+00, -4.942143611752463e-03, 1.003135494263459e+00, -3.768980026613854e-03
1926, 4.426727742760193e+00, 3.645317763504830e+00, -5.209186904885197e-03, 1.003893736590410e+00, -4.450145916721396e-03
1927, -5.924294562278218e+00, 6.398791661895693e-01, 1.733099775767471e-03, 1.000459604599279e+00, 3.825251810346016e-03
1928, -4.576211882559983e+00, 1.613011360489046e-01, 2.557751910470576e-03, 1.000015474149519e+00, 5.990835280255806e-03
1929, -4.523662940342028e+00, 4.818862218815357e-01, 2.065397291822462e-03, 1.000417988201581e+00, 6.169241684405970e-03
1930, -6.084841998797262e+00, 3.058052544565912e-01, 2.182297973238262e-03, 1.000296679221806e+00, 3.584677547481732e-03
1931, -6.411020071082111e+00, 6.401721776718183e-01, 1.735670400335585e-03, 1.000431025103795e+00, 3.191199050113318e-03
1932, -6.420017475262379e+00, 1.225168284029859e+00, 1.062174340280684e-03, 1.000648944570670e+00, 3.061485809641769e-03
1933, -1.047112181395622e+00, -2.589812994027066e+00, 1.498475067365883e-02, 9.901119439207382e-01, 2.942253921806920e-03
1934, -7.237489920729127e-01, -2.472432168936416e+00, 1.619683230426188e-02, 9.890367215681680e-01, 2.298667389571386e-03
1935, 4.954864148418155e+00, 4.250642729831133e+00, -4.660971950659772e-03, 1.002839507410117e+00, -3.087353884271560e-03
1936, 1.343912292991384e+00, 1.830040412517042e-01, 3.915535854228174e-03, 9.277685359825171e-01, -5.864017433682927e-02
1937, 1.281462624423003e+00, 2.492249976566140e-01, -1.634757480572194e-03, 9.593269814534212e-01, -5.798476258113047e-02
1938, 1.363723020773868e+00, 2.619198452051743e-01, 1.018202958604451e-03, 9.601472231091185e-01, -5.369719998854166e-02
1939, 2.993069671448005e+00, 3.967396966458493e+00, -8.160675769922623e-03, 1.007101672130921e+00, -3.866000803307687e-03
1940, 2.355138500574185e+00, 2.193784631429815e+00, -1.045135515533088e-02, 1.010812755417174e+00, -1.016991194504657e-02
1941, -2.433915981296009e+00, 3.188573166137488e+00, -6.680337983764168e-03, 1.007171021380820e+00, 5.484305487929114e-03
1942, 1.456073329465892e+00, -3.906204341294256e+00, 1.198645553078721e-02, 9.941077158398205e-01, -2.539263923029863e-03
1943, 1.712159901456372e+00, -3.598889572903753e+00, 1.201629032616493e-02, 9.940448445602329e-01, -3.425430796061502e-03
1944, -8.871417272328735e+00, 5.158514196192248e+00, -5.232649563186097e-04, 1.000322823397685e+00, 1.860342741910615e-04
1945, -4.079244077943877e+00, 5.204829870862637e+00, -4.269256685871926e-03, 1.004020465940499e+00, 1.156137150225037e-03
1946, -4.520182349440456e+00, 4.880507363423452e+00, -3.555534001641413e-03, 1.003454806100605e+00, 1.466302060007459e-03
1947, -1.689088582750093e+00, -3.350281933135232e+00, 1.240125929786957e-02, 9.929044685425468e-01, 2.467429151573020e-03
1948, -1.892486615251826e+00, -3.638923993384681e+00, 1.157158193577013e-02, 9.936800809482637e-01, 2.285057151459397e-03
1949, -2.184899621741151e+00, -3.917348006830939e+00, 1.104738489866782e-02, 9.943510803399931e-01, 2.077496318601205e-03
1950, 8.946743628131564e+00, -2.956083458391559e+00, 2.023279283281628e-03, 1.005759083396694e+00, -2.261400822463830e-03
1951, 1.100337632746963e-01, -1.236685654420327e+00, 2.560345833861471e-02, 9.792524350044612e-01, -2.702735515188191e-03
1952, 2.737383580550403e-01, -1.048302910157748e+00, 2.697330075492671e-02, 9.780177914536934e-01, -5.880320461155091e-03
1953, 3.753054138590718e-01, -2.608919109125715e-01, 1.336953964180300e-02, 9.982538517617030e-01, -3.723775735721194e-02
1954, 3.365538969749414e-01, -3.040862982470103e-01, 2.233267934527969e-02, 9.883640546358069e-01, -3.544894449801018e-02
1955, 3.279453641956497e-01, -2.377384136060961e-01, 1.568487643381307e-02, 9.957717717113139e-01, -4.465234338591012e-02
1956, -5.383849863236898e+00, 2.883701086149479e+00, -1.314641206861910e-03, 1.002023577300879e+00, 3.252471118731501e-03
1957, -5.923742465723712e+00, 3.676655642410976e+00, -1.462019716758038e-03, 1.001754860393553e+00, 2.089884022529225e-03
1958, -5.650913911038514e+00, 3.473440361917911e+00, -1.544220655684862e-03, 1.001927456784541e+00, 2.467525040883984e-03
1959, 3.264331813727273e+00, 3.181408417512219e-01, 2.074551080652049e-03, 9.686583912796536e-01, -1.677442412616238e-02
1960, 3.589009353368859e+00, 2.352506674630052e-01, -2.134892906978854e-04, 9.724516331071807e-01, -1.417888084569051e-02
1961, -3.640979445383267e-01, -1.307094605684869e+00, 2.383818065557861e-02, 9.802766205008187e-01, 3.147368115629953e-03
1962, -6.667693322760043e-01, -1.391051257282553e+00, 2.186122712437037e-02, 9.823495080253676e-01, 5.798906200373459e-03
1963, -3.707061864276601e-01, -9.706641366209420e-01, 2.867956127270563e-02, 9.756024595620825e-01, 5.501960272369463e-03
1964, -5.428537563591560e-01, -8.456352610344781e-01, 2.884100844083170e-02, 9.751787137254563e-01, 1.038054105423479e-02
1965, -4.051346841279992e-01, -6.999962288830728e-01, 3.446712855512776e-02, 9.693644386791063e-01, 9.611072402501921e-03
1966, 4.479249438718027e+00, -5.643898757719365e+00, 7.141921625193523e-03, 9.996040200514337e-01, -6.117944534543977e-04
1967, 4.582897346276356e+00, -4.649254596830122e+00, 6.893354923959069e-03, 9.999482505613373e-01, -2.163320318514772e-03
1968, -5.126362420047545e+00, -5.058623218604666e+00, 7.237056143385790e-03, 9.981827524983815e-01, 8.485660375330867e-04
1969, -5.164666206695793e+00, -5.379427889813670e+00, 7.214005985297993e-03, 9.981906132047799e-01, 5.649933335036118e-04
1970, -9.637406864130950e+00, 3.027073779473048e+00, 2.982978434570904e-04, 1.000252845273959e+00, 1.955253185565526e-04
1971, -5.585553701634901e+00, -2.845311530349154e+00, 5.868114147405895e-03, 9.987572122992339e-01, 2.598434020578133e-03
1972, -4.258090395357943e+00, -3.256419650414007e+00, 7.802371848789417e-03, 9.971615204264999e-01, 3.011664761076328e-03
1973, -1.095976377786062e+00, -2.253047811453087e+00, 1.553899334366769e-02, 9.892615135560984e-01, 4.012181981092134e-03
1974, -1.249977446967621e+00, -1.911360299744415e+00, 1.592753140846308e-02, 9.884645980758714e-01, 5.690603117303045e-03
1975, -7.969720436484004e-01, -1.964683698570304e+00, 1.759281729732699e-02, 9.869077381768111e-01, 3.881442236793298e-03
1976, -1.569153166541092e+00, -4.665537271044863e+00, 1.139391336004294e-02, 9.943506943682872e-01, 9.269663574908193e-04
1977, 4.011952336451971e+00, 1.311168222707327e+00, -1.648838985185085e-03, 9.984782987765497e-01, -1.135146276537712e-02
1978, 1.217700286329849e+00, 1.119120761139119e+00, -2.562344896236523e-02, 1.025098460060928e+00, -2.279206671717725e-02
1979, 1.469146661978715e+00, 1.030695502695353e+00, -1.883451204790740e-02, 1.017997904509081e+00, -2.454417910673031e-02
1980, 1.308536089630362e+00, 8.885411444933040e-01, -2.291346517223500e-02, 1.021487914730111e+00, -3.000041273042791e-02
1981, 1.735278998505238e+00, 2.524576111814397e+00, -1.354233632458284e-02, 1.013694876042384e+00, -7.478817956249693e-03
1982, 2.002967905963680e+00, 2.098709036267044e+00, -1.273126739742503e-02, 1.012775044520613e+00, -1.081971198096840e-02
1983, 1.656372119084932e+00, 1.945900562383110e+00, -1.522061649684875e-02, 1.015835282366123e+00, -1.160637066897553e-02
1984, 9.050585662677424e+00, 7.395548346772938e-01, -2.248219286209259e-03, 9.876655718562897e-01, -3.056502695064826e-03
1985, 8.938208250072437e+00, 1.179696423058436e+00, -1.690624081352308e-03, 9.885931476460570e-01, -4.301036729259732e-03
1986, 8.197220819404571e+00, -3.880900160734591e+00, 2.827499404806589e-03, 1.004403741586408e+00, -1.751704312879872e-03
1987, -5.410186149894649e-01, 4.317784822258568e+00, -1.037527923065201e-02, 1.010480541848216e+00, 1.408711316096157e-03
1988, -9.042851820668777e-01, 4.558040151797127e+00, -9.679210255225614e-03, 1.009500823606738e+00, 1.605097435083774e-03
1989, 5.312660012056197e+00, -2.108702109737127e+00, 3.834744407166765e-03, 1.003880585680515e+00, -6.215962728318261e-03
1990, 5.223218986796731e+00, -1.700781833622576e+00, 3.812453374807931e-03, 1.007611313466648e+00, -7.783342602593924e-03
1991, 8.312183063934643e+00, -1.922522314133392e-01, 7.125499086760654e-04, 9.951475890993999e-01, -2.051461031170709e-03
1992, -4.529383597532789e-01, 5.038955584896858e+00, -9.772878510197066e-03, 1.009260621137373e+00, 6.839433840287736e-04
1993, -1.012236403218371e+00, 2.138806528229175e+00, -1.382773387228223e-02, 1.014307780848852e+00, 9.861468439858519e-03
1994, -6.218637276919694e-01, 2.210731850583281e+00, -1.636321582750347e-02, 1.016738633096380e+00, 7.766228113408737e-03
1995, -6.718664445104844e-01, 3.284992555631935e+00, -1.243476992336719e-02, 1.012455205585691e+00, 3.483091188736866e-03
1996, -2.031093902213238e+00, -4.288538827680114e+00, 1.106428748207486e-02, 9.944979788655890e-01, 1.547497008546943e-03
1997, -2.354092679983792e+00, -4.197397986902167e+00, 1.069772175812186e-02, 9.947782510516684e-01, 1.792851163076903e-03
1998, -1.978383291515513e+00, -4.620954759756843e+00, 1.103557506039415e-02, 9.946690587370213e-01, 1.188116453877170e-03
1999, -1.695770056286120e+00, -4.350709685463174e+00, 1.142680911989336e-02, 9.941809158731008e-01, 1.292729068133228e-03
2000, -5.765164860054341e+00, 3.035501958910967e+00, -1.125543013390755e-03, 1.001731760089133e+00, 2.772286886514719e-03
2001, -6.082221732004514e+00, 3.320060704918526e+00, -1.129409273193188e-03, 1.001518850661748e+00, 2.282479162158436e-03
2002, 4.769019869968649e+00, 3.458926792036545e+00, -4.506099326730968e-03, 1.003190889257773e+00, -4.584419616637602e-03
2003, -5.067571312267180e+00, 1.656039114654166e-01, 2.595859776962897e-03, 1.000065570688370e+00, 5.183720281637122e-03
2004, 4.696400947972307e+00, 2.294671682002639e-01, -9.298843238962333e-05, 9.789689969615522e-01, -9.962451994306629e-03
2005, 4.706377271580673e+00, 1.869417524384261e+00, -3.519318352277140e-03, 1.003335273406571e+00, -7.346117766448856e-03
2006, -7.067616018042220e+00, 5.569582506096292e+00, -1.339342917329345e-03, 1.001090016122233e+00, 2.797771124186997e-04
2007, 6.463955452177459e+00, 1.622761218764511e+00, -1.060963768559432e-03, 9.947808461041970e-01, -6.678549416100871e-03
2008, 6.813979829442225e+00, 1.594986925112043e+00, -3.375028721236069e-04, 9.933805390238526e-01, -6.441769585422035e-03
2009, -3.486168996465618e-01, 1.008305869084128e+00, -3.048587591493404e-02, 1.031505370659379e+00, 2.591325204067359e-02
2010, -1.113457637537941e-01, 1.013692033934403e+00, -4.015868954178278e-02, 1.040079597790739e+00, 2.035679560082034e-02
2011, -2.296029031305554e-01, 8.708593652597846e-01, -3.898831863798601e-02, 1.039672685156258e+00, 2.996035182533430e-02
2012, 1.899838065299260e+00, -8.658482704338877e-01, 1.347033351579531e-02, 9.959142663597325e-01, -1.763216624445647e-02
2013, 2.073845341821753e+00, -1.056123015324264e+00, 1.242377418244023e-02, 9.944427159797469e-01, -1.473934320364060e-02
2014, 1.448488357245619e+00, -1.648609595806972e+00, 1.671853577810814e-02, 9.889820318545065e-01, -9.789969478651111e-03
2015, -8.812801843270249e+00, -2.808928230186845e+00, 4.154796938382970e-03, 1.000290557673410e+00, 5.989037751385126e-04
2016, -7.853488296652213e+00, -1.725040046321469e+00, 3.748676783925370e-03, 1.000091191731536e+00, 1.449128127623909e-03
2017, 4.919082342861648e+00, -1.398376641276417e-01, 1.062825423353938e-03, 9.893419890161315e-01, -8.390827679635841e-03
2018, 4.986669919118173e+00, -5.140906825729633e-01, 1.490442805660136e-03, 1.002012633260642e+00, -8.099991658389226e-03
2019, -7.302510296058406e+00, 2.197028557951805e+00, 4.184740863500596e-04, 1.000667085393053e+00, 1.892420119396146e-03
2020, -7.201872596915482e+00, 2.523315107118254e+00, 1.165158017334708e-04, 1.000752840238887e+00, 1.855791998129465e-03
2021, -6.309587670624749e+00, -9.076892606189221e-01, 3.531149068791572e-03, 9.997598554353689e-01, 3.129472608080057e-03
2022, -6.315019327149744e+00, -5.214097811810624e-01, 3.108571177723197e-03, 9.999287900985402e-01, 3.207159322947734e-03
2023, -5.878505075839661e+00, -8.879922874279347e-03, 2.631018184993444e-03, 1.000087264391195e+00, 3.834719549035639e-03
2024, 5.249037106795750e+00, 5.396585901152097e+00, -4.460241792712483e-03, 1.002459388963794e+00, -1.060391674899222e-03
2025, 6.326214435300764e+00, 4.282563132729691e+00, -2.948662335439747e-03, 1.000691703532924e+00, -2.443376530684860e-03
2026, 7.705229283699735e+00, 4.538448129621748e+00, -1.439832167724630e-03, 9.988691594132310e-01, -1.752269021825765e-03
2027, 7.412806351835103e+00, 4.802635851905265e+00, -1.802033520151769e-03, 9.992738552319413e-01, -1.551823783175250e-03
2028, 8.172178723833442e+00, 3.808850832946381e+00, -9.519140123635217e-04, 9.989000829464734e-01, -2.414282929862221e-03
2029, 2.271177537448087e+00, -4.951173693728466e+00, 1.021721425425608e-02, 9.962525405694239e-01, -1.430029662678620e-03
2030, 4.405728743049667e+00, -3.934907796816467e+00, 7.073334304963055e-03, 9.997898241024736e-01, -3.346126025238289e-03
2031, 4.092447312667049e+00, -3.596645940792500e+00, 7.390905891537099e-03, 9.991230938472875e-01, -4.063033205523768e-03
2032, 9.241002392240212e+00, 4.394870731446670e+00, 4.332675743201413e-05, 9.972598084980048e-01, -1.571144957117003e-03
2033, 9.036732585599735e+00, 4.773573607856754e+00, -1.780233514853707e-04, 9.974159600287227e-01, -1.285393149705698e-03
2034, 9.371116931099760e+00, 4.770230602931981e+00, 1.515572908548735e-04, 9.971285675451405e-01, -1.240970196581837e-03
2035, 8.889508542989119e-01, -1.235215141357915e+00, 2.147179004115041e-02, 9.839873559294929e-01, -9.574660527130914e-03
2036, 1.112676649288256e+00, -1.147535825833193e+00, 2.028997143320801e-02, 9.851687091725827e-01, -1.142663064886128e-02
2037, 8.779146509638336e-01, -6.312933945407131e-01, 2.470679318794846e-02, 9.822940860825640e-01, -1.321757120702682e-02
2038, 7.620433900089818e-01, -7.309302009176177e-01, 2.415481161243791e-02, 9.814953191922096e-01, -1.252568761646388e-02
2039, -7.174560747372891e-01, 4.855354897062804e+00, -9.762423597563860e-03, 1.009336327555482e+00, 1.104083353894711e-03
2040, 2.286175140573380e+00, 1.892577543690676e+00, -1.063042699628626e-02, 1.010954724822639e+00, -1.191333232786452e-02
2041, 3.044870711213534e+00, 2.306524839126004e+00, -7.317823760918898e-03, 1.007752723066541e+00, -9.046176935838011e-03
2042, 7.990160494673201e+00, -4.654404051363735e-01, 7.412591556020445e-05, 1.000165316188848e+00, -2.395801740735337e-03
2043, 8.448576162979615e+00, -5.602493361060288e-01, 5.162950633157169e-04, 1.001862267420623e+00, -1.654942625606917e-03
2044, -7.703209789423146e+00, -1.094248240301508e+00, 3.355598371914977e-03, 1.000120422585929e+00, 1.707211630134377e-03
2045, -7.698253777476017e+00, -1.405708679436501e+00, 3.519887335444827e-03, 1.000071903074987e+00, 1.639941145448700e-03
2046, -7.662729740321144e+00, -2.022731726623038e+00, 4.016598172760773e-03, 1.000001981289862e+00, 1.524131511060861e-03
2047, -3.674237450360060e+00, -4.568103378995671e+00, 8.883170284551165e-03, 9.965247741431829e-01, 1.486844989204200e-03
2048, -3.091106781087276e+00, -4.817841049813470e+00, 9.586892135512087e-03, 9.959619446974290e-01, 1.248925719293662e-03
2049, -1.413454902635076e-02, 3.676888087584746e+00, -1.241196688112575e-02, 1.012371233834076e+00, 1.136643690709203e-03
2050, -9.519597939839175e+00, 3.316889674761285e-01, 2.036735743482740e-03, 1.000283508988919e+00, 3.519545352908035e-04
2051, -9.391282520222774e+00, 1.065826810612186e+00, 1.460198807457969e-03, 1.000289892439900e+00, 4.275605152728697e-04
2052, 5.926191545620585e+00, -2.564750503461450e+00, 3.649861888134467e-03, 1.003208863433831e+00, -4.599928464573701e-03
2053, -8.484777305925716e+00, -1.120247453153376e+00, 3.233212857482416e-03, 1.000243897969805e+00, 1.075867530799833e-03
2054, -8.096094700643565e+00, -1.309221065466671e+00, 3.401371786952836e-03, 1.000194832494959e+00, 1.377208174698555e-03
2055, -9.384868487943871e+00, -5.320106852205697e-01, 2.605608134743763e-03, 1.000312845853332e+00, 4.353668830579335e-04
2056, -1.966938363644287e+00, -5.368418796137052e+00, 1.070610703528697e-02, 9.950510907204289e-01, 4.953253293233487e-04
2057, -2.141564000857635e+00, -4.916947357252502e+00, 1.081747760313419e-02, 9.949896836928893e-01, 9.546838115861965e-04
2058, 8.115947496463878e+00, 4.277967006755901e+00, -1.215549552340032e-03, 9.985032836659751e-01, -1.928634192558219e-03
2059, 8.911427159409302e+00, 5.128829574891280e+00, -3.335434320673293e-04, 9.975875526142430e-01, -9.623584530938025e-04
2060, -7.552406046645258e+00, 3.556248954488508e+00, -4.239050866374360e-04, 1.000732038499019e+00, 1.180816543285129e-03
2061, 9.335775420150130e+00, -5.195623279967157e+00, 1.901667914120075e-03, 1.005054104522965e+00, -6.278731703151833e-04
2062, 9.546398095323299e+00, -5.558147418351776e+00, 1.893069350159643e-03, 1.005386169713141e+00, -3.795156267148934e-04
2063, -7.180470824627637e+00, 3.284302205849943e+00, -4.431510540565568e-04, 1.000883312765960e+00, 1.538244387940905e-03
2064, -2.926785810161006e-01, 3.344717946448539e+00, -1.302874139505146e-02, 1.013095075387011e+00, 2.271747192475175e-03
2065, 3.955196636998854e-01, 3.616910755668428e+00, -1.277326211997289e-02, 1.012651167651116e+00, -2.750743159882183e-04
2066, 7.669189799342251e-01, 3.354155084271480e+00, -1.344193216599001e-02, 1.013603013371805e+00, -1.539350945023012e-03
2067, 5.052207583121107e+00, 8.663996205396467e-01, -6.346319444338420e-04, 9.830262561563060e-01, -1.066259431882841e-02
2068, -4.202567334025858e+00, 2.418073612672712e-01, 2.464980522881029e-03, 1.000077962654219e+00, 6.771538276843981e-03
2069, 3.419081514370657e+00, 4.850060164494307e+00, -7.225444367448491e-03, 1.005873126660735e+00, -2.043578742341841e-03
2070, 2.945314699239006e+00, 4.317872185369528e+00, -8.072915577938397e-03, 1.007158112096191e+00, -3.116313434749561e-03
2071, -9.005706211032305e+00, -4.667724002183216e+00, 4.815846947839550e-03, 1.000323223600450e+00, 2.125258332573496e-04
2072, -9.165851514615058e+00, -5.052347195955923e+00, 4.899067560415186e-03, 1.000346463099767e+00, 1.225527832444173e-04
2073, 5.879839204429858e+00, 1.966448133586144e-01, 1.242466958966766e-03, 9.834912447734919e-01, -7.263425808531594e-03
2074, -2.562636434782613e+00, 2.060220220546327e+00, -5.016147067516514e-03, 1.006003907077447e+00, 8.913393283662002e-03
2075, -1.416684611517122e+00, 2.188798568278977e+00, -1.040024994600439e-02, 1.011503547174091e+00, 9.866924705614287e-03
2076, -3.347544627301739e+00, -4.577559779679730e+00, 9.311517901947654e-03, 9.961546565432109e-01, 1.504130149799755e-03
2077, -5.446701374211278e+00, -4.412177828469360e+00, 6.765248562679143e-03, 9.984715805291091e-01, 1.335796872976853e-03
2078, -2.671822694947275e+00, -2.352613546227502e+00, 1.047106646484036e-02, 9.941501291619422e-01, 5.223140118064989e-03
2079, -8.424674705233594e+00, -5.019270507035213e+00, 5.051217221883068e-03, 1.000166575083167e+00, 2.549888884927874e-04
2080, 6.139304596854055e+00, -2.375048797551802e-02, 5.625658989641234e-04, 9.877347881510463e-01, -6.506878826870653e-03
2081, 6.997982786401497e+00, 2.753477370992354e-01, 6.895612558780618e-04, 9.850254404604151e-01, -5.290178505299304e-03
2082, 8.246875196786762e+00, -5.224025609460891e+00, 2.978200159617370e-03, 1.004256018114738e+00, -6.922035139394539e-04
2083, 7.875370562536704e+00, 1.241838931934923e+00, -7.650136415097292e-04, 9.881205897145147e-01, -5.610300633585539e-03
2084, 9.233667035021632e+00, 1.324642849275509e+00, -6.946514243879214e-04, 9.896585709405509e-01, -4.900871302023541e-03
2085, 1.267329590121434e+00, 3.626457923312392e+00, -1.205885081825232e-02, 1.011847855199929e+00, -2.525617944754960e-03
2086, -9.256874655060225e+00, 5.326729809605232e+00, -5.691966656098813e-04, 1.000249582335610e+00, 8.891945117033527e-05
2087, -3.926681447197482e+00, -3.028287374207824e+00, 7.959686948216771e-03, 9.968009479659321e-01, 3.457540980740476e-03
2088, 3.417861224168973e+00, 2.036194294008642e+00, -6.060261171580623e-03, 1.006810137128715e+00, -8.920143931329880e-03
2089, 3.074160072853358e+00, 1.151242083315603e+00, -1.687277162350640e-03, 1.003302257676075e+00, -1.342573072037321e-02
2090, 3.211845336188754e+00, -1.964991038856174e+00, 8.701869632681752e-03, 9.963409138313865e-01, -8.041362521950670e-03
2091, -2.497243156280650e+00, -1.833139772109226e+00, 1.053469301889265e-02, 9.937498449731360e-01, 6.777007395823784e-03
2092, -6.674706280959961e+00, -3.765171643510777e+00, 5.518008113312952e-03, 9.994420896580299e-01, 1.348080211586749e-03
2093, -7.012557368490847e+00, 5.259157838567753e+00, -1.338708792391182e-03, 1.001073418628528e+00, 4.776876451897456e-04
2094, -3.250585159493380e+00, 4.352120629949647e+00, -5.335463782492261e-03, 1.005481340992807e+00, 2.639870322408112e-03
2095, 5.078979388254908e+00, 2.572367837290507e-01, 3.933714032821586e-04, 9.806577611535208e-01, -9.066079677721852e-03
2096, 1.040209220757760e+00, -5.248131018405537e+00, 1.145215243339057e-02, 9.949489944360250e-01, -5.364872395348703e-04
2097, 7.486408667258163e+00, 1.102512848435458e+00, -7.849636914562168e-04, 9.861563538201559e-01, -5.753024058990585e-03
2098, 1.613792717676266e+00, 1.308002206667301e+00, -1.767222927970226e-02, 1.016774710690524e+00, -1.888839318055044e-02
2099, 2.231112614428359e+00, 6.037674323665100e-01, -9.706192935760058e-04, 9.887414820911611e-01, -2.702716362821370e-02
2100, -2.349497012410610e+00, 3.581362671969807e+00, -7.081986214234777e-03, 1.007349252666547e+00, 4.523049793630284e-03
2101, -3.098894133144199e+00, 3.100303131789311e+00, -4.864292448251865e-03, 1.005493395895686e+00, 5.263352156368049e-03
2102, 1.460123747366063e-01, -4.093505005846610e+00, 1.283408586655053e-02, 9.930009869631624e-01, -5.962507822296400e-04
2103, 2.058103601050318e-01, -5.237128890417122e+00, 1.172064730588737e-02, 9.944192300258996e-01, -2.801938410201685e-04
2104, -4.939058743710858e+00, 9.273724790897916e-01, 1.199634192589006e-03, 1.000800471714037e+00, 5.261358573098775e-03
2105, -4.470886510610532e+00, 2.052685402625284e+00, -1.111368567374572e-03, 1.002287913138522e+00, 5.315237134306835e-03
2106, -4.140084234008995e+00, 1.914441842097125e+00, -1.247702759462349e-03, 1.002621890079388e+00, 5.969749297884415e-03
2107, -4.513997145690742e+00, 1.759554768107375e+00, -6.359915309964460e-04, 1.001989903693500e+00, 5.407400378053331e-03
2108, -1.385262667581344e+00, 9.856467043852568e-01, -6.104431671617198e-03, 1.008140722540330e+00, 2.003787474071411e-02
2109, -6.971788739669491e-01, 2.261427340079239e-01, 5.968779370636413e-03, 9.955072537494566e-01, 4.443025077324527e-02
2110, -6.682215489507414e-01, 3.810896273047844e-01, -2.037355988888618e-03, 1.004875682529650e+00, 4.488139253187985e-02
2111, -7.421537227336447e+00, -4.559948654772988e+00, 5.345120432208812e-03, 9.998028324849370e-01, 6.224043466028055e-04
2112, 1.163406677435966e+00, -2.408922713302112e+00, 1.483174528168100e-02, 9.899521752537892e-01, -5.201597570109634e-03
2113, -3.973513208530166e+00, 2.569252999117517e+00, -2.618338150465215e-03, 1.003485960633993e+00, 5.309982891806569e-03
2114, 4.026540836983974e+00, -1.328909837373131e+00, 4.202865289001777e-03, 1.007782660450607e+00, -1.086352750481982e-02
2115, -7.141458314200745e+00, -4.924974248493322e+00, 5.597758461417198e-03, 9.996593217639472e-01, 5.383497841053076e-04
2116, -2.764359079058455e+00, 3.092596337356747e+00, -5.669655894719628e-03, 1.006359610692912e+00, 5.580425441634776e-03
2117, -9.027851772160277e+00, 2.226297636258168e+00, 6.665580984700306e-04, 1.000312506387671e+00, 6.127774943061259e-04
2118, -8.140361486123338e+00, 2.235501531755748e+00, 5.754543734332096e-04, 1.000429501215054e+00, 1.214896136809231e-03
2119, 8.144482880861306e+00, 2.294959318731003e+00, -1.252908480044159e-03, 9.976307629206126e-01, -4.545763181543743e-03
2120, 9.140867723240397e+00, 2.666049152775585e+00, -2.319130292058522e-04, 9.973500237550582e-01, -3.848383033883949e-03
2121, 4.261005379601047e+00, 8.921216957118482e-01, -1.657621606012344e-03, 9.852751406259505e-01, -1.306396927949109e-02
2122, 7.557019481676661e+00, -1.434709795891959e+00, 1.677780072510922e-03, 1.010615218881766e+00, -4.074639827155676e-03
2123, -6.473681625913614e+00, 5.156840787946082e+00, -1.723403543723451e-03, 1.001443166103457e+00, 6.528443608100758e-04
2124, 5.584746108785504e+00, -4.518424109328819e+00, 5.506037599915291e-03, 1.001604339379891e+00, -2.045135454310000e-03
2125, 8.422533881133301e+00, 3.983641976806456e+00, -5.292655724000259e-04, 9.985469597524832e-01, -2.241342589396492e-03
2126, 8.990162559816429e+00, 3.263316239912031e+00, -5.031788325784877e-04, 9.982821900052155e-01, -2.943293825270039e-03
2127, 6.085428810706330e+00, 3.040817652250118e+00, -2.676900478630188e-03, 1.001992880961500e+00, -3.966919934286608e-03
2128, -8.853196607205567e-01, -1.599136353020906e+00, 1.864617925651784e-02, 9.852788702701669e-01, 5.972920938807884e-03
2129, -5.352804685332750e+00, -4.795248670244034e+00, 6.892243364681281e-03, 9.984255361287350e-01, 1.018973087641848e-03
2130, -4.891295500145495e+00, -4.798465355345328e+00, 7.374264524797490e-03, 9.979439348919956e-01, 1.109812909185889e-03
2131, 7.935568010175857e+00, -4.168225609523545e+00, 3.185629712125662e-03, 1.004118656039999e+00, -1.522148605908958e-03
2132, 6.847092080972528e+00, -4.105558129646817e+00, 3.975184853820360e-03, 1.003048380480319e+00, -2.054377465610013e-03
2133, -1.828490975247889e+00, -4.000636743851574e+00, 1.159567295347644e-02, 9.939400903107608e-01, 1.768630797327285e-03
2134, 3.767188825513210e+00, -4.593532021538727e+00, 8.052639886806852e-03, 9.986925590163008e-01, -2.356728592180071e-03
2135, -9.487790516788447e+00, 3.358047628685267e+00, 1.155354508876460e-04, 1.000239649035620e+00, 2.200130762301111e-04
2136, -8.776831539475497e+00, 2.082729247454278e+00, 7.588382827627546e-04, 1.000323913997653e+00, 7.688100238034715e-04
2137, -9.077175878990754e+00, 1.842246469171299e+00, 9.891965223729647e-04, 1.000289167139441e+00, 6.130813826265752e-04
2138, 4.588608302421521e+00, 4.215954126942391e+00, -5.148229558557817e-03, 1.003662082429007e+00, -3.179185573615053e-03
2139, 4.588965137498131e-01, 2.069887791642528e+00, -2.254870839486671e-02, 1.023045133137952e+00, -1.155759147751080e-03
2140, 8.529976649406647e+00, 4.263205613737086e+00, -6.449335651121364e-04, 9.982202945934497e-01, -1.943342012686049e-03
2141, 7.854584258454873e+00, -5.067463271092265e+00, 3.371950967486245e-03, 1.003898767855851e+00, -9.232234783978673e-04
2142, -5.922095678917357e-01, -6.649105616075007e-01, 3.023394280509243e-02, 9.732439179639345e-01, 1.456564927406733e-02
2143, -7.236624918048271e-01, -7.905918902393780e-01, 2.706532601069182e-02, 9.774387969460197e-01, 1.319350209274578e-02
2144, -8.818377824100355e-01, -1.189960829508376e+00, 2.133857365129954e-02, 9.833837065138742e-01, 8.918690169513554e-03
2145, 7.878269786674085e+00, 8.301410769303080e-01, -1.025636944070837e-03, 9.846419332680565e-01, -5.266221311010004e-03
2146, -6.560843195497949e+00, -2.791275139832377e+00, 5.072926525769444e-03, 9.994232312474102e-01, 1.978083903321745e-03
2147, -6.468637058429507e+00, -3.125685850541666e+00, 5.337906884064695e-03, 9.993552671656507e-01, 1.860187142544516e-03
2148, -9.170490159302014e+00, -1.792447226960288e+00, 3.537259491477820e-03, 1.000306797419187e+00, 5.073693822565511e-04
2149, -2.279573151786830e+00, -9.460755625308342e-01, 9.821597727417721e-03, 9.938769966473499e-01, 1.079813246715031e-02
2150, -2.860069733664006e+00, -9.659934606702353e-02, 4.971943013467746e-03, 9.982427178480812e-01, 1.089536089156776e-02
2151, -5.006479382553612e+00, 4.918497140261077e+00, -3.032580504213542e-03, 1.002849325494924e+00, 1.251461124621135e-03
2152, -5.381902246558266e+00, 5.015618156993391e+00, -2.577587436062693e-03, 1.002435004005379e+00, 1.077086411625636e-03
2153, -7.222009358902836e+00, -3.405011889847926e+00, 5.031660354198746e-03, 9.997819616025784e-01, 1.244342508047257e-03
2154, 9.052890245025541e+00, -4.627691248072159e+00, 2.098814743023639e-03, 1.004954712952162e+00, -1.112859166933507e-03
2155, 5.531424972627486e+00, 5.003638033206692e+00, -3.998165246059671e-03, 1.002048847157072e+00, -1.660761420057769e-03
2156, -9.174819985160648e+00, 3.857136019003888e+00, -1.342521587447166e-04, 1.000268832010618e+00, 3.257249603491588e-04
2157, -8.819888544840838e+00, 3.916094015439307e+00, -2.112297209838795e-04, 1.000337387493935e+00, 4.718261492718824e-04
2158, 1.150127829038087e+00, 8.605804785245259e-03, 2.666465451087203e-02, 8.528922313200537e-01, -6.765048771408669e-02
2159, 1.178414307592094e+00, 2.404421403005110e-02, 3.059897508294031e-02, 8.585837006644739e-01, -6.604118575531398e-02
2160, 1.934917631303329e+00, -6.111781414390806e-01, 1.164111088304088e-02, 1.005851257997214e+00, -2.481808001856786e-02
2161, -5.759811781471448e+00, 3.988395966702716e+00, -1.796161229371193e-03, 1.001972289513119e+00, 1.967900611593730e-03
2162, -5.773112409071330e+00, 4.332705572768839e+00, -1.955285964711433e-03, 1.001987574906746e+00, 1.615629036711583e-03
2163, 4.772869615242135e+00, -5.364247478942828e+00, 6.846161336897312e-03, 1.000249188195405e+00, -1.002615215227825e-03
2164, -8.689604213646044e+00, -3.945320793294826e+00, 4.674790060029306e-03, 1.000265868102418e+00, 4.436220708986429e-04
2165, -4.249142136120232e+00, 6.412112764870312e-01, 1.718695147462212e-03, 1.000652476854970e+00, 6.770076232784170e-03
2166, 6.624802696238248e+00, 4.387187160060397e+00, -2.491435783101911e-03, 1.000288376824083e+00, -2.249629960477164e-03
2167, 6.456202088758682e+00, 4.034202214077091e+00, -2.464321541247668e-03, 1.000626176924251e+00, -2.775861084008807e-03
2168, 6.341380378774371e+00, 3.312994757522814e+00, -2.452249653136235e-03, 1.001470880388818e+00, -3.679146080069908e-03
2169, 7.506789931178058e+00, -2.664297519654379e+00, 2.856613871131683e-03, 1.005511306196564e+00, -3.276716550965761e-03
2170, 8.269071545938829e+00, -1.830794820400238e+00, 1.946195491775122e-03, 1.009916124689902e+00, -2.994862007938896e-03
2171, 2.744564165895385e+00, -3.213209972284015e+00, 1.019554611765715e-02, 9.961722744445358e-01, -5.071465286045783e-03
2172, 9.100266386168142e+00, -3.230021469917142e+00, 2.286805571989339e-03, 1.005601040655414e+00, -1.905945824253789e-03
2173, 9.223480442493367e+00, -3.527425157753059e+00, 2.353189778166680e-03, 1.005411414646045e+00, -1.721665431126368e-03
2174, 9.369685765075880e+00, -3.203058440617097e+00, 1.768546248538065e-03, 1.005775034017284e+00, -2.200427342107954e-03
2175, -5.763906326093933e+00, 2.380767335353783e+00, -4.675776332744893e-04, 1.001445821537674e+00, 3.267756095972831e-03
2176, -5.959270715735538e+00, 1.622793770448395e+00, 5.630662181985533e-04, 1.000967858859292e+00, 3.512279129979297e-03
2177, -7.154931610293232e+00, -2.332612199475772e+00, 4.449336359859960e-03, 9.997966322796893e-01, 1.787683829634450e-03
2178, -7.530648779468828e+00, -2.366671327549272e+00, 4.287426056897356e-03, 9.999639090152106e-01, 1.502261151515019e-03
2179, -5.400371646777511e+00, 3.231481904432584e+00, -1.576400500313542e-03, 1.002088620421638e+00, 2.866237930250855e-03
2180, -1.030324907080795e+00, 4.967838305972411e+00, -9.175734182676936e-03, 1.008789291077970e+00, 1.184916544102785e-03
2181, -2.949176704151105e+00, 2.746500092828533e+00, -4.945145150813737e-03, 1.005841432109382e+00, 6.222355063868379e-03
2182, -7.733602089041816e+00, 4.722311405172802e-01, 1.920814138810247e-03, 1.000334549624611e+00, 1.789723864664894e-03
2183, -9.376169389253576e+00, -2.479807871237189e+00, 3.852981043325138e-03, 1.000347280125111e+00, 3.026283675555836e-04
2184, 5.569154263304080e+00, -2.503718753657180e+00, 5.052467938822772e-03, 1.002416061883193e+00, -4.996532968137546e-03
2185, 1.543034051221701e-01, 5.125644880092473e-01, -1.006318103508635e-01, 1.095337917449993e+00, 2.938841320661677e-02
2186, 8.257541653935042e-02, 6.074329928782869e-01, -7.695844646268848e-02, 1.076111485937337e+00, 3.175286954806524e-02
2187, 2.177557279364018e-01, 5.806804727440604e-01, -9.341532399410454e-02, 1.088711666272903e+00, 1.417710850606580e-02
2188, -1.253757748663374e-01, 1.449598915399669e-01, 4.295600635927046e-03, 9.887825350491920e-01, 1.631142012032437e-01
2189, -1.266810552347098e-01, 1.111009176635708e-01, 3.201596928031180e-02, 9.621665151399225e-01, 1.691296066233410e-01
2190, -1.546199945422018e-01, 1.040113282083185e-01, 4.004928483641813e-02, 9.533219751734664e-01, 1.468985304542078e-01
2191, -7.507390448799892e+00, -8.506230996927056e-01, 3.108703498779683e-03, 1.000115642986618e+00, 1.904095155190925e-03
2192, 1.326725946365123e+00, 7.054942938029642e-01, -1.988388706517050e-02, 1.018179982281124e+00, -3.516713841944593e-02
2193, 1.197183110492442e+00, 6.191790036698899e-01, -2.332193280264250e-02, 1.021484094368133e+00, -4.118155277345439e-02
2194, 1.212981748213017e+00, 7.623053759158678e-01, -2.448966233441417e-02, 1.023147839381901e+00, -3.518750109255887e-02
2195, 2.302145683851483e+00, 5.118600600050623e+00, -8.986009440582747e-03, 1.007687179699327e+00, -1.342800754255552e-03
2196, -6.377052037870304e+00, -1.722459707066588e+00, 4.403650494100635e-03, 9.995138039693280e-01, 2.705847488019360e-03
2197, 2.388058934693817e+00, -1.090987379811893e+00, 9.907640037439035e-03, 9.993944251338311e-01, -1.587857958622299e-02
2198, -3.996313476987151e+00, -4.007616342715359e+00, 8.274183531743909e-03, 9.969432559766116e-01, 2.144294860946308e-03
2199, -4.292130782404510e+00, -3.876322719273304e+00, 8.018119875684777e-03, 9.971791681004168e-01, 2.267438896484060e-03
2200, 1.713446241346824e+00, -1.461527911672298e+00, 1.531286931366546e-02, 9.898577287731136e-01, -1.091651467978287e-02
2201, 2.062892048344765e+00, -1.346841423169044e+00, 1.166021715433974e-02, 9.920201832249252e-01, -1.165056279985854e-02
2202, -5.779522625247139e+00, -4.188612039244862e+00, 6.396041164722759e-03, 9.987712244084312e-01, 1.380933537215512e-03
2203, -4.230284798906397e+00, 1.576424000532573e+00, -3.440982076624886e-04, 1.002094057868027e+00, 6.220691333371676e-03
2204, 9.238633480773666e-01, 1.545048817881392e+00, -2.674166152491156e-02, 1.026692074086972e+00, -1.072344267856103e-02
2205, -4.607883826862654e+00, 1.372712365342532e+00, 2.082555928511469e-04, 1.001559898715011e+00, 5.660069312077120e-03
2206, 2.639511954523345e+00, 4.126345547542437e+00, -8.901826710515932e-03, 1.007957010492523e+00, -3.396598587187801e-03
2207, -1.412640941682808e-01, -5.297694205640709e+00, 1.192103451715354e-02, 9.942879663212417e-01, -6.267861309707963e-05
2208, 5.397089445742831e+00, 2.701090240413308e+00, -2.907105209893870e-03, 1.003738049626323e+00, -4.826030914901728e-03
2209, 6.452499813049224e+00, 2.961638203850292e+00, -2.273732165373795e-03, 1.001685429943502e+00, -3.824320097738160e-03
2210, 2.299830934956221e-02, -3.239892952511699e+00, 1.443088423627930e-02, 9.911340673985154e-01, -6.517193537472341e-04
2211, -7.726690391782665e-01, -3.567678037738210e+00, 1.345839384240156e-02, 9.920292892526986e-01, 9.852886416993286e-04
2212, -5.660565257076763e-01, -2.802963921468020e+00, 1.518038536648829e-02, 9.896947375785804e-01, 1.216882704282967e-03
2213, -3.940918083673430e+00, -8.927333975322704e-01, 5.506411711641521e-03, 9.981279349412167e-01, 6.631970587378083e-03
2214, -3.737056379459624e+00, -6.595454142214522e-01, 5.168262513442303e-03, 9.981732502186088e-01, 7.380548317616664e-03
2215, -9.705597372971082e+00, -1.491167262089589e+00, 3.361017290203947e-03, 1.000342497057487e+00, 1.848059669637601e-04
2216, 5.545304683252062e+00, -3.924048773290421e+00, 5.535169202851611e-03, 1.001538119024567e+00, -2.883637375725102e-03
2217, 5.639320982236180e+00, -3.538442368101572e+00, 5.072347871135668e-03, 1.001533445186995e+00, -3.292000737124435e-03
2218, -2.218168393453573e-01, -5.899807146535596e-01, 4.053230297906267e-02, 9.624830692705880e-01, 5.217442066016839e-03
2219, 1.490506650296751e-01, -3.963528877028206e-02, 1.714160700406625e-02, 1.026611234176129e+00, -1.818959886629423e-01
2220, -5.694397094360710e+00, 2.711398414373293e+00, -8.578523182559083e-04, 1.001649375097257e+00, 3.111035592028764e-03
2221, -8.881294224481712e+00, -5.295138044197772e+00, 4.905815955144857e-03, 1.000222544191298e+00, 1.223609779661726e-04
2222, 1.219078686492235e-01, -1.595394244260696e+00, 2.145191247952612e-02, 9.829011864747849e-01, -2.109926717103046e-03
2223, 9.218056480281353e+00, -1.154263324483678e+00, 1.129398280223977e-03, 1.007983388619430e+00, -5.901026471454417e-04
2224, 9.300529168844157e+00, -1.457972944717693e+00, 2.760402455391863e-03, 1.008619292551695e+00, -7.768016982390015e-04
2225, -8.803552697067198e+00, -4.974815512849030e+00, 4.950214654785663e-03, 1.000277506269547e+00, 1.975157123023104e-04
2226, 3.694245404798742e+00, -2.473138002664756e+00, 7.828385684775396e-03, 9.977873957661459e-01, -6.604741255390616e-03
2227, -5.782417274865196e+00, 1.471802547863275e+00, 6.498555536523697e-04, 1.000976599013896e+00, 3.790575343216408e-03
2228, -5.719555735545528e+00, 2.849579653293696e-01, 2.222306254014507e-03, 1.000223333452714e+00, 4.067108605627300e-03
2229, -5.635213256298023e-01, 1.108795683246583e+00, -2.140290232829251e-02, 1.023693181398354e+00, 2.367537435861650e-02
2230, -8.519732430099300e+00, -7.550195029570992e-01, 2.834160746889428e-03, 1.000263787872943e+00, 1.064864219801592e-03
2231, -8.771996664378712e+00, -4.886948472522268e-01, 2.709910853948389e-03, 1.000301367265862e+00, 9.150657570154571e-04
2232, 7.126215506355455e+00, -3.398959656711527e+00, 3.430597047397616e-03, 1.003454526419857e+00, -2.676718025585370e-03
2233, -2.314637879334243e+00, -4.285086608314350e-01, 7.727852627678244e-03, 9.956232021751643e-01, 1.284178678218459e-02
2234, -6.295900625416785e+00, -6.479635663264353e-02, 2.631483263001470e-03, 1.000113337120388e+00, 3.354213565989309e-03
2235, -2.068730661664949e+00, 8.927507481262300e-01, -1.754978038378658e-03, 1.003461358690070e+00, 1.507627904282378e-02
2236, -4.660854097312691e+00, -6.898551198753965e-01, 4.420972951936733e-03, 9.990308680504347e-01, 5.460462527207680e-03
2237, 3.991260573447847e+00, 9.799137803005471e-01, -3.033920921884174e-03, 9.893508027961073e-01, -1.376573898807614e-02
2238, 3.645236073664844e+00, -8.537566929573138e-01, 5.453049540339051e-03, 1.012373882095962e+00, -1.335498150858027e-02
2239, -7.028463133417310e+00, -1.329291800442222e+00, 3.700335903748293e-03, 9.999006407713019e-01, 2.239619115822171e-03
2240, 2.061239241191427e-01, 1.304075407625050e+00, -3.727661750047039e-02, 1.037661053363983e+00, 4.100038657343181e-03
2241, 7.475558167417543e-01, 1.358767459636026e+00, -3.195569567776316e-02, 1.032371748592714e+00, -1.068816728700418e-02
2242, 2.403873799270216e-01, 2.185106925737691e-01, -2.311391861172515e-01, 1.198664218144752e+00, 5.576184056588765e-03
2243, 2.305988792251736e-01, 1.801752881433511e-01, -2.588168558269598e-01, 1.208423479106561e+00, 1.551747163126457e-03
2244, 2.137473839486816e-01, 2.055737803078874e-01, -2.389805377160987e-01, 1.208754543110598e+00, 2.401176818623081e-02
2245, 2.231829395042606e-01, 1.047890552708490e+00, -4.711133586641147e-02, 1.046675217801984e+00, 5.942146605480923e-03
2246, 3.302641969189047e-02, 1.178050119007382e+00, -3.864693820598687e-02, 1.038565255929784e+00, 1.186078616427811e-02
2247, -5.750120198156506e-01, -1.192228903200365e+00, 2.456479784475978e-02, 9.801711733521593e-01, 6.666370108631313e-03
2248, 2.170430350363021e+00, 2.559911785079561e+00, -1.136090036896096e-02, 1.011180223024309e+00, -8.293309140687976e-03
2249, 8.756637896323594e+00, -2.371204679314101e+00, 2.760132252812057e-03, 1.007748492306776e+00, -2.631519588533090e-03
2250, -1.514740484130471e+00, 3.170871408683538e+00, -9.571856150494745e-03, 1.010064384409341e+00, 5.416191006016573e-03
2251, -4.323050833442574e-01, 3.643451105393893e+00, -1.202559598966901e-02, 1.012042377842956e+00, 2.170283432166790e-03
2252, 7.372163636650774e-01, -9.130855920528063e-01, 2.404481919858346e-02, 9.814416334166691e-01, -1.098486602141705e-02
2253, 6.008689440570528e-01, -8.124761100600200e-01, 2.544762185515748e-02, 9.803281338512653e-01, -1.148533447658333e-02
2254, 9.483833332486368e-01, -5.605898318455137e-02, 7.381706597299988e-02, 9.921679593631166e-01, 3.443003093956560e-02
2255, 9.567369645487918e-01, -6.200649526934716e-02, 7.800746015005036e-02, 9.831155663121162e-01, 2.663440557374440e-02
2256, 5.670286677333698e+00, -5.208219179837044e+00, 5.589507891768918e-03, 1.001422057226041e+00, -1.133816622460337e-03
2257, 2.591163866409318e+00, -4.092206777638633e+00, 1.001792706369207e-02, 9.962973990579626e-01, -3.034161195297524e-03
2258, -7.805639891306576e+00, 2.076795639421621e+00, 6.302582966696295e-04, 1.000512616838477e+00, 1.518888492541929e-03
2259, 6.335067752837719e+00, -1.345258601525241e+00, 2.469651178824345e-03, 1.010893043665040e+00, -6.183589225722541e-03
2260, -9.154677649171715e+00, 1.029985233255379e+00, 1.504932168166385e-03, 1.000273195262834e+00, 5.842366763671030e-04
2261, 4.260536243602630e+00, -1.124248537788057e+00, 3.884187930911601e-03, 1.011835792978805e+00, -1.182177529490682e-02
2262, 8.569119090205713e-01, 2.558371672552446e+00, -1.736738511536944e-02, 1.017432805693333e+00, -3.576659907071892e-03
2263, 5.415027284346833e+00, -1.413956063577600e+00, 3.244329820005225e-03, 1.010351667547955e+00, -8.132069395630593e-03
2264, 2.315301898695476e+00, 4.305214949750362e+00, -9.353386473877748e-03, 1.008573623985456e+00, -2.771914188393136e-03
2265, 5.686495478510882e+00, 3.473787101592858e+00, -3.044394406803417e-03, 1.001948719050402e+00, -3.976426572073451e-03
2266, 2.052065664110025e+00, 4.566417924233587e+00, -9.576227211109021e-03, 1.008650570405478e+00, -2.063840615412990e-03
2267, 9.313754394608896e+00, 2.012794049491295e+00, -9.997051791519108e-04, 9.946507195674011e-01, -5.148542388754826e-03
2268, 1.239999569260424e+00, -8.213393257588120e-01, 2.083628301963195e-02, 9.856932250907023e-01, -1.528148727685120e-02
2269, 1.256032517562467e+00, -6.623571558149323e-01, 2.167040115352432e-02, 9.858451443045622e-01, -1.774707846872596e-02
2270, 1.375743695334882e+00, -7.328269795208590e-01, 1.964337300338749e-02, 9.879560762576695e-01, -1.780266636036491e-02
2271, -2.766023392837989e+00, -4.214488929784979e+00, 1.013068884868654e-02, 9.952973667088297e-01, 1.867779891586920e-03
2272, -4.139827174987837e+00, -2.416469036692040e+00, 7.244408835743371e-03, 9.972624733398731e-01, 4.147435979273307e-03
2273, -5.439379086633902e+00, -2.480585084585832e+00, 5.761118743365081e-03, 9.987026515051262e-01, 3.039935697816811e-03
2274, -3.939291276654179e-01, 2.531768690589762e+00, -1.637899893766762e-02, 1.016618514736133e+00, 4.708109983489824e-03
2275, -3.163475015675360e-01, 1.902558340886126e+00, -2.032287901830247e-02, 1.022267112162571e+00, 8.619244847597528e-03
2276, -9.445135545379999e+00, 3.928698081035906e+00, -8.308314753514238e-05, 1.000246300324938e+00, 2.015370154811069e-04
2277, 8.724077901274160e+00, -2.711506589526275e-01, 1.729541745853814e-04, 9.967888037576043e-01, -7.398047274345941e-04
2278, -3.106917111070585e+00, 5.683673126753388e-01, 1.636523464468384e-03, 1.000833412618571e+00, 1.027510850092289e-02
2279, -1.131262017189100e+00, -2.733255972680208e-02, 1.170851306771258e-02, 9.918629327163052e-01, 2.732041640567041e-02
2280, -1.197078817835958e+00, 4.896572832388340e-01, -7.002525536150877e-05, 1.002863459391975e+00, 2.667510569078856e-02
2281, 4.995723103441368e+00, 1.176896263964845e+00, -2.008860651926459e-03, 9.897834130177171e-01, -9.857421125542826e-03
2282, -1.511935430146451e+00, -4.105439020276861e+00, 1.192606580246580e-02, 9.936666106248092e-01, 1.381930999872626e-03
2283, -6.996330653155770e-01, 7.526072096954239e-02, 1.452410697344481e-02, 9.868767063676949e-01, 4.217217827002052e-02
2284, -5.137374006772397e-01, -6.364033092498433e-02, 3.167868209537802e-02, 9.709720443634891e-01, 4.652451961636306e-02
2285, -4.254186358327902e-01, -2.527292313442332e-02, 3.475955705988382e-02, 9.656593998802967e-01, 5.539918228652510e-02
2286, -4.300462013277137e-01, -1.111158259922453e-01, 4.109523572174931e-02, 9.618091998788617e-01, 4.612322315075148e-02
2287, -6.352991767768634e+00, -2.079898400205273e+00, 4.739968316047166e-03, 9.994255065014553e-01, 2.520386501562134e-03
2288, 1.972876508173563e+00, -4.415289743552671e+00, 1.072045282472325e-02, 9.953789114066733e-01, -2.138414335864020e-03
2289, -4.567911304374814e+00, -4.868411382470377e+00, 7.887789593284622e-03, 9.975658428136780e-01, 1.101630175056028e-03
2290, -1.350872466038391e+00, 4.457492136108238e+00, -8.924743697437482e-03, 1.008984864045067e+00, 2.105442723930584e-03
2291, -1.577235776156929e-01, -1.136892358904087e+00, 2.803258018442571e-02, 9.772185866792003e-01, 5.747316299664562e-04
2292, -7.290848547067513e-02, -1.361736900225712e+00, 2.477112920343347e-02, 9.800203464093963e-01, -3.448034155159761e-04
2293, 6.947461174090880e-01, -1.080496428878108e+00, 2.374465612349093e-02, 9.819049826315027e-01, -9.555465503618037e-03
2294, 8.960353360431265e-01, -1.008765272606807e+00, 2.263079695765281e-02, 9.831688265355136e-01, -1.133432129783309e-02
2295, -2.300007253603224e+00, 4.407896343758512e+00, -7.330660626644203e-03, 1.007271290543916e+00, 2.673925942020202e-03
2296, -7.978457207665073e-01, 9.604417900028636e-01, -1.509413901759997e-02, 1.017201927677721e+00, 2.675520355605680e-02
2297, -6.737754567239482e-01, 7.340806378201892e-01, -1.607682621231745e-02, 1.017071703911280e+00, 3.431702501733654e-02
2298, -8.684123253545282e-01, 7.867299493510682e-01, -1.245347467265938e-02, 1.013003210294799e+00, 3.011314295672036e-02
2299, 6.169843129956432e+00, -4.436892996786807e+00, 4.804603718059918e-03, 1.002378079465820e+00, -1.951964744619848e-03
2300, -8.701944886315687e+00, 3.116149950542306e+00, 1.223301898894585e-04, 1.000350240093401e+00, 6.871490910137329e-04
2301, 7.207595992335498e-01, 2.310352134060015e+00, -1.985069262903474e-02, 1.020051660541983e+00, -3.265598942752887e-03
2302, -9.231136313466573e+00, 5.065428197302373e+00, -4.587256704343643e-04, 1.000256012103602e+00, 1.450247965634216e-04
2303, 3.598392969550694e+00, 5.664293122712969e-01, 1.524145087726169e-04, 9.742909104510855e-01, -1.601641847241102e-02
2304, 1.841389980423090e+00, -2.666269089366473e+00, 1.227704568747405e-02, 9.929085998398253e-01, -5.889735963971497e-03
2305, 9.308306061643099e+00, 1.846758270477734e-01, -1.816505640410991e-03, 9.925040526061837e-01, -3.310650704167273e-04
2306, 3.523900097929629e+00, -5.204391644834384e+00, 8.383996463715035e-03, 9.982580436123477e-01, -1.298543926776330e-03
2307, 6.939434564647052e+00, 4.371606473033068e+00, -2.248991405900280e-03, 9.999875256812057e-01, -2.199368738445794e-03
2308, 7.132012668168682e+00, 4.161247706478191e+00, -1.981531757300342e-03, 9.997722247064845e-01, -2.383473856291932e-03
2309, 8.429245437399745e+00, 2.180295727770651e+00, -1.142167366365241e-03, 9.969077895122577e-01, -4.730692931455934e-03
2310, 1.824360890728550e+00, -4.697139797351997e-01, 1.342246168523007e-02, 1.011567109643893e+00, -2.856230241072609e-02
2311, 1.844465805100993e+00, 4.256558389781585e-01, -1.843373861191662e-03, 9.777538886815593e-01, -3.370218045311252e-02
2312, 1.730043688667722e+00, 2.511067827193996e-01, 2.782530075166843e-03, 9.422328897186028e-01, -4.092126114795455e-02
2313, 1.685865658571525e+00, 3.874972902929094e-01, 9.188122669405939e-05, 9.792958399592049e-01, -3.733410901304664e-02
2314, -2.209317857603493e+00, 2.153967888085475e+00, -6.179627502226058e-03, 1.007503746642622e+00, 9.262859531235703e-03
2315, -9.302308736846276e+00, 4.225499822782243e+00, -2.110149813044380e-04, 1.000263631333224e+00, 2.253018725114892e-04
2316, 8.109242432991074e+00, 3.042951238181301e+00, -6.325381079854687e-04, 1.000145276883413e+00, -3.326258180188738e-03
2317, -6.994132912807340e+00, 4.592416916659067e+00, -1.234197742642858e-03, 1.001055641630104e+00, 8.957089452455821e-04
2318, 9.127806007901237e+00, -3.819618037416685e+00, 2.049490848681907e-03, 1.005137526344991e+00, -1.634799942690680e-03
2319, -8.378870439122650e+00, -2.360943732338567e+00, 3.964250857560720e-03, 1.000169381085480e+00, 9.163327748705821e-04
2320, -4.052873584300293e+00, 4.820725435496073e+00, -4.211418665347699e-03, 1.004098207766039e+00, 1.698139725310005e-03
2321, -1.663111054485091e+00, -1.809595260322481e+00, 1.422485266408257e-02, 9.904529936605744e-01, 6.826313321680346e-03
2322, 5.069121639650544e+00, 3.981666654559471e+00, -4.354788805516554e-03, 1.002784406451400e+00, -3.496267176641730e-03
2323, -9.493881185970949e+00, -1.725021387557879e+00, 3.468676351215925e-03, 1.000345632111859e+00, 2.994229639279335e-04
2324, 6.986375821789149e+00, 6.349127348309055e-01, -3.692759718194618e-04, 9.825567145641617e-01, -6.066627199608284e-03
2325, 5.765886313170657e+00, 9.213296921897062e-01, 4.285090883762965e-04, 9.831111863483555e-01, -9.126220880113901e-03
2326, -8.890235432380113e+00, -4.328475990430851e+00, 4.759413930808673e-03, 1.000289112923628e+00, 3.081718369959706e-04
2327, 9.579310108943652e+00, -2.427295000910975e-02, -1.068526229570612e-03, 9.948687954254455e-01, 1.147602050010379e-03
2328, 7.206436665344969e+00, -5.436470067106240e+00, 3.863523207657701e-03, 1.003262016062304e+00, -6.334381957577544e-04
2329, 4.112451037247923e+00, 3.487954913086795e+00, -5.775091144870853e-03, 1.004495695630045e+00, -4.991526992807783e-03
2330, 8.542721870099566e+00, 1.298777766251651e+00, -1.432360728938715e-03, 9.885244174542808e-01, -4.884668413693529e-03
2331, 2.430602761009797e+00, -1.236265262736496e-01, 7.028714374045109e-03, 9.837972902223626e-01, -1.570768553709019e-02
2332, -3.636268032105735e+00, 1.090144391699415e+00, 2.654451387257013e-04, 1.001821586393681e+00, 8.057217539206778e-03
2333, 1.800703748216018e+00, 7.916027746938484e-01, -9.551017586062667e-03, 1.008968824999216e+00, -2.479049709716434e-02
2334, 1.718094587663950e+00, 5.327548194825026e-01, -7.782622718331947e-03, 9.990170293975803e-01, -3.165488630541061e-02
2335, 2.374760373978249e+00, 8.481364189467169e-01, -2.877818722499788e-03, 1.003690100889822e+00, -1.927777494281441e-02
2336, 2.053308450429038e+00, 7.282072881316550e-01, -6.080184461421166e-03, 1.002434215274611e+00, -2.217993530225112e-02
2337, -6.611341673719230e-01, -9.935044885382505e-01, 2.525760604294741e-02, 9.790069727301642e-01, 9.517043414057704e-03
2338, 2.045481203609622e+00, 4.785730130310550e-01, -2.759194663163387e-03, 9.806534471492806e-01, -3.069412846563306e-02
2339, 1.933034901205100e+00, 2.916607666354926e-01, -3.666408522975793e-04, 9.480550669107886e-01, -3.781379882371048e-02
2340, 1.779975495824880e+00, 1.059287311419506e+00, -1.252433114773983e-02, 1.013838327621225e+00, -2.138588338155412e-02
2341, 1.680729010518767e+00, 1.598143224078839e+00, -1.589723625921347e-02, 1.015960584317662e+00, -1.545614269327187e-02
2342, 1.311827010917905e+00, -1.289658678784208e+00, 1.829159723425644e-02, 9.871909766013267e-01, -1.128113598702215e-02
2343, -4.700678921511590e+00, -1.844549643210013e+00, 5.961743684424775e-03, 9.981091356815207e-01, 4.404946956304407e-03
2344, -1.278975019608185e+00, -2.111780919347264e-01, 1.294511631089139e-02, 9.906568299255971e-01, 2.227805142228948e-02
2345, -9.502820053723591e-01, -1.901561839811626e-01, 1.791718525875017e-02, 9.858451141719340e-01, 2.724666406530515e-02
2346, -1.181274452105913e+00, -4.411464949203920e-01, 1.598822915476239e-02, 9.867634149233288e-01, 2.029655723476089e-02
2347, -5.990543464462458e+00, -3.378833636028971e-01, 3.033986857326702e-03, 9.999199216838915e-01, 3.615320295456178e-03
2348, 2.223950455171272e+00, -2.115616108191890e-01, 4.042547471826555e-04, 9.983809025878043e-01, -1.769855099044100e-02
2349, -3.202345165111672e-01, 4.508786835528728e-01, -2.992575361564262e-02, 1.027113936222350e+00, 6.312359016821326e-02
2350, -3.173044089290253e-01, 5.976284686233818e-01, -3.269964752072193e-02, 1.032687899896644e+00, 5.013122072592065e-02
2351, -2.452796420592046e-01, 5.025454974801163e-01, -4.012133542030276e-02, 1.038990549947238e+00, 6.123860224168985e-02
2352, -6.628345806698026e-01, -1.998867994546089e-01, 2.781746960757035e-02, 9.758303513111405e-01, 3.291338138958767e-02
2353, -6.140020883400960e-01, -5.654799646267488e-02, 2.499786374729353e-02, 9.773872620215825e-01, 4.060299492685324e-02
2354, -5.423030640096594e-01, -1.716084416847786e-01, 3.438642789634561e-02, 9.699235557411294e-01, 3.765705767681283e-02
2355, 9.527283296624217e+00, 3.816103730134700e+00, 5.062176767803962e-04, 9.973831612565714e-01, -2.231889458289614e-03
2356, 1.562061086187781e+00, 1.981678232917001e-01, 4.360357327478896e-04, 9.297272505763443e-01, -4.810884042544072e-02
2357, 1.630822306165364e+00, 8.121938818376101e-02, 4.504103810967790e-03, 9.156839323501655e-01, -3.789160191573160e-02
2358, 1.214821311029835e+00, -3.970631242077256e-01, 2.634098624920285e-02, 9.922131198744548e-01, -2.510298467837361e-02
2359, 1.306273188531010e+00, -4.651292566415242e-01, 2.209921594768812e-02, 9.931366927429056e-01, -2.428958456224276e-02
2360, 1.184580374831889e+00, -4.763933471964426e-01, 2.614209010110394e-02, 9.870803106856920e-01, -2.100282989520369e-02
2361, 9.667954768754664e-01, 1.209958166264120e+00, -3.097444992151741e-02, 1.031054500643841e+00, -1.750328023712032e-02
2362, 8.043207120929292e-01, 3.360227129724939e-02, -5.667974625485938e-02, 9.111322549259302e-01, -1.659726035977973e-01
2363, 8.099588085216864e-01, 1.587724407867454e-02, -5.450862254323664e-02, 8.954919013383852e-01, -1.706358714584153e-01
2364, 9.488422701985130e-01, 5.629377223981216e-01, -4.045242243396149e-02, 1.038082580449735e+00, -5.039286248240551e-02
2365, 8.616275403851910e-01, 5.109632184438520e-01, -5.124614330310669e-02, 1.044380474265049e+00, -5.519086071654756e-02
2366, 8.502878604599410e-01, 6.182901537203864e-01, -4.810907679488808e-02, 1.045516183823192e+00, -4.456633241538422e-02
2367, -4.080467414556025e-01, -3.255401987151815e-01, 4.528418216351958e-02, 9.579896099681205e-01, 2.525127215882777e-02
2368, -3.145494567570992e-01, -3.943515205873710e-01, 4.860544770037072e-02, 9.553035144453785e-01, 1.576209561947618e-02
2369, -5.582957631627379e-01, 4.237656536787182e-02, 2.159700445312596e-02, 9.791549600220673e-01, 5.037350907272273e-02
2370, 2.046686897687545e-02, 7.659223053090705e-03, 2.953212787626561e-01, 6.453232808974747e-01, -2.739934300243042e-01
2371, 1.815797105771980e-02, 1.283591951895431e-02, 3.236772991276479e-01, 5.925828042634959e-01, -2.942501518422004e-01
2372, 1.278649649948456e+00, -1.021688690886787e+00, 1.971848024439376e-02, 9.861499738023232e-01, -1.330071314058378e-02
2373, 5.490955569113889e-01, -9.634160474722470e-01, 2.523636094009163e-02, 9.801221605224275e-01, -9.624402832297225e-03
2374, 6.969644664498535e-01, -1.267265374272657e+00, 2.215558754942416e-02, 9.826780204141717e-01, -7.970578287752857e-03
2375, 5.069005566640051e-01, -1.173085650677480e+00, 2.393847203681109e-02, 9.809669278784595e-01, -7.519141678178307e-03
2376, -9.532835722395028e+00, -3.832795620305549e+00, 4.414747253822906e-03, 1.000377085491123e+00, 1.668460700926606e-04
2377, -9.345610776707021e+00, 2.833890209665858e+00, 3.945102860790646e-04, 1.000277488191290e+00, 3.594242040913724e-04
2378, 1.484680311164525e+00, -3.435075759909938e-01, 1.746616463931447e-02, 1.011728243347732e+00, -3.215327877099774e-02
2379, 1.510351974242599e+00, -2.215780750675093e-01, 1.837578307384798e-02, 1.017922926655967e+00, -3.446490227462616e-02
2380, 9.679950795618865e-01, -5.355912100657141e-01, 2.549598466246815e-02, 9.832400933909414e-01, -1.486480370048259e-02
2381, 9.829608147593099e-01, -4.186960035963301e-01, 2.915257384014597e-02, 9.850895354044787e-01, -1.615540744019408e-02
2382, 1.047726090018585e+00, -4.543677751127581e-01, 2.783974117703194e-02, 9.835428398893565e-01, -1.744457280854817e-02
2383, 5.489005860796529e-01, -3.565972356436063e-01, 1.912448671859680e-02, 9.935935207550686e-01, -1.755650902295397e-02
2384, 5.385195973607354e-01, -4.294898474001657e-01, 2.096426639126032e-02, 9.877806725412031e-01, -1.725534279106098e-02
2385, 4.962728615933861e-01, -3.700139741092814e-01, 1.754027203751017e-02, 9.913569552066996e-01, -2.067484927616676e-02
2386, 6.728744634056291e-01, -7.306641569362338e-02, -5.196297872176657e-03, 1.087511413657323e+00, 3.281914982092986e-03
2387, -1.959830438369786e-01, -1.594459698050091e+00, 2.212568538280963e-02, 9.823195537765443e-01, 9.377839488832862e-04
2388, 1.651680674932728e+00, -8.839996665858109e-01, 1.521864033700747e-02, 9.907106285763433e-01, -1.616104961063444e-02
2389, 3.028135625370579e-01, -8.289545541484174e-02, -1.992855512375184e-02, 1.056871782298090e+00, -7.940558733573841e-02
2390, 2.936039009100542e-01, -6.063657668576047e-02, -2.526329416699273e-02, 1.096457177013318e+00, -9.337293897198017e-02
2391, 5.268056277243766e-02, -5.989974798665122e-01, 4.073888207652847e-02, 9.645001556787338e-01, -8.823913483407522e-03
2392, 1.368297980482683e-01, -5.457930719632093e-01, 3.857041797501368e-02, 9.664497099612520e-01, -1.463903084747115e-02
2393, 9.507331769699539e-01, 6.650806455593768e-01, -4.007528007038921e-02, 1.037359950185287e+00, -4.197940652780944e-02
2394, -9.389108455067531e+00, 7.985417593751231e-01, 1.711743511826797e-03, 1.000306403136608e+00, 4.421307571174120e-04
2395, -1.006246542397060e+00, 4.539667235765975e-01, -1.098793468949440e-03, 1.003044409254435e+00, 3.138304356229937e-02
2396, 2.690092644758614e-01, -8.292157023030989e-01, 2.993446697967574e-02, 9.753569097661954e-01, -8.929828799055886e-03
2397, 1.015279246366868e-01, -7.984812941281099e-01, 3.385271101048769e-02, 9.714562485188265e-01, -6.309872855071147e-03
2398, 1.735232411348231e+00, -6.568833538882487e-01, 1.567394841736019e-02, 9.974314124654227e-01, -2.143745068517686e-02
2399, 1.695656641817312e+00, -3.714774727904520e-02, 6.917191136358521e-03, 9.508298124501312e-01, -2.653465886012017e-02
2400, 1.538008501122812e+00, -3.082408010950743e-02, 1.292980927387559e-02, 9.432650536332885e-01, -2.881829655738906e-02
2401, -1.621881015934085e-01, -9.417529109871411e-01, 3.126232857302714e-02, 9.733293101058532e-01, 1.024630086186199e-03
2402, -9.558797646015348e+00, 2.364904169075882e+00, 6.271477318496181e-04, 1.000257691891168e+00, 2.659583557269754e-04
2403, 6.636882678768288e-01, 1.107149473146947e+00, -4.115258659336637e-02, 1.040395928007905e+00, -1.322052556876938e-02
2404, 4.391826285321709e-01, 1.594693966342497e-01, -1.840978465047914e-01, 1.105251924367191e+00, -9.891409466107878e-02
2405, 4.628718499214329e-01, 1.329332262907920e-01, -1.854539097572261e-01, 1.079693500235809e+00, -1.146892596694183e-01
2406, 4.344807791114899e-01, 1.246407998326247e-01, -2.025226354865586e-01, 1.084417724747406e+00, -1.130810341267995e-01
2407, 6.015826045514495e-01, 4.611182938419149e-01, -9.093428416874451e-02, 1.082213354778004e+00, -4.980338855642649e-02
2408, 5.109193514796573e-01, 4.137993116271957e-01, -1.099749053076617e-01, 1.098152565546504e+00, -4.662839335920789e-02
2409, 5.034328955882991e-01, 5.019422405096232e-01, -9.348611987554445e-02, 1.088107425463360e+00, -3.372980236402739e-02
2410, -6.080441568967370e-01, -3.066964573187009e-01, 3.303733707716253e-02, 9.713841132235643e-01, 2.841466699055994e-02
2411, -6.536230252676228e-01, -4.953402114370599e-01, 3.055429870071684e-02, 9.729106006014715e-01, 2.051066540483121e-02
2412, -7.732167812308348e-01, -3.719705811036837e-01, 2.600922187966286e-02, 9.777860370611445e-01, 2.470044322196975e-02
2413, 1.863204708695325e-01, 6.666629038944724e-01, -7.884466198828627e-02, 1.077385058810015e+00, 1.605670907779744e-02
2414, 5.509480112116648e-01, 9.301026403319256e-01, -5.330967645052347e-02, 1.050907535706968e+00, -1.335855526480254e-02
2415, 4.184056849129232e-01, 1.028030778044016e+00, -5.008300418662818e-02, 1.048587483856209e+00, -5.335897932417281e-03
2416, 1.300111276017649e+00, 5.646161277100991e-01, -1.835395011305467e-02, 1.015261103731755e+00, -4.022041677564749e-02
2417, 1.436129922833575e+00, 5.355258708093122e-01, -1.200739565541463e-02, 1.008538430285407e+00, -3.734809347878010e-02
2418, 1.609387630426458e+00, 8.682592407059081e-01, -1.508111963450438e-02, 1.014842837554484e+00, -2.495901231550525e-02
2419, -5.848793068718114e-01, 9.225866029677376e-01, -2.192933645309707e-02, 1.023336753583979e+00, 2.918518444459624e-02
2420, 3.869690539628611e-01, 1.183811622339432e+00, -4.189950774652790e-02, 1.042428559170071e+00, -2.160410218164169e-03
2421, 4.788123487839009e-02, 9.665547726887115e-02, -4.363972852377110e-01, 1.262845900229172e+00, 2.885026612486494e-01
2422, 5.838886360430103e-02, 9.392760361648338e-02, -4.401767712980658e-01, 1.269250755451694e+00, 2.505238343795874e-01
2423, -1.678235675991454e-01, 6.144269938967115e-01, -5.012346977831932e-02, 1.048317864383998e+00, 4.738978112657063e-02
2424, 5.054835519076581e-01, -5.923232769579746e-01, 2.533506784244640e-02, 9.806571797088470e-01, -1.440303635437308e-02
2425, 5.152863394139038e-01, -7.108978985400367e-01, 2.688457061209556e-02, 9.790642357317793e-01, -1.224731597020376e-02
2426, 4.277982723826292e-01, -6.570396416727392e-01, 2.759035462665247e-02, 9.781057906852135e-01, -1.389246878519244e-02
2427, -5.123348631716186e-01, 4.193773655751813e-01, -1.139440610204797e-02, 1.011891380237663e+00, 5.236888433186831e-02
2428, -4.048149028263158e-01, 5.078090103098067e-01, -2.157372665175478e-02, 1.023068224135944e+00, 5.447903924596143e-02
2429, 9.754760127706555e-02, 7.323015129127680e-01, -6.576934974155228e-02, 1.064647016072295e+00, 2.254353318783383e-02
2430, -2.934070095410826e-02, 8.531805807641981e-01, -5.002378252599728e-02, 1.050368151049734e+00, 2.441290018955846e-02
2431, 1.409251518968713e-01, 8.721338625695574e-01, -5.724283896927290e-02, 1.056282792608011e+00, 1.343508291930991e-02
2432, 1.793602327908688e+00, 1.109985913608064e-01, 6.170611516475030e-03, 9.288636546293643e-01, -3.514934002190709e-02
2433, 1.297526599643011e+00, -3.673964161828073e-01, 2.431701422475815e-02, 9.996094937561706e-01, -2.926336291552666e-02
2434, 1.386778319056889e+00, -2.885068536874592e-01, 2.235966459115186e-02, 1.012134014382932e+00, -3.492184010112148e-02
2435, 1.374619972766034e+00, -3.860188203463231e-01, 2.317631197624011e-02, 1.001754614250799e+00, -2.950701758156535e-02
2436, 1.467827699013511e+00, -6.011978161923339e-01, 1.905330135185024e-02, 9.913292416931491e-01, -2.108217979947290e-02
2437, 1.540066725110107e+00, -7.351687598434863e-01, 1.760646975776950e-02, 9.912713372116283e-01, -1.906327366169243e-02
2438, -2.323087037285555e-01, -7.567734439634464e-01, 3.599102540386784e-02, 9.687596073199369e-01, 3.875226909912785e-03
2439, -1.005528166113479e-01, -6.350431121251163e-01, 4.084314120858168e-02, 9.638877132643370e-01, -1.423222439123548e-03
2440, -1.106244815527918e-01, -7.821821202101470e-01, 3.487898442124203e-02, 9.693703550291330e-01, -7.384201071382681e-05
2441, 1.792754902959304e+00, -1.597961012140668e-01, 6.904443767673631e-03, 9.978092535222850e-01, -2.333266696842793e-02
2442, 1.915583581620928e+00, -3.009785048909261e-01, 2.039902860366296e-02, 1.016935326290644e+00, -2.616857716546952e-02
2443, 1.603304120409183e+00, -5.529203412633780e-01, 1.705494382766238e-02, 9.987700855733309e-01, -2.418875971221056e-02
2444, 1.899034610149452e+00, 5.799515094168555e-01, -4.376315201249406e-03, 1.000237761317278e+00, -2.695588690843808e-02
2445, 1.000808018741512e+00, -1.488939183317799e-02, 6.262573920105968e-02, 7.991326495494949e-01, -1.199707359778450e-01
2446, 9.972472766264854e-01, -2.034622229383931e-02, 6.779550486776130e-02, 7.829915413479571e-01, -1.232245317914584e-01
2447, 9.932217983121528e-01, -1.442680892669791e-02, 6.684733867422031e-02, 7.985404870670401e-01, -1.291497559966187e-01
2448, 1.207305745392632e+00, 2.688745343425507e-01, -5.365305715785975e-03, 9.701872203774353e-01, -6.305797608404934e-02
2449, 1.272875580054299e+00, 3.246507889341763e-01, -6.462499667905876e-03, 9.833489216218062e-01, -5.527614617825944e-02
2450, -2.411894513270119e-01, 3.975620482604761e-01, -3.301551545302832e-02, 1.034016239945340e+00, 7.588882506869421e-02
2451, -1.475222794633572e-01, 4.831767181838437e-01, -5.580910945686777e-02, 1.051688874533754e+00, 6.594835780700983e-02
2452, -5.280428159646817e-02, 2.674224078997791e-02, 2.006465204337937e-01, 7.625473867210938e-01, 1.810699816514190e-01
2453, -4.875929852688612e-02, 4.310443093800788e-02, 1.747688263166295e-01, 7.769455333907224e-01, 2.442826290049661e-01
2454, -4.066792699920291e-02, 3.387397828931294e-02, 2.152005776972604e-01, 7.274988919715367e-01, 2.267330083230200e-01
2455, -6.390382790972522e-01, 5.530636259102800e-01, -1.162885741953889e-02, 1.013266637752118e+00, 4.300429797129395e-02
2456, -8.081200935788406e-01, 5.270434447100233e-01, -6.736693906251917e-03, 1.008316324682597e+00, 3.574000654777518e-02
2457, 2.165717816710570e-02, -1.042655939698681e+00, 2.884283956675595e-02, 9.759992523419043e-01, -2.626058388839465e-03
2458, 1.057191605499892e+00, 5.620823873957793e-01, -3.104650646990432e-02, 1.027692068092839e+00, -4.831776305788348e-02
2459, 1.098008109282512e+00, 6.993699664676954e-01, -3.132019611454700e-02, 1.028034700845941e+00, -3.878497285872557e-02
2460, 7.151086517931980e-01, 9.206655402656772e-01, -4.641405737083961e-02, 1.046097911715177e+00, -2.128284116374099e-02
2461, 1.622073719984562e+00, -1.533860632392668e-01, 1.941803673385495e-02, 9.984361188684423e-01, -2.761370834219114e-02
2462, 1.515031997394962e+00, -1.307678724299718e-01, 1.129587555218637e-02, 9.981406149647845e-01, -2.994451084218630e-02
2463, 1.499341583912358e+00, 8.586100531899285e-02, 2.542886573186897e-03, 9.041281408541183e-01, -4.509278179982329e-02
2464, 9.424603128803757e-01, 1.003628512266705e-01, -7.855660714767360e-03, 9.048936862752242e-01, -1.262357055194552e-01
2465, 9.207025234687271e-01, 7.837975142281851e-02, -1.288415391423125e-02, 8.946828472800146e-01, -1.356490714021675e-01
2466, 9.159940833910040e-01, 1.003772670848143e-01, -1.932940628961606e-02, 9.119880981354378e-01, -1.312353127339092e-01
2467, 1.000720858334874e+00, 2.016421439582357e-01, -1.512978934011233e-02, 9.600706496431763e-01, -9.361805334840287e-02
2468, 1.038549933456012e+00, 2.394188563905921e-01, -1.372538574102511e-02, 9.749185620595424e-01, -8.320239513878275e-02
2469, 1.056511799587839e+00, 1.869276113968930e-01, -1.807007091788946e-03, 9.446945027426283e-01, -8.808584127827786e-02
2470, 5.609401546879587e-03, -7.206106854332255e-01, 3.542559751742661e-02, 9.684288079670593e-01, -4.802261478599662e-03
2471, 1.387719800245052e-01, -9.079517719248206e-01, 2.987307530752532e-02, 9.741651880507307e-01, -5.623740143416258e-03
2472, 3.564477406626947e-01, 8.680829771947945e-01, -5.889905290353085e-02, 1.057946006838538e+00, -1.852832017301633e-03
2473, -3.804711733742636e-01, 1.203554198965468e-01, 1.982172348105092e-02, 9.783895391767771e-01, 7.331884848850116e-02
2474, -2.982227331104640e-01, 7.409377094531369e-02, 3.451521873313983e-02, 9.636066102806614e-01, 8.444623951093727e-02
2475, -3.673657225737704e-01, 3.762551688489701e-02, 3.498401297847982e-02, 9.650726010680567e-01, 6.764311522969571e-02
2476, -7.720544391672648e-01, -2.008062808333127e-01, 2.358045805919171e-02, 9.795761858945037e-01, 3.065903634523076e-02
2477, 1.563799947029654e+00, 3.315066978141507e-01, -6.603288041050364e-03, 9.686576387621856e-01, -4.367421331273939e-02
2478, 1.449473017007561e+00, 4.149002968334023e-01, -4.235794953078699e-03, 9.934712942262548e-01, -4.237588537871988e-02
2479, 1.562473400338135e+00, 4.752160730365344e-01, -7.922792560001047e-03, 9.969151959277484e-01, -3.749793930103239e-02
2480, 3.588746336805749e-01, 4.864872680235561e-01, -1.110687707223451e-01, 1.104112383700993e+00, -1.021242815077227e-02
2481, 2.583100607044276e-01, 4.785191162616240e-01, -1.141975024998215e-01, 1.106769171258558e+00, 1.014013262642374e-02
2482, 3.131163843022950e-01, 5.464902545560466e-01, -9.883039842368352e-02, 1.094291788406941e+00, -2.845966202830153e-03
2483, 7.365931414294932e-01, -6.067136433731244e-01, 2.553253066585617e-02, 9.826764983245987e-01, -1.298361029029015e-02
2484, -3.483916407014636e-01, -4.684597035842707e-02, 4.890693973127393e-02, 9.538983067140638e-01, 5.788625215656376e-02
2485, -7.139697119820723e-02, 1.850198134707287e-02, 1.701648534692740e-01, 8.050255881920384e-01, 1.509584288562067e-01
2486, -6.289064740452995e-02, 3.678118271538997e-02, 1.600152083875277e-01, 8.074270653810282e-01, 1.999105142892019e-01
2487, -4.988326858211008e-02, -2.679775402558083e-01, 7.592811636677380e-02, 9.282123623238749e-01, -1.189534372205706e-02
2488, -1.208634517522165e-01, -2.792701780572126e-01, 7.140680893761500e-02, 9.299758477145892e-01, 2.481488030134802e-03
2489, -8.249325277558649e-02, -2.251438362994708e-01, 8.538927695625051e-02, 9.175892473874272e-01, -4.312124467754722e-03
2490, 1.910510128827315e-01, -8.424799980315885e-02, 1.653227045631894e-02, 1.001951437213944e+00, -1.181855020507450e-01
2491, 4.065125524482660e-01, -9.456361731298069e-01, 2.699744796133051e-02, 9.782306127379846e-01, -8.314290442324200e-03
2492, 1.431166617578694e+00, -8.972593913900765e-01, 1.975491764388521e-02, 9.880636011591236e-01, -1.551406059826515e-02
2493, 1.132098695904686e+00, 8.673252791104121e-01, -2.820291894008549e-02, 1.027315299316157e+00, -3.051861582395191e-02
2494, 1.021678546293744e+00, 1.003822526106372e+00, -3.146976658846271e-02, 1.031284539325787e+00, -2.475106925698416e-02
2495, -1.889344105879353e-01, -4.091909904079832e-01, 5.355079713804627e-02, 9.500038148660682e-01, 7.224746170649613e-03
2496, -1.406509467520125e-01, -4.998522085412705e-01, 4.756982525907119e-02, 9.563058681732778e-01, 1.253316184418427e-03
2497, -2.399374044636579e-01, -4.941015532270072e-01, 4.823822105334677e-02, 9.567668384858373e-01, 7.717326705314353e-03
2498, 1.229542202405202e+00, -5.580063069729390e-01, 2.393621418162723e-02, 9.870853182755790e-01, -1.943411505809954e-02
2499, 1.088390847544047e+00, -5.406505327154956e-01, 2.549475512047047e-02, 9.848997640894439e-01, -1.772457132105394e-02
2500, 5.910491712324910e-01, -3.936636698066200e-01, 1.989007389852391e-02, 9.901725288279332e-01, -1.511238255748531e-02
2501, 5.110667331620877e-01, 7.842812186958690e-01, -6.394009995164594e-02, 1.061717559947604e+00, -1.551556337348030e-02
2502, 4.282372086204390e-01, 4.593673817288936e-01, -1.100359232143495e-01, 1.102457009208192e+00, -2.623703234696616e-02
2503, 4.436558609749184e-01, 3.809959591216285e-01, -1.236531230575710e-01, 1.113620738230837e+00, -3.868443371912403e-02
2504, 3.686413602774074e-01, 4.096900910759008e-01, -1.264034781051671e-01, 1.116140832768918e+00, -1.919057244125559e-02
2505, 1.398619014657782e+00, -1.792701206931553e-01, 2.196571712631886e-02, 1.014923566030182e+00, -3.692576800041559e-02
2506, 1.426476349302059e+00, -7.827783332506076e-02, 1.607729180455830e-02, 9.664084811886184e-01, -3.058841198139877e-02
2507, 1.241959651521389e+00, -1.725163244402276e-01, 3.221480881583698e-02, 1.013577386458407e+00, -4.032219412963244e-02
2508, 1.281691552009738e+00, -2.029086218750039e-01, 2.644562510885137e-02, 1.012724533517373e+00, -3.726530282855425e-02
2509, 1.225480524995270e+00, -2.154758781285868e-01, 3.048977090965217e-02, 1.008460177409879e+00, -3.789053407505132e-02
2510, 1.038955032090916e+00, -2.479602921559270e-01, 3.814266738969722e-02, 9.932872792362336e-01, -2.364181128809643e-02
2511, 1.077143702750915e+00, -2.793792787631260e-01, 3.572619575349990e-02, 9.937128172433923e-01, -2.551447655432324e-02
2512, 1.011249430365364e+00, -2.914909683610951e-01, 3.480234543579457e-02, 9.903597194505488e-01, -1.933245331191553e-02
2513, -4.874575627534405e-01, 9.826448825853061e-03, 2.860663997132443e-02, 9.716892138903657e-01, 5.367507474676113e-02
2514, 6.336475480253473e-02, 1.005401741745088e+00, -4.800888980639548e-02, 1.047077094568256e+00, 1.542570433057572e-02
2515, 1.431222737727355e+00, 1.900312270078366e-01, 5.124203161478575e-03, 9.275749925102615e-01, -5.526732369425354e-02
2516, -7.498056078482104e-01, -7.674823556856525e-02, 2.076381879676747e-02, 9.823160021408773e-01, 3.553764408320373e-02
2517, -2.725204412988860e-01, 7.194240108778069e-01, -3.715186799518917e-02, 1.038095298241943e+00, 3.985642657834521e-02
2518, -1.523371057159190e-01, 7.666949589086078e-01, -4.670624245287395e-02, 1.047162778760214e+00, 3.491784687048002e-02
2519, 1.450245771228281e+00, 3.019496705286311e-01, 7.527227945608702e-04, 9.657782659450864e-01, -4.818276662102023e-02
2520, 4.299880651241567e-01, -7.990825166866290e-01, 2.732150316748666e-02, 9.782371708164889e-01, -1.098761546131801e-02
2521, -2.318308101447941e-02, 5.932794360658065e-01, -6.810887019939750e-02, 1.066501904262318e+00, 4.609082932240468e-02
2522, -4.119603672712160e-02, 7.047029089967471e-01, -5.856165056863299e-02, 1.057831149012689e+00, 3.475388548016491e-02
2523, 7.345094706555805e-01, -5.014506964073785e-01, 2.364360139619083e-02, 9.838341755670426e-01, -1.243998908484451e-02
2524, 8.086781103865341e-01, -4.339840872215568e-01, 2.573616800663988e-02, 9.861009651523964e-01, -1.200962323007268e-02
2525, 8.350005434067888e-01, -5.285038159146498e-01, 2.474625240616264e-02, 9.834238893698212e-01, -1.282807605616738e-02
2526, 1.212869727592721e+00, -3.195661629646016e-01, 2.886769084260832e-02, 9.990931049030198e-01, -2.916742505610105e-02
2527, 1.127317462515345e+00, -3.623866751866965e-01, 3.028323058138552e-02, 9.911267605699940e-01, -2.432534765581790e-02
2528, 1.132519447581644e+00, -3.047877859896887e-01, 3.193556343379066e-02, 9.951268282274415e-01, -2.740391796408659e-02
2529, -4.541011174760340e-01, -2.273341154076965e-01, 4.110178738374507e-02, 9.620133637744315e-01, 3.373216408750235e-02
2530, -5.217205069311027e-01, -3.740429012677143e-01, 3.594144344056466e-02, 9.665010095859639e-01, 2.423115058510641e-02
2531, 5.601370894820885e-01, -2.931961968166319e-01, 1.238919923569765e-02, 1.001617575988499e+00, -1.723605351142596e-02
2532, 5.021150895775889e-01, -2.506638968326049e-01, 7.928884454448984e-03, 1.007772986683487e+00, -2.266499258990059e-02
2533, 5.511372190972816e-01, -2.423412424140844e-01, 7.713343916081017e-03, 1.006925139741805e+00, -1.755450396352365e-02
2534, 6.934659163309304e-01, -7.565634193650107e-02, -1.734803487888004e-03, 1.082781912641035e+00, 6.584049166408578e-03
2535, -1.492396414022188e-01, -1.054308153552772e-01, 1.032617853851758e-01, 8.991116304880399e-01, 4.049774164202516e-02
2536, -1.853327388148208e-01, -8.210959958416530e-02, 9.139972144351294e-02, 9.091123509870012e-01, 5.515006206487859e-02
2537, -1.512667033693638e-01, -6.587869376615178e-02, 1.026009568444440e-01, 8.920921414858431e-01, 5.887584885612868e-02
2538, 2.647303076205719e-02, 7.744117740003970e-03, 2.551666323917824e-01, 6.843144762351643e-01, -3.113336062136163e-01
2539, -3.559590005964720e-01, -1.440719847015487e-01, 5.214481081105630e-02, 9.513702368078614e-01, 4.344161763646092e-02
2540, -3.525164334632468e-01, -2.269537237017834e-01, 5.237340495879119e-02, 9.512503483689277e-01, 3.239722099405449e-02
2541, -5.901661227094088e-01, 1.410513292861172e-01, 1.225327014596781e-02, 9.886513220607136e-01, 5.091385434991099e-02
2542, 9.570800327412469e-01, -9.003795251440065e-02, 6.887858844145309e-02, 9.887780751063204e-01, 5.238539870614412e-03
2543, 9.677855559512504e-01, -8.101818688402164e-02, 7.762424322206565e-02, 9.802757946366673e-01, 6.402911457278473e-03
2544, 1.123919969905459e+00, -4.319104779644595e-01, 2.743522315714140e-02, 9.869518329046257e-01, -2.100984669970864e-02
2545, 4.615102901840026e-01, -4.326210954854912e-01, 2.367388580713120e-02, 9.848510153941595e-01, -1.995756895502707e-02
2546, 1.072691209174344e+00, 4.557095595415197e-01, -2.740168454798686e-02, 1.021375638276476e+00, -5.692534965371064e-02
2547, 1.144516322012771e+00, 4.033973834635454e-01, -1.858934119556733e-02, 1.008566745666052e+00, -5.714520222332369e-02
2548, 7.265839816265895e-01, 4.056640391009153e-01, -7.291776717006580e-02, 1.064611731069434e+00, -6.679220609775134e-02
2549, 7.845542590276249e-01, 4.703497478571237e-01, -5.918014451928502e-02, 1.054946295943076e+00, -5.982710474554261e-02
2550, 7.980140417229135e-01, 3.883110453923568e-01, -6.055279161543583e-02, 1.051003649144445e+00, -7.253633405991394e-02
2551, 5.806228069858339e-01, 3.944719285460355e-01, -9.894153000127728e-02, 1.090997974141679e+00, -5.755114603972072e-02
2552, 6.463436513534341e-01, 4.022677746218374e-01, -8.525891260448958e-02, 1.077505850976771e+00, -6.232368338370333e-02
2553, 1.279713488537944e+00, 4.379229106334890e-01, -1.284527094197229e-02, 1.001760607166865e+00, -4.795603101936385e-02
2554, -4.646450794754073e-02, -1.893389954710746e-01, 9.793611091614485e-02, 9.049181871581474e-01, -1.506648528328905e-02
2555, -7.665962032738551e-02, -1.515666447387675e-01, 1.100900435953696e-01, 8.935214932900182e-01, 3.409098283645370e-04
2556, -4.232317705592669e-02, -1.503190519639825e-01, 1.122005044685102e-01, 8.883261195235287e-01, -1.513320010066581e-02
2557, -4.220959768416370e-02, -5.187653196882757e-01, 4.648449791758993e-02, 9.577739928941240e-01, -6.591190425720298e-03
2558, 8.847967270034578e-01, 8.439810794058644e-03, -1.804749003621600e-02, 8.667748739255224e-01, -1.678916172613004e-01
2559, 8.681369602636625e-01, 3.168204310360717e-03, -2.777462353494585e-02, 8.663848394852481e-01, -1.713952079049606e-01
2560, 8.744254983671260e-01, 1.961307029807321e-02, -2.496533562790578e-02, 8.788163682705186e-01, -1.651776325163637e-01
2561, 8.227286453978777e-01, 2.304715545663658e-01, -5.557489462688338e-02, 1.012662529550555e+00, -1.048146454318653e-01
2562, 8.486737432856022e-01, 1.865086697909994e-01, -4.313121899217084e-02, 9.861597613659854e-01, -1.160936498204864e-01
2563, 8.121527014113511e-01, 1.970019769012520e-01, -5.776440842898675e-02, 1.007039305295705e+00, -1.133685738546648e-01
2564, -1.434350574793556e-02, -8.734606341681415e-01, 3.236606709844565e-02, 9.721821269358981e-01, -2.733507381625287e-03
2565, 1.447717813976030e+00, -4.708645722566489e-01, 2.014968654804480e-02, 9.988446024751624e-01, -2.576680161156196e-02
2566, 1.347696910134401e+00, -5.825874684339383e-01, 2.213190675209999e-02, 9.899254225412892e-01, -2.082318258112517e-02
2567, 1.178991547051589e+00, -2.546928117241093e-01, 3.168595464994364e-02, 1.001978977850675e+00, -3.255229688606690e-02
2568, 1.247359847677920e+00, -2.623815790051696e-01, 2.673952226009422e-02, 1.006111158165147e+00, -3.421265017748466e-02
2569, 6.835021191367970e-02, 4.838382087540978e-01, -9.482142733603569e-02, 1.089310562269761e+00, 4.840082168355209e-02
2570, -7.329348754702228e-02, 3.489236619004263e-01, -7.666227479080559e-02, 1.069272490834425e+00, 9.614974718568252e-02
2571, -1.914452789001526e-02, 3.397452121683465e-01, -9.756512450366578e-02, 1.087275527776109e+00, 9.748285720216249e-02
2572, -5.235990629911363e-02, 2.899351314799170e-01, -9.035882156193584e-02, 1.078719337768836e+00, 1.176401826843339e-01
2573, 4.880135826263481e-01, -1.195630787618066e-01, -1.003206371947025e-02, 1.051885094097422e+00, -2.818464674417231e-02
2574, 4.678656997586720e-01, -1.565934203669506e-01, -4.344534692295614e-03, 1.027279811977514e+00, -3.010261325692472e-02
2575, 4.268720308779305e-01, -3.741360917321659e-01, 2.135793263337042e-02, 9.881097185013711e-01, -2.435911126092841e-02
2576, 4.597947547605848e-01, -3.232050429692078e-01, 1.711655300902398e-02, 9.951414736786124e-01, -2.454480365018851e-02
2577, 7.123105227260224e-01, 2.856282725767018e-01, -7.898016831117784e-02, 1.057199206843709e+00, -9.133627469168301e-02
2578, 6.964552616804629e-01, 2.300716349169172e-01, -9.032609279259422e-02, 1.047067223767409e+00, -1.056265666705277e-01
2579, 6.376626609053966e-01, 9.077385934026098e-02, -1.196479566007398e-01, 9.942280668162465e-01, -1.470634206334529e-01
2580, 6.444654577400625e-01, 1.225812098758877e-01, -1.131117278675599e-01, 1.010015345686251e+00, -1.371141734399516e-01
2581, 6.636370717980772e-01, 9.835130291144392e-02, -1.099544522586148e-01, 9.883632964337139e-01, -1.467172652486133e-01
2582, 1.212434487174081e-01, 9.600915336125586e-02, -4.236660566449778e-01, 1.280540745261729e+00, 8.280109675763836e-02
2583, 7.662638817305761e-02, 4.012205585502327e-01, -1.170600290365660e-01, 1.105761624712288e+00, 6.383105504374995e-02
2584, 2.106985840926184e-02, 3.669962858249025e-01, -1.059008270216890e-01, 1.098341384434297e+00, 8.094692983355400e-02
2585, 1.958238949615905e-02, 4.268920667050085e-01, -9.437984024666733e-02, 1.088599964906780e+00, 6.624457717247520e-02
2586, 6.347048710980903e-01, -6.709128018039543e-01, 2.498685066727284e-02, 9.810494452057181e-01, -1.277240081953502e-02
2587, 6.128495174626806e-01, -5.332881135785904e-01, 2.370084396826360e-02, 9.843210974460598e-01, -1.436294018382947e-02
2588, 9.100098561262244e-01, -4.582760196748832e-01, 2.659016201333080e-02, 9.827637725047429e-01, -1.322178091399979e-02
2589, 1.168858173230209e+00, 5.004199592061680e-01, -2.021876908830184e-02, 1.018483016785337e+00, -4.854597717908516e-02
2590, 4.064368370804459e-01, -5.256725748658254e-01, 2.713096123241608e-02, 9.799018761042075e-01, -1.783632305650123e-02
2591, 3.097854202456759e-01, -5.172268977099389e-01, 3.054391483370330e-02, 9.752024103467749e-01, -1.943402439303074e-02
2592, -9.330976691886517e-02, -4.124428072193769e-01, 5.636700806429937e-02, 9.488299987900799e-01, -3.407639630304933e-03
2593, 2.718886322801405e-01, -3.441080008490753e-01, 3.096997310981286e-02, 9.779628006384216e-01, -3.369081066794082e-02
2594, 3.053954112549050e-01, -4.202927688252301e-01, 3.036399742614904e-02, 9.760135761282581e-01, -2.538803411108420e-02
2595, 2.421589275392325e-01, -4.019962855928436e-01, 3.366461877406748e-02, 9.707056127156888e-01, -2.768348014129818e-02
2596, 1.387145179146519e+00, 1.017504380130650e-01, 9.638641838359521e-03, 8.964164719131540e-01, -5.463722966851264e-02
2597, 1.296379710601120e+00, 1.277383772653246e-01, 8.661384614209549e-03, 9.007956918216341e-01, -6.235867075568968e-02
2598, 1.452939814199972e+00, 1.397866136889943e-02, 7.298978617621057e-03, 9.064125763143965e-01, -3.631011479494726e-02
2599, 1.375345466004042e+00, 5.873549240380818e-03, 1.131297794711821e-02, 9.023146693297570e-01, -3.950862889378502e-02
2600, -2.313188440525970e-01, 2.637065806207286e-01, -1.833906854811199e-02, 1.014517064228672e+00, 9.940756692129574e-02
2601, -2.069694892592109e-01, 1.993483590482451e-01, -7.148673635860914e-03, 1.001981887271608e+00, 1.147410291596616e-01
2602, -2.613923841920244e-01, 1.944942618238702e-01, 2.806603629344321e-03, 9.955945698654716e-01, 9.891718592127613e-02
2603, -4.007346836880589e-01, 3.957533784176901e-01, -1.505376775676089e-02, 1.015674753084756e+00, 6.279435568578169e-02
2604, 5.918972416083296e-01, 2.733693309700937e-01, -1.129908726099626e-01, 1.086683300216824e+00, -8.630818364191890e-02
2605, -5.283418426424552e-01, -4.989220959753676e-01, 3.533523750860518e-02, 9.685722808714042e-01, 1.859500283963874e-02
2606, 5.366096910560254e-02, -4.996640713729012e-01, 4.400221227433066e-02, 9.603367500914748e-01, -1.340346594964670e-02
2607, 6.922226648308875e-03, -4.244141214334231e-01, 5.262908247564961e-02, 9.531546280481711e-01, -1.248065197601815e-02
2608, -2.426627412957339e-01, -3.279503300709187e-01, 5.755489678932417e-02, 9.447397688616314e-01, 1.593268670685041e-02
2609, -3.253545350087156e-01, -3.017656144158841e-01, 5.266125582939281e-02, 9.501938313404552e-01, 2.418024509841562e-02
2610, 2.205697390432782e-01, -5.734794139935404e-01, 3.502456981568552e-02, 9.708593186507043e-01, -1.557837075023111e-02
2611, 2.276486411124213e-01, -4.769154403641455e-01, 3.542474293577524e-02, 9.700374701806543e-01, -2.136319175026682e-02
2612, 4.179407746429090e-01, 5.490386119204002e-01, -9.598257254935182e-02, 1.090955709182410e+00, -1.623608202654674e-02
2613, 4.683373483751729e-01, 6.394623320094162e-01, -7.905709710456425e-02, 1.075523059243522e+00, -1.848935097773595e-02
2614, 2.674522451253112e-01, 3.980152092056600e-01, -1.380971302998794e-01, 1.126455006439639e+00, 7.527453885827535e-03
2615, 3.122010559561168e-01, 4.297403895279152e-01, -1.289158707952840e-01, 1.118018928855906e+00, -3.406223296970982e-03
2616, 1.256826476360561e+00, 8.742314530411455e-02, 1.490510052011181e-02, 8.842527187935726e-01, -6.329623810528079e-02
2617, 1.210469652974592e+00, 6.076228092454032e-02, 1.550451083676641e-02, 8.709173227301473e-01, -6.670550216814808e-02
2618, 1.201725990183219e+00, 1.150033173382865e-01, 1.141425566535327e-02, 8.947859391269998e-01, -6.949215237639328e-02
2619, 1.206394489135789e+00, -1.518501377775650e-01, 3.170776219401516e-02, 1.012063956993136e+00, -4.265236155144132e-02
2620, 1.188815454934172e+00, -1.926645409527656e-01, 3.194042367771791e-02, 1.006834025801433e+00, -3.799812523590312e-02
2621, 1.167420298915800e+00, -1.590275202515896e-01, 3.622439137056679e-02, 1.007729499860392e+00, -4.104064139456828e-02
2622, 1.209672984600621e-01, 2.969131440862477e-01, -1.666485985917520e-01, 1.147966657548111e+00, 7.157284104760833e-02
2623, 6.852246531600047e-02, 3.296065840721099e-01, -1.377950011554001e-01, 1.123734478369127e+00, 8.051679273853664e-02
2624, 1.187737545361002e-01, 3.470436596974821e-01, -1.414884160840169e-01, 1.128240793153765e+00, 6.183139015331219e-02
2625, 5.122965745315368e-03, 5.775660948014390e-02, -3.438902644632502e-01, 9.542815416452138e-01, 8.840898355980766e-01
2626, 7.621217749453688e-01, 5.761625834399028e-01, -5.873795230062190e-02, 1.054888186195454e+00, -4.641724419275261e-02
2627, 1.289003420045917e+00, -3.013143274124998e-01, 2.525846341404766e-02, 1.005190206292576e+00, -3.302309287135703e-02
2628, 9.440077166436114e-01, -3.399058655437526e-01, 3.097417691600378e-02, 9.876402057737618e-01, -1.458588303295851e-02
2629, 8.902061358922766e-01, -3.841154983147736e-01, 2.805168728538767e-02, 9.854379085586723e-01, -1.221501666544169e-02
2630, -3.254025879554818e-01, 3.489904258241779e-01, -1.827250163198388e-02, 1.018029156742379e+00, 7.457737695758100e-02
2631, -1.850618909330865e-01, 2.382874111316665e-01, -2.152917739760018e-02, 1.017180000281403e+00, 1.156021251465701e-01
2632, -1.573084532837498e-01, 2.832589403160812e-01, -3.850154127880119e-02, 1.034584510028422e+00, 1.088732841802664e-01
2633, -1.369514861603540e-01, 2.398976884622139e-01, -3.772792301769466e-02, 1.033469408026531e+00, 1.285588841728597e-01
2634, -3.012603224012783e-02, 4.005572525440575e-02, 2.262273193134730e-01, 6.851003427145288e-01, 2.849446049063407e-01
2635, -2.160132624069477e-02, 4.058159352649781e-02, 2.541034710207185e-01, 6.164196387740013e-01, 3.381840288241743e-01
2636, -2.424149370507816e-02, 3.544370257498604e-02, 2.813374658402099e-01, 6.219069323088712e-01, 2.755091328500632e-01
2637, -3.766694518637823e-01, 2.001042386186336e-01, 8.286209905731552e-03, 9.940500593292680e-01, 7.532064422580315e-02
2638, -1.128975112968248e-01, 1.982455062404662e-01, -3.531539096862967e-02, 1.024150721071434e+00, 1.515597696075258e-01
2639, -1.642564336790222e-01, 2.053741457688940e-01, -2.002195798869548e-02, 1.012525176238893e+00, 1.318363251846908e-01
2640, 3.232139382356449e-01, 3.435950629987622e-01, -1.508265575057179e-01, 1.135705173737083e+00, -1.199550107907633e-02
2641, 2.569935697479351e-01, 3.364790677440976e-01, -1.589939548658836e-01, 1.143994254634495e+00, 9.883907404912929e-03
2642, 3.955537112743530e-02, -3.565161445938650e-01, 5.617366987709316e-02, 9.478959349131162e-01, -2.085731645571797e-02
2643, -1.954341072541282e-01, -2.694312439032630e-01, 6.904698638471175e-02, 9.346677206835676e-01, 1.532858574905807e-02
2644, -1.555982546862867e-01, -3.303956490413579e-01, 6.375831303600703e-02, 9.403888036995633e-01, 5.626123599001534e-03
2645, -5.638519051918742e-02, 4.277506051382973e-01, -7.739925145804062e-02, 1.072600461493597e+00, 7.471511186849632e-02
2646, -3.008562038232551e-01, 2.554086164660748e-01, -6.283236410744771e-03, 1.005518573331611e+00, 8.478381049895255e-02
2647, -2.661019089490604e-01, 3.194203803618273e-01, -2.384901114172613e-02, 1.020882545929489e+00, 8.635687541629730e-02
2648, 1.065056928058328e+00, 2.897892179174006e-01, -1.397721360828291e-02, 9.920244713317145e-01, -7.403934284995116e-02
2649, 1.199263581656998e+00, 3.498974998605996e-01, -8.470120159825881e-03, 9.964014246634781e-01, -5.775671357448002e-02
2650, 1.730984505553818e-01, 4.381599179061375e-01, -1.193097706488455e-01, 1.110965937452774e+00, 3.108373582665180e-02
2651, 1.310263016664937e+00, 7.543190814099529e-03, 1.499123917257724e-02, 8.867898090254709e-01, -4.375135908802991e-02
2652, 1.322601890783777e+00, 5.997556007846389e-02, 6.518422733375602e-03, 8.793203208032777e-01, -5.593221590529622e-02
2653, 1.168262059450608e+00, 2.064817873159425e-01, 1.698233716708208e-03, 9.463901799224796e-01, -7.145857260034692e-02
2654, 1.130822763307396e+00, 2.953529902039432e-01, -1.412404370766673e-02, 9.850325493003684e-01, -6.791403094592127e-02
2655, -3.122321984141186e-01, 1.545987466208123e-01, 1.563097265374327e-02, 9.850152590298228e-01, 8.638862026008158e-02
2656, 9.799489961713815e-01, 2.555563621272625e-01, -2.465745244549265e-02, 9.914061066965867e-01, -8.899461904571176e-02
2657, 9.272358931737184e-01, 3.218934939473814e-01, -3.566088730753113e-02, 1.019849983860902e+00, -8.141592476190908e-02
2658, 8.926826200885064e-01, 4.142534908210931e-01, -4.717416352706186e-02, 1.038613401465070e+00, -6.709713269357100e-02
2659, -1.418228924085004e-01, 3.447399297564828e-02, 8.774413450953857e-02, 8.996442322267272e-01, 1.283669135453014e-01
2660, -3.971367266461565e-03, 2.338516062304362e-02, 4.265622461365233e-01, 4.092650197938603e-01, 2.544293854525041e-02
2661, 2.015852781915463e-03, 2.821350763179646e-02, 4.785136174198035e-01, 2.536331434333084e-01, -4.259660592168988e-02
2662, 2.429766367075248e-03, 2.305066987710048e-02, 4.206806089790619e-01, 3.709243237156597e-01, -1.049943324903380e-01
2663, 7.549022946321182e-01, -7.165528059079057e-02, 7.613751378577456e-03, 1.073628070185990e+00, 1.371451351834001e-02
2664, 7.499268449090186e-01, -2.576240967705269e-01, 1.918902519132758e-02, 9.995582784299893e-01, -5.866046252196613e-03
2665, 7.202724929938967e-01, -3.006972443170836e-01, 1.974979748089787e-02, 9.971939034432078e-01, -8.519195228884060e-03
2666, 7.158490753446363e-01, -2.612804377117479e-01, 2.027591086936821e-02, 1.000593850999593e+00, -7.469906259094735e-03
2667, 1.104373647339622e-01, -3.709578716336731e-01, 4.801032053237440e-02, 9.571107681675257e-01, -2.667258919335568e-02
2668, 1.857900367542577e-01, -4.156420225628353e-01, 4.080652199016511e-02, 9.652554455328566e-01, -2.542208756844799e-02
2669, 1.318157238271657e-01, -4.643904476170569e-01, 4.277080686177064e-02, 9.625307297423964e-01, -1.999961294538800e-02
2670, 1.101534416728532e+00, 2.278590612525940e-01, -4.671048358578870e-03, 9.607140481659429e-01, -7.891152819973919e-02
2671, 9.730171533101404e-01, 4.724113954362050e-01, -3.570117860448978e-02, 1.032493381960224e+00, -5.785729422690108e-02
2672, 1.095675393447680e+00, 1.656799535703830e-01, 2.937390021648703e-03, 9.259286311391557e-01, -8.443921996336402e-02
2673, 1.073336044794240e+00, 1.157906748555783e-01, 1.244328193784880e-02, 8.976028346604444e-01, -9.117307535371655e-02
2674, 9.019327140227389e-01, 6.425157260752150e-02, -1.830459010150959e-02, 8.908524169938876e-01, -1.463160320034271e-01
2675, 8.934733469664888e-01, 4.316071151966804e-02, -1.738554652694130e-02, 8.833723132268142e-01, -1.542860990139651e-01
2676, 8.854484792442451e-01, 5.449705684112312e-02, -2.149275477374612e-02, 8.918282537320049e-01, -1.516819151415627e-01
2677, 1.955926963050748e-02, -2.670027661172600e-01, 7.050892657787620e-02, 9.330439619674423e-01, -2.785049123565205e-02
2678, -1.094382571441909e-01, -5.617377044357083e-02, 1.301345889483959e-01, 8.650638518880264e-01, 5.520993225325563e-02
2679, -1.450078958338872e-01, -3.530042840043287e-02, 1.064757383453786e-01, 8.867187391457384e-01, 7.696381318131769e-02
2680, 6.615364302355250e-01, -3.834325504170283e-01, 1.992037743471672e-02, 9.912974161587413e-01, -1.279428980814659e-02
2681, 6.016022359501664e-01, -3.348761662473816e-01, 1.675462995206188e-02, 9.956001469016205e-01, -1.443452582193048e-02
2682, 6.585224423229017e-01, -3.200508908105361e-01, 1.814150923454007e-02, 9.963909492099767e-01, -1.101405651474255e-02
2683, 6.178583602548705e-01, -4.464251207786345e-01, 2.210099121125697e-02, 9.865371632962144e-01, -1.433442114540332e-02
2684, 6.890135963460673e-01, -4.472907081893781e-01, 2.340545036983788e-02, 9.865977805835052e-01, -1.231654198341457e-02
2685, 1.128319478299876e+00, -8.210269383400291e-02, 5.231969586368496e-02, 9.789975916470713e-01, -3.729680792322183e-02
2686, 1.113455230699052e+00, -1.048627005987268e-01, 4.670162899247804e-02, 1.002682445396242e+00, -4.581067473272109e-02
2687, 1.108151816099226e+00, -8.635462391469298e-02, 5.344699630283226e-02, 9.942142429845223e-01, -4.304159616905039e-02
2688, -7.272611266795889e-02, 5.254179716045798e-01, -6.421376098536935e-02, 1.063053112617834e+00, 5.683159498321914e-02
2689, 9.147775970615213e-01, -2.941654321062952e-01, 3.374530092842307e-02, 9.885697796130513e-01, -1.185477772749078e-02
2690, 9.588936413440273e-01, -2.743555797029185e-01, 3.358676027468206e-02, 9.901550820597749e-01, -1.483631122933595e-02
2691, 1.061986753821499e+00, -3.280796660431436e-01, 3.159327365357013e-02, 9.902094158722080e-01, -2.187378440136471e-02
2692, 6.717894028434719e-01, -2.714575607030117e-01, 1.364677139022038e-02, 1.002295266153005e+00, -9.409155760870109e-03
2693, 6.301682735475536e-01, -2.520717658075130e-01, 1.242533618904970e-02, 1.003175394908314e+00, -9.481682952453547e-03
2694, 1.707096689361893e-01, -1.659316884570177e-01, 4.283766892097059e-02, 9.680709308670672e-01, -7.965502577635160e-02
2695, 1.377449499468268e-01, -1.588046435366584e-01, 5.384251978220154e-02, 9.538491659004097e-01, -8.112757072323865e-02
2696, 1.539793240470116e-01, -1.389927859448658e-01, 4.927528529564200e-02, 9.643807310148034e-01, -9.337139787554621e-02
2697, 2.149911597429339e-01, -8.457251445659711e-02, 6.015387066720732e-03, 1.012673929995529e+00, -1.082699498079267e-01
2698, 1.962008886696524e-01, -1.085569985131516e-01, 2.364360174338492e-02, 9.942279368783089e-01, -1.032645251184061e-01
2699, 8.456799443871859e-01, -2.239167286849501e-01, 2.995869788484602e-02, 9.980800584437598e-01, -4.381883783023705e-03
2700, 8.316006847765448e-02, -2.228872187362515e-02, 8.800076700559578e-02, 9.376803370791197e-01, -2.364366897145624e-01
2701, 6.999606500447289e-02, -1.693390009752875e-02, 1.018128270273839e-01, 9.037154220351781e-01, -2.533177421766105e-01
2702, 6.282163874958191e-03, -1.981079162915125e-01, 9.007619736123137e-02, 9.135610776904848e-01, -3.207980806545657e-02
2703, -2.390987517069563e-02, -2.287602539073178e-01, 8.537964606833055e-02, 9.184039769868381e-01, -1.936540411033165e-02
2704, 6.191995593654003e-01, 1.485688489706454e-01, -1.227319270360640e-01, 1.034943909073165e+00, -1.272641641372223e-01
2705, 6.456440229582480e-01, 1.728784318398252e-01, -1.056663042915907e-01, 1.040245261338963e+00, -1.226917659774821e-01
2706, 5.596259119865205e-01, 3.381934688160631e-01, -1.107017255632219e-01, 1.099273977660844e+00, -6.435683022195372e-02
2707, 3.904336822787657e-01, 3.509385969528889e-01, -1.445847114524938e-01, 1.127761953991045e+00, -3.159919566865973e-02
2708, 2.850195979622353e-01, -2.747661329647936e-01, 2.526929021383499e-02, 9.843537722625105e-01, -4.356382025277499e-02
2709, 1.891947117668820e-01, -3.417055645710541e-01, 4.140075611022960e-02, 9.667766753572213e-01, -3.414040309962167e-02
2710, 4.948789213884102e-01, -4.986214411170662e-01, 2.406906857924198e-02, 9.826165708080338e-01, -1.645435749838869e-02
2711, 6.926393178541844e-01, 4.906211397949448e-01, -7.168147690644926e-02, 1.065950517453358e+00, -5.161351357039687e-02
2712, 8.063700630501455e-01, 3.267415125033177e-01, -6.232910140803623e-02, 1.044659839121530e+00, -8.364285255481084e-02
2713, 8.592115726138534e-01, 2.773713099748464e-01, -4.905618915361740e-02, 1.021829966891336e+00, -9.224101117787584e-02
2714, 7.775311089909813e-01, 2.772300174238811e-01, -6.644647942847305e-02, 1.038814860696018e+00, -9.513886641379345e-02
2715, 3.898985169191047e-01, 2.622215042430901e-01, -1.723800029502816e-01, 1.145799218324798e+00, -4.822755661213744e-02
2716, 4.099210118184393e-01, 2.979531470759534e-01, -1.499646142929659e-01, 1.133997873006863e+00, -4.549074500099648e-02
2717, 3.650562030377416e-01, 9.430333565199306e-02, -2.463494478471716e-01, 1.117765763096275e+00, -1.086968007419423e-01
2718, -4.433659492129721e-01, 6.257727508395433e-02, 2.758687408368198e-02, 9.746649266291231e-01, 6.054446314837868e-02
2719, -3.706343032909621e-01, 2.871972815369834e-01, -7.913770382689950e-03, 1.007409139616050e+00, 7.317971710933613e-02
2720, 1.352699784988729e+00, 3.524364896059893e-01, -7.267071793251798e-03, 9.870254163170313e-01, -4.778435321766022e-02
2721, 1.341100858867610e+00, -1.120925561532208e-01, 3.451727068736442e-02, 9.974724909559690e-01, -3.599443456365693e-02
2722, 1.331654317916517e+00, -4.429835621107091e-02, 2.143673449993129e-02, 9.406413317423081e-01, -3.497296624227050e-02
2723, 1.185158464095547e+00, -1.167858095390659e-01, 3.504125879744324e-02, 1.004508800970848e+00, -4.207534134285018e-02
2724, 3.643327261078844e-01, -7.680871013862173e-02, -2.508202368629513e-02, 1.091457263254361e+00, -6.530535044963648e-02
2725, 3.875798893137179e-01, -7.090707894908146e-02, -2.427678093442653e-02, 1.100914667267928e+00, -5.885176879164725e-02
2726, 4.232298785125234e-01, -2.475214606953183e-01, 9.786377012648981e-03, 1.004841265304992e+00, -3.253661671970201e-02
2727, 4.020889501256740e-01, -3.115114726660611e-01, 1.781429470252777e-02, 9.941653961907277e-01, -2.976773907115626e-02
2728, -9.270492723307672e-03, 4.864142588470755e-01, -8.399585045430462e-02, 1.075940481998579e+00, 5.964518861384470e-02
2729, 7.366685785801356e-01, 2.385108608643649e-01, -7.406416882670488e-02, 1.041785648022892e+00, -1.048107443167155e-01
2730, 7.489306018317048e-02, 1.117658787352288e-01, -3.858563274170833e-01, 1.266134229392411e+00, 1.936769221279372e-01
2731, 9.256435933038476e-02, 1.150481573321652e-01, -3.884244168527251e-01, 1.257119625244794e+00, 1.469690296292853e-01
2732, 8.332295849439951e-02, 1.020660525838718e-01, -4.288309673833449e-01, 1.259955304335641e+00, 1.649780405163171e-01
2733, -1.655757896680002e-02, 2.541050898339195e-01, -1.119632297674912e-01, 1.097899592584119e+00, 1.396638724950097e-01
2734, 2.504212322680251e-02, 2.628950353407867e-01, -1.354431946494772e-01, 1.123003754689570e+00, 1.235927029200043e-01
2735, 2.551440555663097e-02, 2.339527072804998e-01, -1.514019213505759e-01, 1.130567018076757e+00, 1.440671380844332e-01
2736, 3.582136418361357e-01, -3.708008138280991e-01, 2.404846999290513e-02, 9.838033887301491e-01, -2.825965098665283e-02
2737, 1.244812067678297e+00, 1.855182706561681e-01, 4.757881756551991e-03, 9.332606834813084e-01, -6.368129428617626e-02
2738, 1.244756319241791e+00, 1.341663858359836e-01, 9.462184706138915e-03, 9.068023278545700e-01, -6.454594499683800e-02
2739, -3.122726101771059e-01, 1.368411360293750e-02, 4.621558555367049e-02, 9.530213265249267e-01, 7.304449186177303e-02
2740, 2.283016717861230e-01, 1.018100855667250e-01, -3.304903202698318e-01, 1.200584053788404e+00, -4.108499977416467e-02
2741, 3.014706325565018e-01, 2.429913728380415e-01, -2.041560927381617e-01, 1.173486664854778e+00, -2.091982931671061e-02
2742, 2.695273117396684e-01, 2.162787579788119e-01, -2.192648515979516e-01, 1.190679757861337e+00, -1.093043760091333e-02
2743, 2.627504456085691e-01, 2.482852272284841e-01, -2.047125798771719e-01, 1.179702903665893e+00, 1.547400225388983e-03
2744, 8.587519687310652e-01, 3.475062921524566e-01, -4.609623167094701e-02, 1.038829759388588e+00, -7.878827879739460e-02
2745, 7.446121877235898e-01, -3.823243457640114e-01, 2.204914725642367e-02, 9.889383921691344e-01, -1.061432438129148e-02
2746, 1.324980549810724e+00, -2.435891294335621e-01, 2.700714093239478e-02, 1.013090576179971e+00, -3.669330404506602e-02
2747, 1.086250394458793e+00, -2.401431198750003e-01, 3.808924048957864e-02, 9.959803226228179e-01, -2.823649462971044e-02
2748, 1.238252117645652e+00, -1.198451913003696e-01, 3.285769768669328e-02, 1.002505347214272e+00, -3.893678347485476e-02
2749, -2.862475337061078e-01, -1.055801737401879e-01, 6.388839621801717e-02, 9.411538674676087e-01, 5.013242610028992e-02
2750, -3.007838015802900e-01, -1.778906563563678e-01, 5.914879650520135e-02, 9.426012510395909e-01, 3.815781802058051e-02
2751, -2.297333465225189e-01, -8.674718812343885e-02, 7.591821340180903e-02, 9.261761722400295e-01, 5.528854027545501e-02
2752, 1.292259670737681e+00, -9.203179589774238e-02, 1.660773788499903e-02, 9.814503360290689e-01, -3.682010090171357e-02
2753, 1.282812139366232e+00, -1.414350276956229e-01, 2.152618107478350e-02, 1.008844404360954e+00, -3.784718584219687e-02
2754, -3.187662664863046e-02, 2.120786491977063e-01, -1.038034861918010e-01, 1.084078627883483e+00, 1.686114953332656e-01
2755, -2.596781181516674e-02, 1.787166861915321e-01, -1.204029928686096e-01, 1.088355040371618e+00, 2.026542142626886e-01
2756, -5.013935478318967e-02, 1.748057610499509e-01, -7.877549967802212e-02, 1.057761645949959e+00, 1.984514989308366e-01
2757, 2.155540035131055e-01, 2.518805315936751e-01, -2.072830033002177e-01, 1.183133743789936e+00, 2.420807074645530e-02
2758, 1.649715282953999e-01, 2.644201877961204e-01, -1.944588958022711e-01, 1.171769724993434e+00, 5.364766244200957e-02
2759, 2.046455697697546e-01, 2.966739208601598e-01, -1.830576345242585e-01, 1.159201754811278e+00, 2.828429422232353e-02
2760, 5.580000910998889e-01, -2.027601069522290e-01, 3.297777385026403e-03, 1.014850060897006e+00, -1.636007393255792e-02
2761, 5.200434494073262e-01, -2.127173494839983e-01, 3.837449096672984e-03, 1.014202838905521e+00, -2.075762077963103e-02
2762, -1.034500637584672e-01, -1.858822207240648e-01, 9.159308774517387e-02, 9.082749767378877e-01, 6.028382398412302e-03
2763, -2.819841135686260e-01, -3.803544860900945e-02, 5.669058496826268e-02, 9.410829188478054e-01, 6.575169630045889e-02
2764, 3.840860273918785e-01, -4.360975030749694e-01, 2.562729582149488e-02, 9.805064353362209e-01, -2.271300528921541e-02
2765, 5.895976080985806e-01, 2.072444149157384e-01, -1.214566899206302e-01, 1.076263394063657e+00, -1.060513394675119e-01
2766, 6.864611926646694e-01, 3.468203393559011e-01, -8.321919836517945e-02, 1.071531751818427e+00, -7.600376151619125e-02
2767, 6.141965686204187e-01, 3.424952328614781e-01, -1.017699554871596e-01, 1.086265657120713e+00, -7.192773988505245e-02
2768, 7.742431512708188e-01, 2.002005443985940e-01, -6.806187675049002e-02, 1.013360130248620e+00, -1.157540892001833e-01
2769, 8.081257434326050e-01, 1.661880977384166e-01, -5.908821862444957e-02, 9.867283291556286e-01, -1.235677111807730e-01
2770, 7.760500730406390e-01, 1.586300724365461e-01, -6.663333274038537e-02, 9.930508873194942e-01, -1.276793343439953e-01
2771, 7.509330805769233e-01, 3.410944036168677e-01, -7.161589699433583e-02, 1.058068784596965e+00, -7.949898259899235e-02
2772, 1.058142381505876e+00, -3.850456708570640e-01, 2.983937981323894e-02, 9.870129623624686e-01, -1.968141760381773e-02
2773, 1.720812509090009e-01, 1.693883830362438e-01, -2.781001467524777e-01, 1.235283304088098e+00, 4.969422172776558e-02
2774, 1.468660825860621e-01, 1.654692181806323e-01, -3.014936600020626e-01, 1.239809797366044e+00, 7.415260554792116e-02
2775, 1.547364345804135e-01, 1.930767710409436e-01, -2.559772410750055e-01, 1.221571602454787e+00, 6.963298792106856e-02
2776, 7.541467797436920e-02, 9.130911838558460e-02, -4.764648863211894e-01, 1.299070938552851e+00, 1.910763257864133e-01
2777, 3.237801000872297e-01, -1.944460527239582e-01, 1.014384260676012e-02, 1.005757705746639e+00, -5.271869725358883e-02
2778, 2.912453683103391e-01, -2.150027893546489e-01, 1.863640046764433e-02, 9.944951977745126e-01, -5.369288403676564e-02
2779, 2.899437578934612e-01, -1.738299443529249e-01, 1.015182525591658e-02, 1.006085285644700e+00, -6.169004174384791e-02
2780, 7.057882013467388e-01, -3.478393100967327e-01, 2.118808716976913e-02, 9.917959361490691e-01, -1.011734653151189e-02
2781, 9.453007593832361e-01, 2.167395623220877e-01, -2.621053933801427e-02, 9.767689080521081e-01, -9.901548309936981e-02
2782, 9.204789410548070e-01, 2.648397425839251e-01, -3.558217439131026e-02, 1.004833073077733e+00, -9.269461501615951e-02
2783, 7.730667731733408e-02, -2.899376682535813e-01, 5.960429970218589e-02, 9.459262896862135e-01, -3.406392380823553e-02
2784, 1.120421483865738e+00, -2.019035471382755e-04, 3.888745465786517e-02, 8.493371702109495e-01, -7.171857326520462e-02
2785, 1.128143518835584e+00, 2.709186152797156e-02, 2.842865890568198e-02, 8.545848095488037e-01, -7.285596354587429e-02
2786, 5.645982145429852e-01, -1.686890280026406e-01, 1.394307473944199e-03, 1.023395141466945e+00, -1.539906883947758e-02
2787, 6.611412934546860e-01, -1.214429327522446e-01, 1.211493328059750e-03, 1.049930178672734e+00, -3.511161954429675e-03
2788, 1.029099303360561e+00, -4.983221207769063e-02, 5.508153458079390e-02, 7.163997345771054e-01, -7.896403256121166e-03
2789, 1.033668570948987e+00, -5.382652329010858e-02, 7.430201599736740e-02, 8.387051551876230e-01, -1.554124851757293e-02
2790, 1.222147063892194e+00, -5.223672201126584e-02, 2.253577700126859e-02, 9.313338127872826e-01, -3.883356792658385e-02
2791, 1.184967561077374e+00, -7.332790582684627e-02, 3.525557113862439e-02, 9.612015797904397e-01, -4.051274426808684e-02
2792, 1.193032976866703e+00, -4.106120939133709e-02, 3.000875165478208e-02, 9.051344020452031e-01, -4.540306355583277e-02
2793, 7.866899824563018e-01, -2.838692473537111e-01, 2.441391332172395e-02, 9.964488274269654e-01, -7.203736411064049e-03
2794, 8.320757934484293e-01, -2.822134091322764e-01, 2.762628643974844e-02, 9.926912036070041e-01, -7.668185144726159e-03
2795, 8.537698667875131e-01, 2.673849498165785e-03, -3.404387788812488e-02, 8.702356890338062e-01, -1.719032582665935e-01
2796, 8.883007476241844e-01, 1.128172844495216e-01, -2.845361066922934e-02, 9.280898173108459e-01, -1.322587024756828e-01
2797, 9.087931719909386e-01, 1.480756127178916e-01, -2.494291539518681e-02, 9.480318075997098e-01, -1.200107423095056e-01
2798, 9.205340374926233e-01, 1.222473133144375e-01, -1.857459586956439e-02, 9.268014078733009e-01, -1.245151666057311e-01
2799, -2.162449960187566e-01, 1.484771833154252e-01, 1.272550085991463e-02, 9.833306799866411e-01, 1.153886845724289e-01
2800, -1.629705480232363e-01, 1.662365694643161e-01, -3.940199830251680e-04, 9.941471969200443e-01, 1.395053221942339e-01
2801, -1.794275594540461e-01, 1.217081363305772e-01, 2.718657474048587e-02, 9.690421284226085e-01, 1.335437188817661e-01
2802, 1.063412857297217e+00, -1.734182017566875e-01, 4.595558338478593e-02, 9.963819214125906e-01, -3.108198226238868e-02
2803, 1.097659069049759e+00, -1.813600793379656e-01, 4.210906974021394e-02, 9.990397424649226e-01, -3.344228872453214e-02
2804, 1.062861842101763e+00, -2.073846307379822e-01, 4.183938545260661e-02, 9.961631761474824e-01, -2.861102514305480e-02
2805, 9.257853849910875e-01, -1.978381431767852e-01, 4.010651713351214e-02, 9.959629573459148e-01, -9.449978909522740e-03
2806, 9.043179016078098e-01, -1.755535133039488e-01, 3.986851444835510e-02, 9.998961571875365e-01, -5.074875331139502e-03
2807, 9.231370897133996e-01, -5.609628809791633e-02, 5.645981375569926e-02, 1.013704954218004e+00, 3.450842906712506e-02
2808, 7.266160655863383e-03, 2.135794990014772e-01, -1.448078182249917e-01, 1.118611275257416e+00, 1.655832173978894e-01
2809, 3.638452508050420e-02, 2.025889099762031e-01, -1.815308201976161e-01, 1.150473102807895e+00, 1.614788157015583e-01
2810, 1.301134449506948e-02, 1.873562779174361e-01, -1.648793332339136e-01, 1.135282365208756e+00, 1.932584467896052e-01
2811, 2.375915275385760e-03, 6.081758138704019e-02, -2.713745342686513e-01, 9.255865629064578e-01, 7.520318096545333e-01
2812, 7.672087025051056e-03, 6.085908980004737e-02, -4.368574736679867e-01, 1.053992113625839e+00, 8.063704060948793e-01
2813, 1.900424819592445e-01, 9.752581232138846e-02, -3.638064733527799e-01, 1.234923743558370e+00, -5.626178241089073e-03
2814, 1.729928772419542e-01, 9.952632805324117e-02, -3.807521442418639e-01, 1.241907524223810e+00, 1.057666525148355e-02
2815, 1.887701124815441e-01, 2.254157466567715e-01, -2.297868029506711e-01, 1.199680680346938e+00, 4.182679722870046e-02
2816, 2.091900724521198e-01, -5.833478078426464e-02, -3.311435717002063e-03, 1.046732872256574e+00, -1.287453575639864e-01
2817, 2.263903738948378e-01, -4.967781742720771e-02, -1.711970085692513e-02, 1.086165839898382e+00, -1.316501177138348e-01
2818, 2.375418182739266e-01, -6.618852593217869e-02, -1.088593523652942e-02, 1.053250930818902e+00, -1.133899658557459e-01
2819, 1.856987193103469e-01, -2.196638596567041e-01, 4.337463741203441e-02, 9.677067268144226e-01, -6.034544638271132e-02
2820, 2.203783214977245e-01, -2.111874407106016e-01, 3.056945979013653e-02, 9.779589851987083e-01, -6.126965487833951e-02
2821, 1.342838453875947e-01, -3.034710115285463e-01, 5.040042685024972e-02, 9.561082680451005e-01, -3.854317344868656e-02
2822, 7.193225125435790e-02, -4.287738967992205e-01, 4.877505670378918e-02, 9.561816543300058e-01, -1.736146497626227e-02
2823, 1.128536720685989e+00, 1.917545131015726e-01, -5.560740987034377e-03, 9.435585195968472e-01, -7.664561379820103e-02
2824, 3.448337053710090e-01, 2.703132845598508e-01, -1.769204346835678e-01, 1.155795949916816e+00, -3.031850190428876e-02
2825, 2.923381751954053e-01, 2.922141984351238e-01, -1.775165294995185e-01, 1.159372246545836e+00, -8.596577144288435e-03
2826, 1.177030938088253e+00, -1.019693846993869e-02, 2.996231900917230e-02, 8.693528133423136e-01, -5.781502590786182e-02
2827, 1.212269788560468e+00, 2.413056216076023e-02, 1.566047783778082e-02, 8.596578573756867e-01, -6.380861865698072e-02
2828, 1.228824413464721e+00, -1.076541548852497e-02, 1.887628419437225e-02, 8.857775959911529e-01, -5.155248739979288e-02
2829, 1.026831588908957e+00, -2.413755829536752e-02, 6.266142726735424e-02, 8.417164257657541e-01, -7.612544378035992e-02
2830, 1.022414104520336e+00, -1.847376965698499e-02, 6.730393064350787e-02, 8.209172872116790e-01, -9.160086598498204e-02
2831, 1.030893922016867e+00, -1.857697492935106e-02, 5.955515397340876e-02, 8.331281023470554e-01, -8.484594781021575e-02
2832, 4.007834616200055e-01, 1.238044298096298e-01, -2.177435313642864e-01, 1.100251151823931e+00, -1.051449286243032e-01
2833, 4.053013930915489e-01, 1.477272137526709e-01, -2.099744298610254e-01, 1.111211882374679e+00, -9.584731166233686e-02
2834, 5.097728136559123e-01, 1.843905081022362e-01, -1.555623486760231e-01, 1.091749352301800e+00, -1.037926606721260e-01
2835, -2.543583181768445e-01, 1.720212326802001e-02, 5.782619666110719e-02, 9.434813147002742e-01, 8.304758396767775e-02
2836, -4.180016955886438e-02, -6.100226545932824e-02, 1.770268142689287e-01, 8.198725457913140e-01, 7.054313343132692e-04
2837, -7.277563067183111e-02, -5.669507685535202e-02, 1.546914442817708e-01, 8.346700128241887e-01, 3.361208212117580e-02
2838, -5.701495578907886e-02, -4.361617535161374e-02, 1.819569933382585e-01, 8.068156534984151e-01, 3.069904465975977e-02
2839, 5.329542298366770e-02, -8.049876649070045e-03, 1.476960770483708e-01, 8.515452593999362e-01, -2.787890972538510e-01
2840, 4.400908474700507e-02, -1.939693189159111e-03, 1.848085167719830e-01, 8.094372490447197e-01, -2.951041751498594e-01
2841, 1.603709954980769e-01, -2.478367825313946e-01, 4.703362069221304e-02, 9.593629523061462e-01, -5.164295195495133e-02
2842, 1.967938291980885e-01, -1.884953455628468e-01, 3.729445144303457e-02, 9.751685953080420e-01, -6.945684447150578e-02
2843, 1.531878537654527e-01, -1.986167515276109e-01, 4.930670206571032e-02, 9.591279279927371e-01, -6.627980872252651e-02
2844, 1.275507234276802e+00, -1.033991532742841e-02, 2.507617773303990e-02, 8.933403221543785e-01, -4.701718276154838e-02
2845, 1.262675829546555e+00, 3.615037482369206e-02, 2.171299686471558e-02, 8.723704937689600e-01, -5.802685578097153e-02
2846, 1.198144325887025e+00, 1.616989846122705e-01, 6.722595158117180e-03, 9.214084120316182e-01, -6.850911458472964e-02
2847, 1.018499432604045e+00, 1.539870226446811e-01, -5.430499199765914e-03, 9.274836998818510e-01, -9.929306393935018e-02
2848, 1.035662141419299e+00, 1.126847735480650e-01, 4.971237492830334e-03, 8.959087388311536e-01, -1.003625219904412e-01
2849, 1.000483121786111e+00, 1.179401386427091e-01, 4.497173106280567e-03, 9.041383907686596e-01, -1.093629912727958e-01
2850, 1.329227656606217e+00, -1.695636059539178e-01, 2.349620124272137e-02, 1.014034871823235e+00, -4.001202386524559e-02
2851, -1.002620827103870e-01, 1.264710235155792e-01, 2.259916710812716e-03, 9.799964212630226e-01, 1.926241479039664e-01
2852, -6.927796079238914e-02, 1.304155782062810e-01, -2.696341758299962e-02, 1.002322674498768e+00, 2.250371696172122e-01
2853, -8.072509654632952e-02, 1.064817174136743e-01, 1.719720889856065e-02, 9.597036573543444e-01, 2.233660252630494e-01
2854, -3.050374299829696e-03, 3.876816658546823e-02, 3.620691266326011e-01, 2.360512477929795e-01, 4.054206599520710e-01
2855, -6.030260244000241e-03, 4.255004726505820e-02, 3.269850637437850e-01, 4.014732672041973e-01, 4.970067793588426e-01
2856, -2.095139594771346e-03, 4.447514453649880e-02, 2.103298172471061e-01, 2.917357165296119e-01, 6.669277438945096e-01
2857, 4.303780195646007e-01, -1.868362086768845e-01, -1.066618895594441e-03, 1.017447378951835e+00, -3.497758766996971e-02
2858, 4.056251774828470e-01, -8.575770098206927e-02, -2.623988122716432e-02, 1.083133267913460e+00, -4.939492509049637e-02
2859, 4.271042594107556e-01, -7.325473373744297e-02, -2.497412106431337e-02, 1.103888091805739e+00, -4.548768801342291e-02
2860, 5.092468603425632e-01, -3.076276591697467e-01, 1.299278406293856e-02, 9.988857660326542e-01, -2.117651714374031e-02
2861, 8.895735435866667e-01, 2.228951105121205e-01, -3.914203731334607e-02, 9.919466638957459e-01, -1.031950616199263e-01
2862, 2.495036745123974e-01, 2.823347377743032e-01, -1.898670288765239e-01, 1.165488254116039e+00, 9.725471293457225e-03
2863, 2.160206652802207e-01, 3.924947825641351e-01, -1.432705578782182e-01, 1.127258860858432e+00, 2.232897430027337e-02
2864, 5.534355640995678e-01, 2.289920485258224e-01, -1.291882343113956e-01, 1.096101413382743e+00, -9.399118194018341e-02
2865, 5.279024075414729e-01, 2.732975158533613e-01, -1.305343271871013e-01, 1.107589737810272e+00, -7.626900342017527e-02
2866, 8.730353953612228e-01, -3.251980322494012e-01, 2.813372517284865e-02, 9.896181777674746e-01, -1.096185321156825e-02
2867, 1.015719719823712e+00, -5.368772335635472e-02, 1.044433164683261e-01, 9.827223065201507e-01, -5.318592144584573e-02
2868, 1.016990393498436e+00, -5.903451723177373e-02, 1.127446492302881e-01, 1.016784103906218e+00, -7.628314266691816e-02
2869, 1.024049435384196e+00, -2.131495163920791e-01, 4.130586702498854e-02, 9.938541718919477e-01, -2.304710452586170e-02
2870, 9.860956866175095e-01, -2.005097673160173e-01, 4.393642709990420e-02, 9.934301548670230e-01, -1.825188401347327e-02
2871, 1.011789159650211e+00, -1.808306525063255e-01, 4.759070284699628e-02, 9.937385401832584e-01, -2.236185726238554e-02
2872, 7.469133010906233e-02, 2.742031516619360e-01, -1.613818043431049e-01, 1.142731868412953e+00, 9.936147506691888e-02
2873, -1.554459927376652e-01, 7.643875184377383e-02, 5.603549862953261e-02, 9.331617980521785e-01, 1.396991512888890e-01
2874, -7.567799264908662e-02, 2.436711323735916e-01, -6.952841280807232e-02, 1.061406140391245e+00, 1.416322128737719e-01
2875, 5.155465707181190e-01, 2.221579793503473e-01, -1.481937813248904e-01, 1.105113776675703e+00, -9.163852784260962e-02
2876, 4.861275947872021e-01, 1.168111783036718e-01, -1.793218239539254e-01, 1.061402368738578e+00, -1.250158136848895e-01
2877, 4.620124094446939e-01, 1.034384167060874e-01, -1.921018308324229e-01, 1.067725147359929e+00, -1.256678033609159e-01
2878, 7.431672145431590e-01, 1.629905087282683e-01, -7.660326121660246e-02, 1.004676441902863e+00, -1.270908266337173e-01
2879, 7.086834391966764e-01, 1.393096123736873e-01, -8.947548162204835e-02, 9.996610825659266e-01, -1.336326447996359e-01
2880, 7.082811038270188e-01, 1.692656589726466e-01, -9.027875119781684e-02, 1.019622809712506e+00, -1.239895009747517e-01
2881, 5.199465722061101e-01, -1.361168560299955e-01, -1.222648244720607e-02, 1.041191700220343e+00, -2.291009501368207e-02
2882, 5.131884391265727e-01, -1.135109752361541e-01, -1.038225476920687e-02, 1.057792783130857e+00, -2.437217273952201e-02
2883, 6.158185728506597e-01, -7.954341727562389e-02, -1.129270689185972e-02, 1.090128239615113e+00, -6.005759375252672e-03
2884, 2.696762551229008e-02, 3.063502837371895e-01, -1.243700267865520e-01, 1.112452577090529e+00, 1.029241818478975e-01
2885, -2.641079266942313e-01, 1.389524034063820e-01, 2.242139431166282e-02, 9.780374415491159e-01, 9.800011388975187e-02
2886, -2.366781201333912e-01, 1.017353763970859e-01, 3.489282185760575e-02, 9.642209918299240e-01, 1.056242968468068e-01
2887, 1.124675942987532e+00, -2.494537020436485e-01, 3.446844242225571e-02, 9.984314795467644e-01, -3.041926394775311e-02
2888, 1.060139901308906e+00, -1.514139259930931e-01, 4.939370023503448e-02, 9.962198342348877e-01, -3.221191793298887e-02
2889, 1.054749127189158e+00, -1.275529583017996e-01, 5.264178150221478e-02, 9.917408067054297e-01, -3.330200946503242e-02
2890, 1.081449391271833e+00, -1.465160114191680e-01, 4.760447544306338e-02, 9.966260213379614e-01, -3.456704376252469e-02
2891, 5.953621066281242e-01, -2.320798990297971e-01, 9.889598833305820e-03, 1.009993849810689e+00, -1.339044803072807e-02
2892, 4.735478340264305e-01, -2.023071542493254e-01, 2.870476045931233e-03, 1.015143910802543e+00, -2.692553812898562e-02
2893, 4.623141993976997e-01, -2.359011184561756e-01, 7.686854373453906e-03, 1.007652280044741e+00, -2.767079618081995e-02
2894, 7.875893365368819e-01, 5.088889403545267e-02, -6.317439305505730e-02, 9.254576438112304e-01, -1.607677311307370e-01
2895, 8.134434923074643e-01, 1.303766644911810e-01, -5.330252981909695e-02, 9.615662811390290e-01, -1.349279914045791e-01
2896, 7.878618326587153e-01, 1.363921830134980e-01, -5.917305635810961e-02, 9.769940536334520e-01, -1.321453709956942e-01
2897, 3.620891468269876e-01, -2.079451551238471e-01, 8.981650038466658e-03, 1.008090126121361e+00, -4.435023418730943e-02
2898, -1.484596437922855e-01, -2.220146260983591e-01, 7.872935393642361e-02, 9.231464234436655e-01, 1.345228165490805e-02
2899, -1.835805875198778e-01, -1.701501046057417e-01, 8.270838475086494e-02, 9.209295007070767e-01, 2.796580983810441e-02
2900, -1.445998302250536e-01, -1.613749485697097e-01, 9.426190535660268e-02, 9.105658345086881e-01, 2.383765890717773e-02
2901, 7.579182045895106e-01, -1.947192751346503e-01, 1.904650571821816e-02, 1.010006851935877e+00, -2.313119687320896e-03
2902, 8.084112651843594e-01, -2.039249590935506e-01, 2.504506720395919e-02, 1.006314403215540e+00, -3.133544106454701e-03
2903, 7.762729644132551e-01, -2.308130377253805e-01, 2.091965199568545e-02, 1.001383558662543e+00, -4.405584490428639e-03
2904, 7.772829418322035e-01, -1.718275125192913e-01, 2.055977061786719e-02, 1.015451039057950e+00, -2.052523453936672e-04
2905, 7.709716874547830e-01, -1.426492203499124e-01, 1.694652416965732e-02, 1.027018876991176e+00, 3.127519473859657e-03
2906, 8.107799111738754e-01, -7.570628212658681e-02, 2.058674748028654e-02, 1.055636625026517e+00, 1.908137607934722e-02
2907, 7.516194401116219e-01, 1.284029311398339e-01, -7.937692515040032e-02, 9.795497734310030e-01, -1.369575700802953e-01
2908, 9.733408959550350e-01, -3.088866208008876e-02, 5.643603850547883e-02, 7.635744635839954e-01, -1.610999763359671e-01
2909, 9.598725159008954e-01, 5.487109045576383e-02, 6.043079855528638e-03, 8.667758182115111e-01, -1.335951601187230e-01
2910, 9.754557995021064e-01, 3.826758030779595e-02, 1.887038847672189e-02, 8.508836775638999e-01, -1.324871271549495e-01
2911, 9.571747977558192e-01, 3.727834273170069e-02, 1.150776555898668e-02, 8.552098893178789e-01, -1.392582106445481e-01
2912, 3.841908553789527e-01, -1.803620737263954e-01, 3.494331604753798e-03, 1.016316745087878e+00, -4.293196825681666e-02
2913, 1.034862262597071e+00, 8.007757749570749e-02, 1.895036812563774e-02, 8.748217482839145e-01, -1.019465507731027e-01
2914, 1.058047964760826e+00, 8.906404094004831e-02, 1.503189610570809e-02, 8.776070762079091e-01, -9.483509410734015e-02
2915, 9.498042627891276e-01, -2.301764680002166e-01, 3.772491300324588e-02, 9.935773663776560e-01, -1.399135604940208e-02
2916, 9.557748113970550e-01, -1.911373171969095e-01, 4.388767070754036e-02, 9.947046842248891e-01, -1.310786691260124e-02
2917, 1.004707724737363e+00, -3.531028621091453e-01, 3.295314482557310e-02, 9.864228255987972e-01, -1.725661338526649e-02
2918, -8.926402898896282e-02, 8.688842685886575e-02, 5.045144158741576e-02, 9.234886213478379e-01, 2.122303554074794e-01
2919, -6.854212774703809e-02, 7.684131761182092e-02, 6.475682408373341e-02, 8.965255581010322e-01, 2.446338428524920e-01
2920, -8.734824549387533e-02, 6.711020468423226e-02, 8.131665429688503e-02, 8.878552158240197e-01, 2.046897772050339e-01
2921, 7.366059101514535e-01, -2.255537355556462e-01, 1.910446599105674e-02, 1.005802694650404e+00, -4.737556977388540e-03
2922, -1.002300146659712e-01, 2.905573821437386e-01, -6.616377398586348e-02, 1.056940953248984e+00, 1.157508005634718e-01
2923, -9.401405198337685e-02, -3.308990978130987e-02, 1.485876402699305e-01, 8.434261062514000e-01, 7.014540767681578e-02
2924, -6.938786007085314e-02, -3.020496512608208e-02, 1.792769664686808e-01, 8.144717978424434e-01, 6.014250158769682e-02
2925, -1.154447919247885e-01, -1.352501289379199e-01, 1.073505810387713e-01, 8.969289770708294e-01, 2.016460444836380e-02
2926, 5.859926237670326e-01, 1.617554211008732e-01, -1.330429200327294e-01, 1.049382988921696e+00, -1.215567759816090e-01
2927, 5.763928672043244e-01, 1.269052634489246e-01, -1.369027273456676e-01, 1.038030932812604e+00, -1.310723333662412e-01
2928, 9.772463595598198e-01, 1.356818193302366e-01, -4.531694104354769e-03, 9.242541931239834e-01, -1.085396621322949e-01
2929, 1.099136801215839e+00, -3.404052878006539e-02, 4.780496033505501e-02, 8.400251043165858e-01, -6.092046921879241e-02
2930, 1.098913464098660e+00, -1.109978885019323e-02, 4.186241728102732e-02, 8.456593067449754e-01, -7.401245613069958e-02
2931, 1.116649779057547e+00, -2.453447729666608e-02, 3.420204479791370e-02, 8.492087568162274e-01, -6.481405110817884e-02
2932, 1.038539033760075e+00, -1.839351918632289e-01, 4.597812822641946e-02, 9.946973195613917e-01, -2.659519251982619e-02
2933, 1.042763079164407e+00, -1.519916479666041e-01, 5.026128191796499e-02, 9.943176284032702e-01, -2.917627164221569e-02
2934, 9.682652898484636e-01, 1.069067088113115e-01, -5.950231388428547e-03, 9.040268247426606e-01, -1.183962259921164e-01
2935, 8.881591469875938e-01, 1.801206708797879e-01, -3.567836445492885e-02, 9.739432687709718e-01, -1.137365709128631e-01
2936, 4.645588082857361e-01, -2.792567465063595e-01, 1.346839680438159e-02, 1.001898241066896e+00, -2.598367318542404e-02
2937, 1.139241732343325e+00, -1.966562981671474e-01, 3.689168991273827e-02, 1.002049175959561e+00, -3.473726794619221e-02
2938, 1.103392190212120e-01, -1.525867451760138e-01, 7.087884129369591e-02, 9.389084025137632e-01, -8.200936812269737e-02
2939, 1.196949349759054e-01, -1.816431981029099e-01, 6.254281618923627e-02, 9.452910070901767e-01, -6.997509503640433e-02
2940, 2.782383345959136e-02, -1.627256607576386e-01, 1.018055486316308e-01, 9.069511851830667e-01, -5.038593226075627e-02
2941, 6.114511162674158e-01, 9.727155446934285e-02, -1.297669466432094e-01, 1.004715647400325e+00, -1.448517734395287e-01
2942, 5.833021369096338e-01, 8.293735503740986e-02, -1.415514806647896e-01, 1.011124978297997e+00, -1.474493950131745e-01
2943, 6.131567223944056e-01, 1.799706318411537e-01, -1.203080330308620e-01, 1.056334833536720e+00, -1.175061890397968e-01
2944, 1.126699213754788e-01, -4.289942728489230e-02, 5.978698033920235e-02, 9.639714290077747e-01, -1.852310721813357e-01
2945, 1.232680391090713e-01, -1.326853539466956e-01, 6.338731594511646e-02, 9.479850893004350e-01, -9.525877106870877e-02
2946, 7.519264528487614e-01, -1.220414975913527e-01, 1.393544340204442e-02, 1.038551217150762e+00, 4.719997783671806e-03
2947, 7.367188436142312e-01, -1.577807410140648e-01, 1.533971177354126e-02, 1.024652958753541e+00, -6.284899452193601e-04
2948, 7.249473610786222e-01, -1.205000022452003e-01, 7.928015919946239e-03, 1.042925359567620e+00, 2.281439070575610e-03
2949, 6.812163098480631e-01, -9.726649136748777e-02, 3.598202448045970e-04, 1.066618486712610e+00, 1.974278370649432e-03
2950, -9.005308914540557e-02, 7.136903697605043e-03, 1.502418071777571e-01, 8.331056187080909e-01, 1.228622068056183e-01
2951, -9.024167321490145e-02, 3.010061420256102e-02, 1.339181846646861e-01, 8.485094065966063e-01, 1.543602626164321e-01
2952, 5.716343583730038e-03, 2.564855505600457e-02, 4.814584178024792e-01, 2.887922595460166e-01, -1.547247319013801e-01
2953, 4.936650884354586e-01, -1.800386060771185e-01, -2.626343169485680e-03, 1.019079418895805e+00, -2.388042834067292e-02
2954, 4.964600176150390e-01, -1.522020362645307e-01, -5.784962046741036e-03, 1.029090821574008e+00, -2.446144726819066e-02
2955, 6.766227387035718e-01, 1.534129444084773e-01, -1.025205732624423e-01, 1.019617053192479e+00, -1.293274480356552e-01
2956, 1.139981499134825e+00, -1.895062540156346e-02, 3.642634287245071e-02, 8.557734914400335e-01, -6.098208173942048e-02
2957, 1.262043147067949e+00, -5.546692949922877e-02, 2.451366722261530e-02, 9.445617508250748e-01, -4.046789243282516e-02
2958, 9.928913819664900e-01, -2.385932075926466e-01, 4.068394014203090e-02, 9.917732228692430e-01, -1.894512834286611e-02
2959, 8.274682540569520e-01, -1.678605122934080e-01, 2.751499087424353e-02, 1.010818432056803e+00, 4.960663361968853e-04
2960, 9.015798051458714e-01, -9.410782968564715e-02, 4.745796765826153e-02, 1.014194958317591e+00, 1.455631133723288e-02
2961, 9.002203120365054e-01, -1.123652924581486e-01, 4.468170958787512e-02, 1.011170235101977e+00, 8.373972922853086e-03
2962, 8.877379514153538e-01, -1.022358904949237e-01, 4.232049692114138e-02, 1.018384715968404e+00, 1.275421651154227e-02
2963, 3.993062995440529e-01, -2.071835095155569e-01, 3.111248491030863e-03, 1.010889075396970e+00, -3.832011154858096e-02
2964, 1.106160336901444e+00, -2.139212157358072e-01, 3.863591871313012e-02, 9.988842657847860e-01, -3.169775759358483e-02
2965, 9.807529263191535e-01, -1.685328351652603e-01, 4.912318804720228e-02, 9.935110647026443e-01, -1.648878136530857e-02
2966, 9.622209125546552e-01, 8.215349343378195e-02, 1.679728769985677e-04, 8.844348101081775e-01, -1.262049720277945e-01
2967, 9.763628923730953e-01, 6.031973322022963e-02, 1.125306109335510e-02, 8.654553184549330e-01, -1.258232885914326e-01
2968, 8.895754546738736e-01, -4.849712568756683e-03, -1.503540059504528e-02, 8.501272694438498e-01, -1.718441011292536e-01
2969, 8.977575957588025e-01, 8.226310160242001e-03, -1.199149561331892e-02, 8.619663979839732e-01, -1.678225412711455e-01
2970, 3.380807985560617e-01, 2.310802403684325e-01, -1.932733096259606e-01, 1.170006931006396e+00, -3.940010889483750e-02
2971, 3.234348249219142e-01, 2.068340551690899e-01, -2.180323912741987e-01, 1.176420710315935e+00, -3.903487338905718e-02
2972, 3.675031449685552e-01, 3.081472613095412e-01, -1.616749437548322e-01, 1.143547185712995e+00, -3.114392654914767e-02
2973, 3.816860174794964e-01, 2.237676747771634e-01, -1.871544998527928e-01, 1.152009369623950e+00, -5.862842863516820e-02
2974, 4.182554834475059e-02, 8.853287615266844e-02, -4.597106484122609e-01, 1.265058970048645e+00, 3.235281260366520e-01
2975, 2.684187111225229e-02, 1.510262719816615e-01, -2.232849724106770e-01, 1.170077212982934e+00, 2.353223841656328e-01
2976, 3.832676776054864e-02, 1.589833451674500e-01, -2.341241046539620e-01, 1.187584533000887e+00, 2.131399693956593e-01
2977, 6.516105932594675e-01, 2.946203133339377e-01, -9.815666947334430e-02, 1.077382675225929e+00, -8.483209024243227e-02
2978, 6.263623313120163e-02, -9.879177929302888e-03, 1.196637609349220e-01, 8.862426872673389e-01, -2.755683215988942e-01
2979, 1.946144723146435e-02, -9.504061070571643e-02, 1.363237430302579e-01, 8.629202212445879e-01, -7.232051691155754e-02
2980, 3.257061160991657e-02, -7.939806945086482e-02, 1.457537577337960e-01, 8.599490720020964e-01, -9.781122211967314e-02
2981, 3.724384321317005e-02, -9.814542248613942e-02, 1.262064946359173e-01, 8.748211580758631e-01, -8.514277403517242e-02
2982, 3.888313086061713e-01, 1.021627090722372e-01, -2.310743043947219e-01, 1.103184165833662e+00, -1.119852511236717e-01
2983, 3.991212582103557e-01, 1.816703890704030e-01, -2.024854288448998e-01, 1.135147849166350e+00, -8.119428345633842e-02
2984, 1.147448669562794e-01, -2.606150918054048e-01, 5.678035508173508e-02, 9.481192631704369e-01, -4.439024862220252e-02
2985, 5.829654119913043e-02, -1.685304207992593e-01, 8.648492575881989e-02, 9.182723722008038e-01, -6.269805921380535e-02
2986, 2.499822428582816e-01, -2.309519112605292e-01, 2.723508937344019e-02, 9.819376518872546e-01, -5.368491950410045e-02
2987, 5.759837608088789e-01, 1.022629383520258e-01, -1.434042288054683e-01, 1.020251193154455e+00, -1.408928010241412e-01
2988, 6.037564473854584e-01, 1.254418789420453e-01, -1.302951596785316e-01, 1.025712589754371e+00, -1.336930496147496e-01
2989, 5.121407712234851e-01, 7.440500040830374e-02, -1.766141908801410e-01, 1.041374937311680e+00, -1.467788305232348e-01
2990, -1.649782197539624e-01, -1.157254549771616e-02, 9.473216441840641e-02, 9.037793223877031e-01, 9.081145367154307e-02
2991, 1.781061989733487e-01, -1.065563938564854e-01, 2.875299392365642e-02, 9.847332244846435e-01, -1.083772095276896e-01
2992, 1.156287064559874e-01, -2.149709084769279e-01, 5.983365469123068e-02, 9.470641011758967e-01, -5.661167623321984e-02
2993, 2.101575367122807e-01, -1.571608622391021e-01, 2.933661051088548e-02, 9.880158513040851e-01, -8.116601725562295e-02
2994, 2.951352522963136e-01, 1.986422233121862e-01, -2.238750159626022e-01, 1.185178783459965e+00, -3.082276787645367e-02
2995, 2.212461619758005e-01, 1.273616691076688e-01, -3.130449727724552e-01, 1.188983401285838e+00, -2.106878650794328e-02
2996, 2.323654021991532e-01, 1.542632319182198e-01, -2.861563311327428e-01, 1.203646463590966e+00, -1.378899243797593e-02
2997, 1.147160384095137e-01, 2.281084132608580e-01, -2.119589129642651e-01, 1.183741095583057e+00, 9.506017407603204e-02
2998, 1.503535068330444e-01, 2.281965754249214e-01, -2.208986335678007e-01, 1.194334371561216e+00, 6.739474841917924e-02
2999, 1.311362898533615e-01, 2.046180957253821e-01, -2.423857860424991e-01, 1.205915577150731e+00, 8.817707834005337e-02
3000, -8.483088883732663e-02, 1.752397549472267e-01, -4.630472950152931e-02, 1.028669174129790e+00, 1.804787499416208e-01
3001, 6.187048873937760e-01, -2.884339490031556e-01, 1.511826524779498e-02, 1.001493884654220e+00, -1.270318916651129e-02
3002, 5.886498483007775e-01, -1.548977846094213e-01, -3.718349915533005e-03, 1.032160601717128e+00, -1.328940851507513e-02
3003, 1.917226843282283e-01, 1.638993743351086e-01, -2.920499706026435e-01, 1.227022664876798e+00, 2.645432009503067e-02
3004, 1.849409207750793e-01, 1.947571259910109e-01, -2.566032443242764e-01, 1.217424359648694e+00, 4.191406496228136e-02
3005, 2.062659662524459e-01, 1.776777346963082e-01, -2.717952467697048e-01, 1.221724989213587e+00, 1.968749571528683e-02
3006, 1.216227126396899e+00, -8.562382996956787e-02, 2.959027406010657e-02, 9.770891398738585e-01, -3.542041519328309e-02
3007, 8.659110409059000e-01, 1.420895452308392e-01, -3.992334168891767e-02, 9.557197170134342e-01, -1.263108787003170e-01
3008, 8.566722777019256e-01, 1.097827032382130e-01, -3.810741475241165e-02, 9.352930393222159e-01, -1.366113989023650e-01
3009, 8.390981722330190e-01, 1.290607015019988e-01, -4.600035953307207e-02, 9.541940358899237e-01, -1.324038986375408e-01
3010, 8.319168306646808e-01, 1.002928780746342e-01, -4.754556515148453e-02, 9.381194837437257e-01, -1.419003185870950e-01
3011, 1.111941024981112e+00, -4.790954530925363e-02, 4.031768506551667e-02, 8.746266193029288e-01, -4.443408375739632e-02
3012, 1.131470308200447e+00, -4.863843098158104e-02, 3.555403001790349e-02, 8.996650957966008e-01, -4.256425879856492e-02
3013, 1.086952330478774e+00, 6.912250328229230e-03, 4.009397357771448e-02, 8.459797124816015e-01, -7.774359750699016e-02
3014, 1.104613334494711e+00, 1.181970661333421e-02, 3.629133981445781e-02, 8.479476229698973e-01, -7.336016879426199e-02
3015, 3.232476012384565e-01, -1.109388441528478e-01, -5.261776195886227e-03, 1.033399513845391e+00, -6.555071513547144e-02
3016, 3.541382635285231e-01, -1.042910415543620e-01, -1.985692657975555e-02, 1.044930837569727e+00, -5.879899527852989e-02
3017, -1.851635549490455e-01, -1.235798753171637e-01, 8.520795386282344e-02, 9.151079156656554e-01, 3.973364703195806e-02
3018, 8.506695648817610e-02, 1.866574866808309e-01, -2.410048265013952e-01, 1.201611821890998e+00, 1.365255619318188e-01
3019, 1.091709414325324e-01, 1.789426855979555e-01, -2.672796752695772e-01, 1.225863595973929e+00, 1.186359025593296e-01
3020, 9.757003375394771e-02, 1.674881712518586e-01, -2.806613249656812e-01, 1.234930766859119e+00, 1.351681622099548e-01
3021, 1.155290578444273e-01, 2.595406711155232e-01, -1.897615903565845e-01, 1.167448189433095e+00, 8.227574494138708e-02
3022, 1.118187036182211e+00, -1.546269439003274e-01, 4.093276695048877e-02, 1.001286177373237e+00, -3.803606361185671e-02
3023, 1.146328094236331e+00, -1.004445936015357e-01, 3.918874267516229e-02, 9.994638875918773e-01, -4.208212862275811e-02
3024, 3.938625371046913e-01, -2.325737593312780e-01, 1.050438965391773e-02, 1.003960694407270e+00, -3.718468523130634e-02
3025, 8.152294964531802e-01, -2.464847439230354e-01, 2.757443269509971e-02, 9.975881943697622e-01, -5.471930973747208e-03
3026, -6.600241950390091e-02, 1.550338412577339e-01, -4.947807147889646e-02, 1.030829960865525e+00, 2.094656062069916e-01
3027, -4.549907645958809e-02, 8.524545943608880e-02, 2.133546699380221e-02, 9.212226398137615e-01, 3.035657936490700e-01
3028, -5.393858075288464e-02, 7.292332600304371e-02, 7.598413459843814e-02, 8.796133664453389e-01, 2.796219954601646e-01
3029, -5.600370132478352e-02, 8.573556951020228e-02, 3.835428265503707e-02, 9.200008745955416e-01, 2.769219573220606e-01
3030, 7.272263422401031e-01, 1.987419377022752e-01, -8.112219454706573e-02, 1.027060963797892e+00, -1.164385351481889e-01
3031, 1.018047695751624e+00, -1.193087186232061e-01, 6.170660186067405e-02, 9.872665355804373e-01, -2.602079964752043e-02
3032, 1.031638240002609e+00, -1.311914658807834e-01, 5.667017842118678e-02, 9.913873858278387e-01, -2.869815868120682e-02
3033, 1.073157464669789e+00, -8.636377512352444e-02, 5.254252391384784e-02, 9.992652531787125e-01, -4.421266612818569e-02
3034, 1.071865817963864e+00, -1.071418236275422e-01, 5.503843404244214e-02, 9.951293565878316e-01, -4.030330350111414e-02
3035, 1.054976983044489e+00, -9.148889384315094e-02, 6.162842201596348e-02, 9.949026243838793e-01, -4.505436533445246e-02
3036, -6.910986669017964e-02, 2.045458178311393e-01, -7.011771642696291e-02, 1.053855475116237e+00, 1.676322281989621e-01
3037, -1.184296090811261e-02, 2.923521132902931e-01, -1.118703182384896e-01, 1.098825702478430e+00, 1.180056132128001e-01
3038, 5.512651792407280e-02, 2.358158881320020e-01, -1.759774194464727e-01, 1.150365455244911e+00, 1.267761239263407e-01
3039, -1.112187424559897e-01, 1.848558549353225e-02, 1.176316250976803e-01, 8.684082363009460e-01, 1.293326244245665e-01
3040, -1.372210485242370e-01, 2.632967247568896e-03, 1.086060516016479e-01, 8.856865010761581e-01, 1.041427231881000e-01
3041, 5.278582133337363e-01, -1.738039785520873e-01, -1.604478517647439e-03, 1.024070585979177e+00, -1.988624492533394e-02
3042, 5.535979060711405e-01, -1.373462714715224e-01, -3.666779359220376e-03, 1.041002918668008e+00, -1.749792168323685e-02
3043, 5.377363095473003e-01, -1.044364889186522e-01, -1.337536270222532e-02, 1.068604166212110e+00, -2.137368721756470e-02
3044, 3.190688463626113e-01, 1.358438351516890e-01, -2.556935369102720e-01, 1.142730589759261e+00, -7.145069610687833e-02
3045, 3.402611442449368e-01, 1.277433759614315e-01, -2.444012285651842e-01, 1.128858710632225e+00, -8.531442909313376e-02
3046, 7.744033040092980e-01, 6.773583728677995e-02, -6.866815601272823e-02, 9.381469957039233e-01, -1.558805882808666e-01
3047, 7.493894950913649e-01, 6.555294998761463e-02, -7.903998769054964e-02, 9.460122447286584e-01, -1.570220380094430e-01
3048, -1.735301939201253e-02, 1.052923625847811e-01, -1.038218642966140e-01, 1.035165065332785e+00, 3.460290768853149e-01
3049, -2.576614498516915e-02, 1.198327011893997e-01, -9.685700625334191e-02, 1.045186991256348e+00, 2.986832084484033e-01
3050, -8.477274384576667e-03, 1.138807626678462e-01, -1.498389805130933e-01, 1.079224754136650e+00, 3.350540297247766e-01
3051, -3.651290471404587e-04, 5.181342912684263e-02, -6.275202941461913e-02, 6.280462847914432e-01, 8.330607095951821e-01
3052, -3.479828304822519e-03, 5.646081167763403e-02, -4.361401723157594e-02, 7.561200480922478e-01, 7.026560277941445e-01
3053, 1.450440309133181e-03, 5.583451459001101e-02, -1.865828260376433e-01, 8.213726826899530e-01, 8.334653492839015e-01
3054, 9.900062432032070e-01, 3.047506856561202e-02, 2.750549437170290e-02, 8.410409375635663e-01, -1.266204015461713e-01
3055, 9.903743370399543e-01, 4.728844895785148e-02, 2.108207128142494e-02, 8.530404364136759e-01, -1.230516786623260e-01
3056, 1.002314261573248e+00, 3.650152520648834e-02, 2.654973045859985e-02, 8.433992980964304e-01, -1.184623218179199e-01
3057, 1.082503424067316e+00, -2.216600994553129e-02, 4.884073915281983e-02, 8.307359540277151e-01, -7.489581551948918e-02
3058, 1.085181864557378e+00, -3.631998427529910e-02, 3.074228519169709e-02, 8.226312197462036e-01, -5.740834568879865e-02
3059, 1.072045669902898e+00, -3.320293671663282e-02, 6.371951429870627e-02, 8.115384812297549e-01, -7.018786290904179e-02
3060, -8.833507658042977e-02, -7.697152775743711e-02, 1.388758325102073e-01, 8.573549249789293e-01, 3.111364821486177e-02
3061, -5.066182699235992e-02, -2.408651747567997e-02, 2.037373400636405e-01, 7.788670906394105e-01, 4.591545290710055e-02
3062, 9.570530751630488e-01, -1.612709035427594e-01, 4.823802674383203e-02, 9.950179514531862e-01, -1.120667256915880e-02
3063, 9.651004954948366e-01, -1.447803820851631e-01, 5.398233928537020e-02, 9.939784293433788e-01, -1.119235402937498e-02
3064, 5.547167278391956e-01, 1.870681415123357e-01, -1.392069948198445e-01, 1.075635222570446e+00, -1.092061023044154e-01
3065, 6.789668558482655e-01, -1.726625806461895e-01, 1.165447281602405e-02, 1.020026139230457e+00, -5.068691033915418e-03
3066, 6.887959662417285e-01, -1.455103539406877e-01, 7.547141921603342e-03, 1.032784950014225e+00, -3.120823672715469e-03
3067, 7.043867626579772e-01, -1.732299382706255e-01, 9.463688476357561e-03, 1.021264443423284e+00, -3.393385979969378e-03
3068, 7.232156834844158e-01, -1.975834214193309e-01, 1.513679643939085e-02, 1.011871466451453e+00, -2.889646025842252e-03
3069, 1.052195201147174e+00, 4.844478894754471e-03, 4.392448440826650e-02, 8.328882672043170e-01, -8.893590078143300e-02
3070, 1.037747054848681e+00, 1.501775521056185e-02, 4.166760736161355e-02, 8.311427287387276e-01, -1.003779858082648e-01
3071, 1.052844868107858e+00, 2.078647907046271e-02, 3.762501734904577e-02, 8.369724426517277e-01, -9.380838764749611e-02
3072, 1.096489825608173e+00, 8.348914194317675e-02, 1.753531132652859e-02, 8.751052552051217e-01, -8.710018532967574e-02
3073, -2.656992636253960e-02, 1.387660043949436e-01, -1.026783809291553e-01, 1.063420028487131e+00, 2.616235997433337e-01
3074, -4.784529335411058e-02, 1.461305063420735e-01, -6.972456493593811e-02, 1.042379071402406e+00, 2.325528249544117e-01
3075, -2.906145284854257e-02, 1.570540342970426e-01, -1.013942319019399e-01, 1.076376457097930e+00, 2.318012000103878e-01
3076, 3.251112982649205e-02, 1.730969148479139e-01, -2.036765805682488e-01, 1.164459585177348e+00, 1.960926468101022e-01
3077, 6.536626366381012e-01, -1.583376155692191e-01, 3.956598504951344e-03, 1.028266885397958e+00, -6.445863806699323e-03
3078, 6.372939510956667e-01, -1.365089030922713e-01, -1.367688731084718e-03, 1.041664644480647e+00, -6.476169099661396e-03
3079, 2.780784087276422e-02, 7.439092541288386e-02, -5.261328622443830e-01, 1.282955735511395e+00, 4.697045972490566e-01
3080, -6.357500936290443e-03, 1.685543605247277e-01, -1.396622316236768e-01, 1.110413247303676e+00, 2.178039035627033e-01
3081, -8.911891483672905e-03, 1.465182852462988e-01, -1.421750386195571e-01, 1.105546394937711e+00, 2.560783368376826e-01
3082, -1.142175737419893e-01, -9.302235103739526e-02, 1.211150965035056e-01, 8.804867884391342e-01, 3.418263531816885e-02
3083, -8.668200861659858e-02, -1.214132178289772e-01, 1.177462791275388e-01, 8.834122614089152e-01, 1.361880526735796e-02
3084, -7.593324403435749e-02, -9.831637158976267e-02, 1.327470426064161e-01, 8.677475243160638e-01, 1.346551130814446e-02
3085, 1.369701586331506e-01, 1.388523691196572e-01, -3.304713086171121e-01, 1.251948430481380e+00, 8.096567976315236e-02
3086, 1.218464786791760e-01, 1.566480645484389e-01, -2.960067141544048e-01, 1.247288807767071e+00, 1.082949040067799e-01
3087, 6.567108143035864e-02, 8.667918382949198e-02, -5.003555260756659e-01, 1.310338129114052e+00, 2.324347929929527e-01
3088, 9.844983776001420e-01, 8.396221049190461e-02, 5.820228782364028e-03, 8.818567183403208e-01, -1.188871041651471e-01
3089, 8.714227470969717e-01, 8.580416152443444e-02, -3.151283691304034e-02, 9.159661316726824e-01, -1.423264024499765e-01
3090, 8.499577155518239e-01, -1.879790885912187e-01, 3.162694520557163e-02, 1.003806307680866e+00, -2.076740130255430e-03
3091, 8.605807657886948e-01, 3.737037432766498e-02, -3.311614558748852e-02, 8.932051554147112e-01, -1.615629419036604e-01
3092, 8.800762220641526e-01, 3.725276976002057e-02, -2.326421224991987e-02, 8.859234314463527e-01, -1.589845114031955e-01
3093, 8.225287304168321e-01, 4.766677151779737e-02, -4.762365646795859e-02, 9.111459554586304e-01, -1.600594515031946e-01
3094, 1.011137140141262e+00, 8.435360861029399e-02, 1.118745053227714e-02, 8.796178947253761e-01, -1.108097770290317e-01
3095, 1.021798860417344e+00, 6.195627264872027e-02, 1.868864489480858e-02, 8.612673594998198e-01, -1.090091672569793e-01
3096, 1.044744834277141e+00, 6.407153570618712e-02, 2.357320585440027e-02, 8.615358234166955e-01, -1.011206829527515e-01
3097, 8.323473921681903e-01, -1.016201795597423e-01, 2.780555131435746e-02, 1.033272077938285e+00, 1.240676084230909e-02
3098, 8.105029207949612e-01, -1.029739022883997e-01, 2.316175651395099e-02, 1.039121084927913e+00, 1.195403429880594e-02
3099, 8.373298722747062e-01, -7.271176673214820e-02, 2.631782369002746e-02, 1.048551507245594e+00, 2.165774177568991e-02
3100, 8.783628912664548e-01, -4.817083304682668e-03, -2.241387497834676e-02, 8.533807020047341e-01, -1.724352966078949e-01
3101, 8.664778018317867e-01, 5.918335400521685e-02, -3.231782106377261e-02, 9.013250836796208e-01, -1.529983481147252e-01
3102, 6.995330132262182e-01, -1.183650884456778e-01, 6.935532648756519e-03, 1.048118111152541e+00, 2.647758110191330e-04
3103, 2.367647417894350e-01, -1.022778691772891e-01, 1.752461369539792e-03, 1.013628810107479e+00, -9.345851868402602e-02
3104, 2.810950623732918e-01, -9.223395596214505e-02, -7.944035671345714e-03, 1.038691367923844e+00, -8.425715417401447e-02
3105, 1.159936863297937e+00, -4.235838760788012e-02, 3.978528885482721e-02, 9.002082839459882e-01, -4.554892636621807e-02
3106, 3.547359251737406e-01, 2.007935802285311e-01, -2.027763554601980e-01, 1.160577965224198e+00, -5.874044459884283e-02
3107, 9.991002949362354e-02, -1.282775650702358e-01, 7.610972884417486e-02, 9.306655563798936e-01, -9.518049751907189e-02
3108, 7.543357852034842e-02, -1.210639297507712e-01, 9.481533612651438e-02, 9.119919953764781e-01, -9.201874104244442e-02
3109, 9.150320557976464e-02, -1.058834379025829e-01, 8.576203961490060e-02, 9.229460974863914e-01, -1.104330753002018e-01
3110, 9.340484504491640e-01, -1.690703166929364e-01, 4.452236657572905e-02, 9.972949746189116e-01, -8.237872017437448e-03
3111, 8.520239913873262e-01, -1.613658073804616e-01, 3.187489131267982e-02, 1.009490035517172e+00, 5.637488527724735e-04
3112, 1.058996673740920e+00, 1.432205935665918e-01, 3.009132847841706e-03, 9.185111659188813e-01, -9.224555228034326e-02
3113, 9.155505007531994e-01, -1.085726066872456e-01, 5.029032884023439e-02, 1.006449780010714e+00, 8.231594090721734e-03
3114, 6.812779160250421e-01, 1.174250927677500e-01, -1.004822066210735e-01, 9.949316412842405e-01, -1.404091400275943e-01
3115, 6.235319636883738e-01, 6.894501215658644e-02, -1.282375997650730e-01, 9.901381499470850e-01, -1.544367163241397e-01
3116, 2.055528827339045e-01, -1.306076511394479e-01, 2.526742674389027e-02, 9.918782674388216e-01, -9.221065766642772e-02
3117, 1.820343935868662e-01, -1.344364869540932e-01, 3.242481904534596e-02, 9.817730168177744e-01, -9.475872653801047e-02
3118, 1.368495834777686e-01, -1.145835262123980e-01, 5.424945866501067e-02, 9.586891832620416e-01, -1.083426963304224e-01
3119, 2.163898321487878e-01, -1.125570664202043e-01, 1.441973185887154e-02, 1.000425584932488e+00, -9.551607451239599e-02
3120, 9.975653174624727e-01, -4.353476100561013e-03, 5.304965945916667e-02, 8.124293087809757e-01, -1.243303091499859e-01
3121, 3.352449064378922e-01, -8.688353513882735e-02, -1.745941217129815e-02, 1.065361944798489e+00, -6.898144312100410e-02
3122, 7.814768541676036e-01, -1.116406857154240e-01, 1.850078849703870e-02, 1.039278721190966e+00, 7.568437890312252e-03
3123, 1.091100580414918e+00, -9.303315049085198e-02, 4.895255759799699e-02, 9.995080050123020e-01, -4.549492753710534e-02
3124, 1.092815257461288e+00, -7.486502734997218e-02, 5.691945801541251e-02, 9.771671624132718e-01, -4.089205349312120e-02
3125, 1.141808011867092e+00, -1.316433924004746e-01, 4.229850760028948e-02, 1.007444725294553e+00, -4.337850931896529e-02
3126, 1.102428121201516e+00, -1.288637599307683e-01, 4.570822255258502e-02, 9.996403959814545e-01, -4.057372036268388e-02
3127, 4.974243676788187e-03, -1.090898867058884e-01, 1.322791078892794e-01, 8.666832536967027e-01, -5.221276366295230e-02
3128, 2.126923932387548e-03, -9.108107575705053e-02, 1.509881992902861e-01, 8.501329522077778e-01, -5.569676028662055e-02
3129, -1.022054797887660e-02, -1.575550175029748e-01, 1.075347912376865e-01, 8.945047550172328e-01, -3.326018532806806e-02
3130, 2.343560281789641e-02, -1.274814593225322e-01, 1.144010419855367e-01, 8.862549960250514e-01, -6.144457191621978e-02
3131, 8.058260415492640e-01, 5.575344794953460e-02, -5.483345818782687e-02, 9.208897073120315e-01, -1.578693830556956e-01
3132, 2.283634709663918e-03, -1.095743199309718e-02, 2.785372601983008e-01, 6.759965393773489e-01, -9.681284542264844e-02
3133, -8.840291579507295e-03, -1.150422139850741e-02, 2.801369757995921e-01, 6.769413717710022e-01, -4.215788589086469e-02
3134, -2.675826051159169e-03, -2.655107079796180e-03, 3.025884617710636e-01, 6.362792352316021e-01, -6.453944674584897e-02
3135, -5.086662673188040e-02, 5.857583427375897e-02, 1.199296816925708e-01, 8.286097749731755e-01, 2.745905842003656e-01
3136, -4.317597778297388e-02, 7.228406894687887e-02, 6.683966298209870e-02, 8.753268364225892e-01, 3.189549904283767e-01
3137, -3.915682565182453e-02, 6.402175454620380e-02, 9.821460800293395e-02, 8.327888547097509e-01, 3.338964425514439e-01
3138, 2.515330185945708e-01, -1.273601938055246e-01, 9.081301169601347e-03, 1.005949474431892e+00, -8.005841102497201e-02
3139, 3.798591238964557e-01, -1.026281695794208e-01, -1.669716363053004e-02, 1.057441071086533e+00, -5.492271109805302e-02
3140, 5.164233470406018e-01, 1.298484328195092e-01, -1.627867342860818e-01, 1.058364833708227e+00, -1.248673924591625e-01
3141, -9.063135627027985e-03, 1.941167582265974e-01, -1.319279981027842e-01, 1.108030395467294e+00, 1.884210491205297e-01
3142, 4.150190551885684e-01, 1.073489355547642e-01, -2.166581625601967e-01, 1.090784664121644e+00, -1.155728710324847e-01
3143, 5.857860494013297e-01, -1.252994281732576e-01, -6.119439355885142e-03, 1.051972361954755e+00, -1.351467207133859e-02
3144, 5.898622173714175e-01, -9.395978248636937e-02, -9.308046513275089e-03, 1.076099871154846e+00, -1.118826554984639e-02
3145, -1.065067576660792e-01, 1.005893876088467e-01, 3.860772920753992e-02, 9.459821033807364e-01, 1.879255798138732e-01
3146, -1.645710661203997e-01, 1.628452374313545e-02, 8.913842189712837e-02, 9.079503940755631e-01, 1.088275866086699e-01
3147, 9.801547717274131e-02, -2.137303642274445e-02, 5.966293875235359e-02, 9.727786214508141e-01, -2.341069666675229e-01
3148, 6.970547402095274e-02, -9.873440143656817e-02, 1.013784241209378e-01, 9.028461618247510e-01, -1.080176515753137e-01
3149, 8.689952675128151e-02, -8.530085174052812e-02, 9.009179001656910e-02, 9.168886653709540e-01, -1.308393484648008e-01
3150, 1.008872802427372e+00, -5.367686334396121e-02, -2.523058447874068e-02, 1.019177357593158e+00, -1.194071888681612e-01
3151, 1.011847788656337e+00, -5.005284874095577e-02, 1.079461403050072e-01, 8.791304145098572e-01, 4.148374466290339e-02
3152, 9.783431265050733e-01, -8.432371008657394e-02, 8.132447480568877e-02, 9.770338990230368e-01, -3.258982714883115e-03
3153, 9.808919288663029e-01, -9.849204286300746e-02, 7.220918897083116e-02, 9.822405332436696e-01, -8.622747074513097e-03
3154, 9.690622571545959e-01, -9.146668171270012e-02, 7.314469906375447e-02, 9.838954296507626e-01, -9.423939143517447e-04
3155, 2.117941241258640e-01, 1.550971756484970e-01, -2.831051528137692e-01, 1.209849795993446e+00, 4.234815281882812e-03
3156, -4.208374040250086e-02, 5.515217960921229e-02, 1.382451977405620e-01, 7.961102796808649e-01, 3.027521023898987e-01
3157, -7.420146830216395e-03, 3.405005758247048e-02, 4.023171155489433e-01, 3.721374394851699e-01, 2.490307090900831e-01
3158, -4.466792664279012e-04, 3.422934186565922e-02, 4.734410938541238e-01, 1.657396882126517e-01, 1.777477322627624e-01
3159, -8.525180725083739e-02, -1.135073387934012e-02, 1.617218736309416e-01, 8.248525213331953e-01, 9.164337984974243e-02
3160, -1.079774793124278e-01, -4.667329436800746e-03, 1.327063334911208e-01, 8.555573901403566e-01, 1.030790178645375e-01
3161, -1.201434712121250e-01, -2.313961408207164e-02, 1.317756172372402e-01, 8.660944670819256e-01, 8.369018012183990e-02
3162, 8.364647055171853e-01, 1.531441102364628e-01, -5.023532510633765e-02, 9.711119184983358e-01, -1.266587044940302e-01
3163, 8.449326945705810e-01, 5.812349745632649e-02, -3.988122358122254e-02, 9.086527554148013e-01, -1.552360736650401e-01
3164, 8.478642863066111e-01, 8.127750342232423e-02, -3.931206157800476e-02, 9.199120618721276e-01, -1.468342036622381e-01
3165, -1.156720924262789e-01, 4.540598605983399e-02, 9.537204300852682e-02, 8.878446969624207e-01, 1.513062374081504e-01
3166, -9.745067897760039e-02, 5.089011089791014e-02, 9.750436450936877e-02, 8.793727114446697e-01, 1.753758979175652e-01
3167, 9.847665479085419e-01, -1.395361369458820e-01, 5.545787759961569e-02, 9.916998445381824e-01, -1.662072913857254e-02
3168, 1.003322008421070e+00, -1.549158107168634e-01, 5.313812208560269e-02, 9.926449492126674e-01, -2.083803998704451e-02
3169, 2.928010859700511e-01, 1.359253978093253e-01, -2.662198413546326e-01, 1.155394242075417e+00, -6.191111401019912e-02
3170, 8.687667584764215e-02, -6.718424057508271e-02, 9.212944490530768e-02, 9.134327502067338e-01, -1.512320346211637e-01
3171, 9.922150247526061e-02, -5.098487100612444e-02, 7.328263450980450e-02, 9.309392945855017e-01, -1.732528234302641e-01
3172, 1.039230729804493e-01, -6.889516958431843e-02, 7.863898478626394e-02, 9.340097006391770e-01, -1.482869733340073e-01
3173, 1.137630765115412e-01, -1.105093741635463e-01, 6.854377245813636e-02, 9.421190401224688e-01, -1.111988967128677e-01
3174, 5.264658984524728e-02, -1.131547596650944e-01, 1.108941906651016e-01, 8.926907771772469e-01, -8.748761924333452e-02
3175, 1.239696709372748e-01, -7.739210549198326e-02, 5.474289539628956e-02, 9.531330705481098e-01, -1.392410231435498e-01
3176, 1.251040256907293e-01, -9.610336997547057e-02, 6.057743793298484e-02, 9.515928337182042e-01, -1.224226342233727e-01
3177, 1.150990340687269e+00, -7.219237623794196e-02, 3.824976674604387e-02, 9.536733181678995e-01, -3.697522748770736e-02
3178, 1.076440801685096e+00, -4.682196544217075e-02, 5.600413390647881e-02, 8.347787576614939e-01, -4.444640273399379e-02
3179, 1.070209866068557e+00, -5.884290007456044e-02, 5.307120934727844e-02, 9.062109970651838e-01, -3.289220932702788e-02
3180, 1.064948413065085e+00, -4.623197417783195e-02, 5.781348118518514e-02, 8.141072585592659e-01, -4.631021389828444e-02
3181, 1.036816288200222e+00, -2.316732466565857e-04, 4.871406431862087e-02, 8.262016555438173e-01, -9.636323545322933e-02
3182, 1.049861250495449e+00, -7.783260726060330e-03, 5.137989045611760e-02, 8.355889727458440e-01, -8.278232267860686e-02
3183, 1.038275230212969e+00, -1.273671930335389e-02, 5.642600105814713e-02, 8.311834460841715e-01, -8.411401526952485e-02
3184, 1.076820881283867e+00, -7.020062847466166e-02, 5.003850910823070e-02, 9.672409759972304e-01, -3.748370962690523e-02
3185, 1.046653132134190e+00, 4.623492205638697e-02, 2.869333035394775e-02, 8.494801074096751e-01, -9.954627911866465e-02
3186, 1.028906822292254e+00, 4.281889218518909e-02, 2.875589390709540e-02, 8.471818924284962e-01, -1.065671803247528e-01
3187, 1.040263609305456e+00, 3.198921542139072e-02, 3.383792121028616e-02, 8.397426961616898e-01, -1.012380944852303e-01
3188, 1.058358261339291e+00, 3.732682269941632e-02, 3.211306977530789e-02, 8.460410508247919e-01, -9.530825298931951e-02
3189, 2.549335314975079e-01, 1.890382172309029e-01, -2.507310530714900e-01, 1.201212225206436e+00, -1.046785125688604e-02
3190, 7.962966088971372e-01, -1.284684767599682e-01, 2.106051944715738e-02, 1.029116214375653e+00, 6.266893828003392e-03
3191, -2.046247319051478e-02, -6.785694894865182e-02, 1.718978299121707e-01, 8.218569228218368e-01, -3.053765130375418e-02
3192, -2.583453794714107e-02, -4.835719916069299e-02, 1.955870893689179e-01, 7.918841032343737e-01, -1.492647007443679e-02
3193, -3.964029200285091e-02, 1.283625788744951e-02, 2.512692556783941e-01, 7.048387960913698e-01, 1.311644660816285e-01
3194, -2.700653901925133e-02, 1.367411045756624e-02, 2.962184353816139e-01, 6.435275668705384e-01, 1.082050536575263e-01
3195, -3.403958898011533e-02, 5.291793186927650e-03, 2.595865838589237e-01, 6.967264020525470e-01, 9.414464775812846e-02
3196, 6.780970317654200e-01, 7.701189746142587e-02, -1.057492246580169e-01, 9.737527654068541e-01, -1.534137595154724e-01
3197, 7.278305279621742e-01, 7.400482575994959e-02, -8.508874602026188e-02, 9.570625065601933e-01, -1.542281944985046e-01
3198, 9.971263957545906e-01, 6.345758740982985e-02, 1.530324822313907e-02, 8.646973223243757e-01, -1.170490317857157e-01
3199, 8.419891271074679e-01, -1.208272998462850e-01, 2.901417293579507e-02, 1.023810879178312e+00, 8.258960651397102e-03
3200, 8.545135028892720e-01, -1.040340009581918e-01, 3.325830669961833e-02, 1.026327254726697e+00, 1.264685130185461e-02
3201, 5.640745668575616e-01, -1.114096327177205e-01, -1.051092010959759e-02, 1.062443435240838e+00, -1.575210421636011e-02
3202, 1.569851533464834e-01, 1.426356069137954e-01, -3.227747623399589e-01, 1.238532316030143e+00, 5.627095413213091e-02
3203, 1.771997425541428e-01, 1.416860284941416e-01, -3.134181766485637e-01, 1.221434078636273e+00, 2.850775275008570e-02
3204, 1.095590330641029e-01, 9.353818441141620e-02, -4.428864273140860e-01, 1.293803247208621e+00, 1.061001830962310e-01
3205, 9.147575453393476e-01, -2.230661355839193e-01, 3.749689801075454e-02, 9.927214069923005e-01, -8.881344515982407e-03
3206, 7.135690578264384e-01, -1.417287908088091e-01, 9.167043888725555e-03, 1.032309143765574e+00, -1.040406198785877e-03
3207, 9.033188811406794e-01, -1.388533269878276e-01, 4.329046202720927e-02, 1.005273054131219e+00, 1.252829109977574e-03
3208, 8.946365383632662e-01, -1.267702160623131e-01, 4.228774973403808e-02, 1.008906506381750e+00, 5.208462036210744e-03
3209, 9.434479289532400e-01, -1.408491798292970e-01, 5.093896414753754e-02, 9.970043083494261e-01, -5.610572466593001e-03
3210, 9.191557658311755e-01, -1.504814967563132e-01, 4.516340560842758e-02, 1.001245678988680e+00, -3.117182703577433e-03
3211, 3.720416260028191e-01, 1.306988397166009e-01, -2.275784200753661e-01, 1.113879383154780e+00, -9.401964946654029e-02
3212, 9.349835409119940e-01, -1.168928398207761e-01, 5.428009840724986e-02, 9.983511935576749e-01, 1.790590288874263e-03
3213, 9.355369152047521e-01, -7.457807301534625e-02, 6.145569208408078e-02, 1.000088670239767e+00, 2.093137849681148e-02
3214, 9.201335147924417e-01, -7.610674798180539e-02, 5.667906070189854e-02, 1.009630425806323e+00, 2.178572380593111e-02
3215, 9.277197428831799e-01, -6.592937046038422e-02, 5.893851863968563e-02, 1.008645514028602e+00, 2.843118380305934e-02
3216, -8.992049915934293e-02, 1.492201187187185e-01, -2.001741712662556e-02, 1.008534331072263e+00, 1.938417840460907e-01
3217, 9.134810338764799e-01, 2.634603041461632e-02, -5.851430001071737e-03, 8.670965700199625e-01, -1.579896413254268e-01
3218, 9.270925300199016e-01, 2.388445509892186e-02, 7.119103173675919e-04, 8.594575963478983e-01, -1.540270691820160e-01
3219, 8.952944711272164e-01, 8.724714518973962e-02, -2.380848496126353e-02, 9.078703904906541e-01, -1.386583151621748e-01
3220, 1.060467063698817e+00, -7.416242566318022e-02, 6.544698462316523e-02, 9.891121252868281e-01, -4.247908362312641e-02
3221, 1.053521290268322e+00, -2.724933847567803e-02, 6.178678611308516e-02, 8.174948633542074e-01, -8.316923926205977e-02
3222, 1.050817801083151e+00, -3.779098798243639e-02, 6.591518988212493e-02, 7.650956237864391e-01, -7.771546809139135e-02
3223, 1.045714305765744e+00, -3.117197106034021e-02, 5.473869400145673e-02, 7.981524451063656e-01, -8.258544337281608e-02
3224, -1.209424604212677e-02, -4.709228883880154e-02, 1.981153699954637e-01, 7.860820567310535e-01, -4.038905043081281e-02
3225, 5.393950971696940e-02, -8.485346846464137e-02, 1.190203038106131e-01, 8.827409126127148e-01, -1.104529571761582e-01
3226, 4.607554963511770e-02, -6.608573731206110e-02, 1.403877496298159e-01, 8.595052636348871e-01, -1.241484038484027e-01
3227, 1.011127416808742e+00, -1.350414735813104e-01, 5.703388434426045e-02, 9.905345887164275e-01, -2.325366258861224e-02
3228, 9.956263960559569e-01, -1.223950599381246e-01, 6.254137099225704e-02, 9.875063101233791e-01, -1.852671616363124e-02
3229, 6.521242755060574e-02, 1.234025397057585e-01, -3.409546561117282e-01, 1.264182013849383e+00, 2.220502663383385e-01
3230, 6.655543390320538e-02, 1.374206889922941e-01, -3.093618551671303e-01, 1.245835034505294e+00, 2.053774956990097e-01
3231, 7.874967909401379e-02, 1.255916151088113e-01, -3.546862209662466e-01, 1.268872796146906e+00, 1.878127760212078e-01
3232, 7.973272467270143e-02, -1.450242083825752e-01, 8.415521786755448e-02, 9.225222691461584e-01, -7.952267563698670e-02
3233, 5.343070737247458e-02, -1.372155049188290e-01, 9.764140823815465e-02, 9.063116756735441e-01, -7.231115650966310e-02
3234, 1.295084785466376e-01, 1.828632957815931e-01, -2.639989444218608e-01, 1.227539425890478e+00, 9.568641635842821e-02
3235, 9.210739281658362e-01, 1.107471629216206e-02, 5.540671623592743e-04, 8.556938463796286e-01, -1.640195329944608e-01
3236, -1.800824405072297e-02, -1.799630892277239e-02, 2.518691115479707e-01, 7.183015186876583e-01, -1.658220358929750e-02
3237, -1.508470822029533e-02, -3.382675656579293e-03, 2.897236646584969e-01, 6.589280111232988e-01, -7.460066160607376e-04
3238, 1.082389949575681e+00, -1.235437387116781e-01, 4.909275114871552e-02, 9.962503156505620e-01, -3.822444392248701e-02
3239, 1.091899979482419e+00, -1.094993667272613e-01, 4.993498201001295e-02, 1.000603685545526e+00, -4.235205760638107e-02
3240, 1.026603525687531e+00, -9.760926869427250e-02, 6.825017501518035e-02, 9.821584768617703e-01, -2.906058138151638e-02
3241, 1.019319221464603e+00, -1.053831935369986e-01, 6.598151903001152e-02, 9.849252431614696e-01, -2.770502676239719e-02
3242, 1.066958140692782e-01, -8.853075117960055e-02, 7.451007282573581e-02, 9.382133705995401e-01, -1.291733253981242e-01
3243, 8.768175617481175e-01, -1.776257784978496e-01, 3.426603857138885e-02, 1.003532045719612e+00, -2.247852278605809e-03
3244, 1.090310154870899e-01, 2.004665157792610e-01, -2.410614286495509e-01, 1.202591558514718e+00, 1.085594491765450e-01
3245, 9.423377844019827e-01, 7.318882191686243e-02, -2.085419014871470e-03, 8.829588322387695e-01, -1.338164884549170e-01
3246, 1.112502139457951e+00, -6.761008144174926e-02, 4.344802133993239e-02, 9.433122203006685e-01, -3.371026031204571e-02
3247, 2.752852230142430e-01, 1.842772188585017e-01, -2.416252991855751e-01, 1.193489989196619e+00, -2.373705063128533e-02
3248, 8.706671754666537e-01, -7.256875756698053e-02, 3.497163195713095e-02, 1.036423027474439e+00, 2.364824893540299e-02
3249, 8.684384092749905e-01, -8.575053093454449e-02, 3.625734547074017e-02, 1.031428092240617e+00, 1.854381658690012e-02
3250, 8.987029548551226e-01, -8.049506119945410e-02, 4.331855389151393e-02, 1.020414293793275e+00, 2.145239277432977e-02
3251, 9.081013300062295e-01, -7.196781387098988e-02, 5.044660085109386e-02, 1.017332645737548e+00, 2.483668046121160e-02
3252, 8.026745831330260e-01, -1.763905602623328e-01, 2.495858549809965e-02, 1.010220231227378e+00, 5.334448523156192e-04
3253, 8.241142428173717e-01, -6.602184877627003e-02, 2.503182373841759e-02, 1.057914971654916e+00, 2.329157892582706e-02
3254, 5.888991132277175e-02, 1.859405346733318e-01, -2.207306378311298e-01, 1.184536677707555e+00, 1.659940369854778e-01
3255, 7.928170358231093e-01, 1.931043643014181e-02, -6.116110052138342e-02, 9.031752306145262e-01, -1.701826460319167e-01
3256, 5.425514275696000e-02, 1.644098438016987e-01, -2.408355189073726e-01, 1.197459648400099e+00, 1.885813129450656e-01
3257, 1.005126208642957e+00, 1.867173443931815e-02, 3.688637255354742e-02, 8.325698405677733e-01, -1.199371924738227e-01
3258, 9.894524062815295e-01, 1.491841767308021e-02, 3.733572310244457e-02, 8.290776234701653e-01, -1.293704198941803e-01
3259, 9.935106626325856e-01, -3.220080349210781e-02, 1.024498947987366e-01, 7.460328873563958e-01, -1.318906167554412e-01
3260, -6.540275266650808e-02, -1.518532599262089e-02, 1.799046808585378e-01, 7.964803873855102e-01, 8.286900084757272e-02
3261, -7.050425229691330e-02, -8.898131343380855e-04, 1.786937857153997e-01, 7.981563306637551e-01, 1.078462454754250e-01
3262, 4.752305248154919e-02, -1.998687359492993e-02, 1.606358732420859e-01, 8.223647507242114e-01, -2.258876410230147e-01
3263, 5.777680508890096e-02, -1.695235215000087e-02, 1.448568750503427e-01, 8.593662487047548e-01, -2.442275455837882e-01
3264, 3.113151724812330e-02, -4.286039614171092e-02, 1.816286084139700e-01, 8.078662400907619e-01, -1.373789701547453e-01
3265, 1.395144350425988e-02, -4.304487965464140e-02, 1.955191858277364e-01, 7.916213140855969e-01, -1.062907099917503e-01
3266, 3.499454411652918e-02, 1.119166389784968e-01, -3.308881297253284e-01, 1.233668421221722e+00, 3.205538143782495e-01
3267, 4.392281276241498e-02, 1.072031860254649e-01, -3.667261130107454e-01, 1.258153138611140e+00, 2.991974896931833e-01
3268, 4.026919919408629e-02, 7.959947599038705e-02, -5.299084812170556e-01, 1.300842377856387e+00, 3.615716325580425e-01
3269, 2.289908759380066e-01, -1.291235594359156e-01, 1.691553356705710e-02, 1.001122754795902e+00, -8.561488729950215e-02
3270, 2.878468898374370e-01, 1.149727934805645e-01, -2.840876853718613e-01, 1.153940183296930e+00, -6.932804356445964e-02
3271, -6.712866561187832e-02, 9.332172999952379e-02, 3.220359460801943e-02, 9.378451248159566e-01, 2.491490775654207e-01
3272, -5.095957146683523e-02, 9.842360746842342e-02, 1.329647460944300e-03, 9.590409979994882e-01, 2.827267086667122e-01
3273, 1.883479789419508e-03, 1.015015310479948e-01, -2.012272455055548e-01, 1.103114548294581e+00, 3.844976341469503e-01
3274, 5.883393265302024e-03, 1.106369266470727e-01, -2.093921949752577e-01, 1.126802362033387e+00, 3.484632293459063e-01
3275, 1.307336828339260e-02, 1.601199566261246e-01, -1.867333758476158e-01, 1.142741123919802e+00, 2.273483192619771e-01
3276, 1.858730834288398e-01, -6.001074456949453e-02, 1.805927868699233e-03, 1.025903803491480e+00, -1.388800371207415e-01
3277, 1.066846984957351e+00, 6.202357222838487e-02, 2.433519107547084e-02, 8.601440859215566e-01, -9.353913546808550e-02
3278, -7.870753435083540e-02, 4.800033617510605e-02, 1.251042727453666e-01, 8.487916893527827e-01, 1.945545254856074e-01
3279, -3.878998098720694e-02, 1.096150102065380e-01, -5.255336840097112e-02, 1.000544052452620e+00, 2.950246609335561e-01
3280, -3.728912793677190e-02, 9.350910277793292e-02, -1.413326855038497e-02, 9.583009394756938e-01, 3.249397351431569e-01
3281, -2.755195512620103e-03, -7.277417464577292e-02, 1.630048230097395e-01, 8.297495734273796e-01, -5.481996626448291e-02
3282, 1.077963095381990e+00, -9.008659818057929e-03, 4.345874814771029e-02, 8.441594590960173e-01, -7.559285812442215e-02
3283, 1.068687318229735e+00, 8.516259639324807e-03, 4.113658468249975e-02, 8.405758710140341e-01, -8.227500761979951e-02
3284, 1.076662037634656e+00, 4.426210489957215e-02, 2.808939190502074e-02, 8.504715988297590e-01, -8.804380275306441e-02
3285, 1.022266634823347e+00, -1.534798366422415e-01, 5.186780892404626e-02, 9.932801726846409e-01, -2.510241838230382e-02
3286, 1.007211454176036e+00, -1.084042397580485e-01, 6.676443795161818e-02, 9.842932848501893e-01, -2.282629461085720e-02
3287, 8.769068634669188e-01, -1.166144697569186e-01, 3.892267276502331e-02, 1.015901344455254e+00, 8.832231345408609e-03
3288, 8.732658283536425e-01, -9.758979372073351e-02, 3.632042653540633e-02, 1.023918822640089e+00, 1.429179037520885e-02
3289, 8.276215501814342e-01, -8.401396287280251e-02, 2.463025625069888e-02, 1.045249700483400e+00, 1.723786869487193e-02
3290, 1.195874893906913e-01, -5.883259583754670e-02, 5.664915367008466e-02, 9.542534507397079e-01, -1.598438385895854e-01
3291, 9.626110489566296e-02, -3.322446272097272e-02, 6.959963274619568e-02, 9.473489412047179e-01, -2.051252522620972e-01
3292, 1.073346806551256e+00, 2.684529794351721e-02, 3.410886308435219e-02, 8.437587389256049e-01, -8.608625827078538e-02
3293, -4.236879885580681e-02, 1.278950014773734e-01, -5.590888083114780e-02, 1.025878962603974e+00, 2.620146387702347e-01
3294, 1.150107627186654e-01, 1.348429816746975e-01, -3.453450862757564e-01, 1.258464653515298e+00, 1.089542650680729e-01
3295, 9.428246083104332e-01, 3.103955184064788e-02, 8.407827483042671e-03, 8.571887387268686e-01, -1.479250022075472e-01
3296, 9.312891615057231e-01, -1.904150375310964e-02, 1.095877168802338e-02, 8.140653096480245e-01, -1.707334233045052e-01
3297, 2.570645946476621e-01, -8.502069966361044e-02, -2.998604877678157e-03, 1.038509873587004e+00, -9.557558341768617e-02
3298, 1.168142706147982e-02, 1.403338950852379e-01, -1.956496386798765e-01, 1.147019464249190e+00, 2.633978018556320e-01
3299, -6.119613879335677e-02, 4.949148369806951e-02, 1.264973773165808e-01, 8.217821841251308e-01, 2.345132212763482e-01
3300, -6.701627855322023e-02, 6.069681958335881e-02, 1.038093781194251e-01, 8.577703994451046e-01, 2.382930701733043e-01
3301, -5.916315047755240e-02, 9.388557894093284e-03, 2.046433624194086e-01, 7.677440214596970e-01, 1.279124974056859e-01
3302, 1.008757051915300e+00, 4.938732784831535e-02, 2.281663581920459e-02, 8.512418567127820e-01, -1.139305479455233e-01
3303, 1.044008869576070e+00, -5.716945076883646e-02, 5.695763421397323e-02, 8.843050447583620e-01, -1.978315792875381e-02
3304, 1.056985622182883e+00, -5.779851743556089e-02, 7.213626224824600e-02, 9.019429553506880e-01, -2.186730929763150e-02
3305, 1.050453057410596e+00, -6.767964405562693e-02, 8.084202867383307e-02, 9.894459226184280e-01, -3.664375822037960e-02
3306, 1.007723733245363e+00, -3.264817205301020e-02, 1.208908936301795e-01, 8.444554067957690e-01, -3.487648628448957e-02
3307, 1.010811617730475e+00, -3.899453404564071e-02, -3.310391139161478e-02, 6.637633129381327e-01, -8.974806715818799e-02
3308, 1.004734746352106e+00, -3.579602992459617e-02, 1.518224163194798e-01, 7.752850525598418e-01, 1.197648343404096e-02
3309, 1.008902947408510e+00, -7.005964593925672e-02, 9.781160681818628e-02, 9.609924621544245e-01, -2.637364928722961e-02
3310, 1.011897498458179e+00, -7.865920758375530e-02, 8.206056010001478e-02, 9.701381874610203e-01, -2.829488175585622e-02
3311, 1.003283897325416e+00, -7.662548481337939e-02, 8.408183644626052e-02, 9.660869090110928e-01, -2.396074027648537e-02
3312, -1.686005466575192e-02, 8.295210014139454e-02, -7.743974857988206e-02, 9.677618355436493e-01, 4.270215245767749e-01
3313, -1.078441588725559e-02, 7.464207708326404e-02, -8.372425079563067e-02, 9.492303699195386e-01, 4.942159555568291e-01
3314, -2.120169033836873e-02, 7.282563385354347e-02, 7.996520739912669e-03, 8.904132040165939e-01, 4.310728853546041e-01
3315, -4.452381224458717e-03, 4.803497843806365e-02, 1.564860450141630e-01, 4.924153074265288e-01, 6.508721807898945e-01
3316, 1.283165269875557e-01, 1.225943588762054e-01, -3.645653941564909e-01, 1.245965568853179e+00, 8.254716866287407e-02
3317, 1.446572787480341e-01, 1.218537004011369e-01, -3.569876312641638e-01, 1.232112030885387e+00, 5.663237097274155e-02
3318, 8.841217209255821e-01, 7.221595739989636e-02, -2.353996706223093e-02, 9.020805251338111e-01, -1.452777853229094e-01
3319, 1.024644049712230e+00, -1.146143552797897e-02, 5.706512590743332e-02, 8.151426236542313e-01, -9.844146878582138e-02
3320, 1.016710008319104e+00, -1.405802949799951e-02, 5.626133156457448e-02, 8.078270990766123e-01, -1.027510308970420e-01
3321, 1.017215056073160e+00, -3.595720789419471e-03, 5.244266665352561e-02, 8.142753793517128e-01, -1.088028700913379e-01
3322, 1.015388072883212e+00, 3.305977890765589e-02, 3.082014973623705e-02, 8.392350430464688e-01, -1.122920440069550e-01
3323, 9.443015930194358e-01, -8.630420942458097e-02, 6.584069712921647e-02, 9.950982092148529e-01, 1.291796626314124e-02
3324, 9.762940059696634e-01, 1.762349020009643e-02, 2.858360437137785e-02, 8.352512433664473e-01, -1.370030836609225e-01
3325, 9.573509928211243e-01, 2.037333414122899e-02, 1.765729561232054e-02, 8.450693247850292e-01, -1.476159118407189e-01
3326, 9.611204179474957e-01, 6.202781874149972e-03, 2.594675046808451e-02, 8.319263834870066e-01, -1.502975240991923e-01
3327, 9.525945760338101e-01, 6.598286974080873e-03, 2.157095099625637e-02, 8.361687036575651e-01, -1.553408784477462e-01
3328, 1.940202050832638e-01, 1.459669295950903e-01, -3.115454806682675e-01, 1.225650179460843e+00, 1.573378596747937e-02
3329, -3.930102931948016e-02, -6.335179716209692e-03, 2.402134820672975e-01, 7.304268155206967e-01, 6.484036433273951e-02
3330, -5.394876251825780e-02, -6.295361799842095e-03, 2.109229372062617e-01, 7.669726608043832e-01, 8.902725711425066e-02
3331, -9.202892780227805e-04, -5.376313238402779e-02, 1.880837880918863e-01, 8.003108866138081e-01, -6.202714808515808e-02
3332, -1.846822941469010e-03, -3.831800688280814e-02, 2.169742839310149e-01, 7.706034674082638e-01, -6.992324763846107e-02
3333, -4.177393068150705e-02, -4.087701134104028e-02, 1.940691780971327e-01, 7.915614928452542e-01, 1.424769264268820e-02
3334, 9.161199104131963e-01, -1.257000440038944e-01, 4.870371612580303e-02, 1.003842476009423e+00, 2.162303093040868e-03
3335, -4.607839344852119e-02, 3.666325702266743e-03, 2.234412166559934e-01, 7.365076289550497e-01, 1.056466834146308e-01
3336, -2.579212735920053e-02, 2.274553670400089e-02, 3.008483274471797e-01, 6.175093130440408e-01, 1.659879575473823e-01
3337, -2.786142671028089e-02, 3.005022356869375e-02, 2.875950635733388e-01, 6.410272833009532e-01, 2.173443570766284e-01
3338, -2.140496297877590e-02, 2.829409462581120e-02, 3.142121453036176e-01, 5.877743104357589e-01, 2.105797643041843e-01
3339, 1.092575040520386e+00, -5.569720755955552e-02, 5.724948467047977e-02, 8.946934970448801e-01, -3.875307112493383e-02
3340, 1.618652479758657e-01, 1.577245096238431e-01, -3.022397424318558e-01, 1.246291924437060e+00, 5.541698086787766e-02
3341, 1.386771474014741e-01, -6.189902077169201e-02, 3.852545262772551e-02, 9.760689122041087e-01, -1.522278782353136e-01
3342, 9.812259450026575e-01, -1.116419507205863e-01, 6.590988361831668e-02, 9.874298846358923e-01, -1.182610505207584e-02
3343, 9.931033550371120e-01, -1.034462779057552e-01, 6.987363094982020e-02, 9.832516480067984e-01, -1.632398089706561e-02
3344, 8.576519634572080e-01, 1.771138228186472e-02, -3.231976320354338e-02, 8.823310216013726e-01, -1.684043215959136e-01
3345, -1.312168178642600e-02, 1.286300132847358e-01, -1.350453162990649e-01, 1.084594415563380e+00, 2.912436388738631e-01
3346, -1.903220627536915e-02, 9.172783163840750e-02, -7.789524904762864e-02, 9.997163116648082e-01, 3.828126601837188e-01
3347, -8.125037051742563e-03, 9.930145405526293e-02, -1.482735778864760e-01, 1.056593826902438e+00, 3.831667345771093e-01
3348, -1.123932858475995e-02, 9.039890989853293e-02, -1.096832172468751e-01, 1.025403118433773e+00, 4.176295148158050e-01
3349, 1.424031607182683e-02, -2.840610389394094e-04, 2.987340582950127e-01, 6.412729551915511e-01, -1.808258252771358e-01
3350, 2.337410868849365e-02, -6.127110461196655e-05, 2.633354982169628e-01, 6.908630100594589e-01, -2.461258620013134e-01
3351, -4.607924424678709e-03, -2.745594477934167e-02, 2.402162061143963e-01, 7.372942695433461e-01, -6.574487664926729e-02
3352, 7.973960205640286e-03, -2.050436986324283e-02, 2.477635503051537e-01, 7.239628296106916e-01, -1.107384230398818e-01
3353, 8.633054792863427e-03, -3.163531809171639e-02, 2.253249714120288e-01, 7.578458043458340e-01, -9.799883077325736e-02
3354, -5.710108660004645e-02, 1.137034357870450e-01, -1.046054683775497e-02, 9.827254994803821e-01, 2.566072432320622e-01
3355, 1.046183239654278e+00, -7.879830656462947e-02, 6.640320196278324e-02, 9.951374253116081e-01, -5.123304280073912e-02
3356, 1.129288641225467e-01, 1.196680828577141e-01, -3.781704107555189e-01, 1.249093868982661e+00, 1.087508687502332e-01
3357, 1.034073808438450e+00, -6.088430569344314e-02, 8.121546066185358e-02, 9.782829488679883e-01, -3.951895559633284e-02
3358, 9.737093294683310e-01, -1.234039866521684e-01, 6.018991364084753e-02, 9.904807155405549e-01, -1.022000731996879e-02
3359, 1.016893255588850e+00, -7.125309918343890e-02, 7.973304435808012e-02, 9.700921484390568e-01, -3.765942185222574e-02
3360, 3.971102648726835e-02, -5.028337519336333e-02, 1.550488794175776e-01, 8.351497129083949e-01, -1.382036321356379e-01
3361, 7.117864070369062e-02, -7.536022025482603e-02, 1.099027157333416e-01, 8.973569107007315e-01, -1.320593618013680e-01
3362, 9.305430797730502e-01, -1.040529374616070e-01, 5.545221307726408e-02, 1.001958514159550e+00, 7.609393184338117e-03
3363, 9.368809798114227e-01, -9.432674156945892e-02, 6.074775391478145e-02, 1.000882174646879e+00, 1.006699512365786e-02
3364, 9.479160192693836e-01, -1.001667018459620e-01, 6.224265938748366e-02, 9.945168918126741e-01, 4.280490804511932e-03
3365, 9.823595453577625e-01, 3.127852176576927e-03, 4.110401494734907e-02, 8.214421472382463e-01, -1.377878140200791e-01
3366, 9.709318129861729e-01, 2.341638428631269e-03, 3.329947431565669e-02, 8.254015720488985e-01, -1.464487325109344e-01
3367, 9.679903402423700e-01, -1.039745589737175e-01, 6.781552758365932e-02, 9.872886154772866e-01, -3.979772939805545e-03
3368, 8.963423584827850e-01, 2.509072918965535e-02, -1.546501461093800e-02, 8.744795024898258e-01, -1.619802518228936e-01
3369, 2.594600951411164e-02, 1.072257500420367e-01, -3.129854809919131e-01, 1.207978843236502e+00, 3.483552705201500e-01
3370, -4.284085904971668e-02, 2.268945017083262e-02, 2.334835933777319e-01, 7.193294838885667e-01, 1.737973393510379e-01
3371, -3.494482771731857e-02, 2.868928008792940e-02, 2.565667979039833e-01, 6.849271270823798e-01, 2.163218228830833e-01
3372, 9.676415570161531e-01, 2.618714431747265e-02, 2.135796349818523e-02, 8.428243988424391e-01, -1.388408434346886e-01
3373, 1.016440715248261e+00, 6.230812737594273e-03, 4.651291610271507e-02, 8.241353502626196e-01, -1.111225223453553e-01
3374, 1.017214398576017e+00, 1.795903871997692e-02, 4.085549050613552e-02, 8.306759187888244e-01, -1.109368331238175e-01
3375, 9.081639628998905e-01, 4.152361392730914e-02, -1.065021181487842e-02, 8.769429218179877e-01, -1.522321857228997e-01
3376, 1.089429662565301e-01, 1.059163600038242e-01, -4.092225482733138e-01, 1.249289676513604e+00, 1.056843140519102e-01
3377, 9.033726682166423e-01, -6.026668654945212e-02, 4.831381940178731e-02, 1.025918891615537e+00, 3.191547610495451e-02
3378, 9.156155709668020e-01, -6.201395369160267e-02, 5.426122502682955e-02, 1.016943320801073e+00, 3.044475965111701e-02
3379, 9.669890261340413e-01, -1.075648109956480e-02, 4.165443345988253e-02, 8.139637061107711e-01, -1.555191625010782e-01
3380, 3.015716955054660e-02, -1.432775825837594e-02, 2.171594231076834e-01, 7.538118506186893e-01, -2.015882226740866e-01
3381, 3.727104674373281e-02, -2.303048432582882e-02, 1.873009174684696e-01, 7.867273977683797e-01, -1.935514070455051e-01
3382, 1.891828566114724e-02, -8.700044208519185e-03, 2.564978199076603e-01, 6.962773744567117e-01, -1.824902272053614e-01
3383, 8.427988296916246e-01, -8.967170327710576e-02, 2.855899644511865e-02, 1.038977949644829e+00, 1.669665953156087e-02
3384, 1.026559923607871e+00, 2.509779446025177e-02, 3.638974591621802e-02, 8.351718492922099e-01, -1.066988878200412e-01
3385, 2.648454957785636e-02, 1.212881197036128e-01, -2.682256410271373e-01, 1.189294861921921e+00, 2.990696497734247e-01
3386, -7.493385457412564e-02, 3.205890650088691e-02, 1.503235708586227e-01, 8.269801902656733e-01, 1.782998251193752e-01
3387, 1.067221713179863e+00, -2.124271573784152e-02, 5.373557316120935e-02, 8.313568653375674e-01, -7.790514750357992e-02
3388, 1.046884891784973e+00, -2.037705124082221e-02, 5.758536377809541e-02, 8.374511857427849e-01, -8.105571581954674e-02
3389, 1.039314065846039e+00, -2.932131406172211e-02, 7.136712952530459e-02, 8.072551217672235e-01, -8.702075429355535e-02
3390, 1.038376471061843e+00, -2.192921018833284e-02, 6.055975801791472e-02, 8.414880545796333e-01, -7.848269275353274e-02
3391, 1.032459366701598e+00, -8.298376082970002e-02, 6.701650312307281e-02, 9.798826987190893e-01, -3.700608093966463e-02
3392, 1.021121433669226e+00, -7.791943821407041e-02, 7.158509862345125e-02, 9.724136420902854e-01, -3.288106304239057e-02
3393, 1.027142137171590e+00, -7.183410291062636e-02, 7.964009351845909e-02, 9.898736440005841e-01, -4.419850839720504e-02
3394, -1.889354500393214e-02, 2.126450021127141e-02, 3.251076595169319e-01, 5.694153118816897e-01, 1.442335789428247e-01
3395, -1.747726617147328e-02, 1.448929289239987e-02, 3.294369767546361e-01, 5.819897624500560e-01, 8.371785686893254e-02
3396, 1.006222342059871e+00, 2.246923910841220e-03, 4.775475370012803e-02, 8.188287062659518e-01, -1.160665247994993e-01
3397, 1.010641268535606e+00, -7.522317737274978e-03, 5.726984822101053e-02, 8.095087341408899e-01, -1.123513292426988e-01
3398, 1.003956479312780e+00, -8.219812532791318e-03, 6.073611087482342e-02, 8.084114852337932e-01, -1.172753641595115e-01
3399, 1.021221125879998e+00, -2.484051910124792e-02, 5.583593295406825e-02, 8.374419122587794e-01, -7.790801437136713e-02
3400, 1.018475723807688e+00, -3.254171020573850e-02, 9.168687616850063e-02, 8.254001878616444e-01, -8.805927572307456e-02
3401, 1.015387234272110e+00, -2.679181903672099e-02, 5.548496493687566e-02, 8.355155431632157e-01, -7.682962839313055e-02
3402, 9.895469701804125e-01, -8.957046050665676e-02, 7.921191232136826e-02, 9.766675163128979e-01, -1.284664531387416e-02
3403, 1.002242516702342e+00, -9.590928100970764e-02, 7.441879391743088e-02, 9.797072571827814e-01, -2.102306962592903e-02
3404, -3.011394379218025e-02, -3.186689612975729e-02, 2.185251345355787e-01, 7.621272720795914e-01, 6.160707676521557e-03
3405, -3.324474042226971e-02, -1.837810883152238e-02, 2.301081309897751e-01, 7.377350398896166e-01, 3.245385058118339e-02
3406, 9.975264939199819e-01, 7.608582972211730e-03, 4.071238620383459e-02, 8.211695389694408e-01, -1.234094495393342e-01
3407, 1.026515493619543e+00, 9.743122398005871e-03, 4.211130461153980e-02, 8.276509968633862e-01, -1.058560968880740e-01
3408, 5.225913908725489e-02, -4.920861992902523e-02, 1.425714764710197e-01, 8.542425726010265e-01, -1.545237464990487e-01
3409, 9.307589636610542e-01, -8.410483849543507e-02, 5.933900184772684e-02, 1.003915408524536e+00, 1.572004202106943e-02
3410, 1.414311044872625e-02, -7.615353148838372e-02, 1.545973288056733e-01, 8.413150981757189e-01, -7.891963321738324e-02
3411, 9.205545908561792e-01, -9.385860100165584e-02, 5.250405098044329e-02, 1.006210844573622e+00, 1.327243157551647e-02
3412, 9.106859575169368e-01, -8.461085128674294e-02, 5.223280733820902e-02, 1.014378385634355e+00, 1.890998422532628e-02
3413, -2.664164336773726e-02, -7.871898021207031e-03, 2.607813864090723e-01, 7.028369260495331e-01, 3.328736470735554e-02
3414, -4.931521463074050e-02, 1.500084948713561e-02, 2.250959634801778e-01, 7.398486926102422e-01, 1.434787507014333e-01
3415, 4.617637714496395e-03, 7.572821681693115e-02, -2.723340806692726e-01, 1.075771969050233e+00, 5.614301410586782e-01
3416, 2.701244882278202e-03, 8.463611496064800e-02, -2.120814767319141e-01, 1.090049051067676e+00, 4.849970245215975e-01
3417, 9.344252523996378e-03, 8.403583811098297e-02, -3.033480465531392e-01, 1.147129175710254e+00, 4.980654385161380e-01
3418, -1.562917210557942e-02, 4.711134563608844e-02, 2.017752529160532e-01, 6.206688248963980e-01, 4.535533183155375e-01
3419, -1.659580817771796e-02, 5.211007229029491e-02, 1.535661618336993e-01, 6.817502081286301e-01, 4.778754396859178e-01
3420, -1.089078123520851e-02, 4.918076925522119e-02, 1.697202080404958e-01, 6.038234079542082e-01, 5.313110762591151e-01
3421, 1.066544199349496e-02, 6.514961730162006e-02, -4.797899870926631e-01, 1.134301453472067e+00, 6.992712368771791e-01
3422, -8.740844850695425e-04, 8.011463936199115e-02, -2.050247393009692e-01, 1.058585929112210e+00, 5.247755463876641e-01
3423, -6.662772774744898e-03, 8.290771262204698e-02, -1.399362243500706e-01, 1.017147387359783e+00, 4.664119663564247e-01
3424, 1.062422606324075e+00, -7.212018556240318e-03, 5.095944961029927e-02, 8.418822886311799e-01, -7.829843725471174e-02
3425, 9.846740732757588e-01, -5.021785401213225e-02, 1.232131281490201e-01, 9.330603063649551e-01, 3.007549188067528e-02
3426, 9.867662596991008e-01, -7.729313578186198e-02, 8.704085045306345e-02, 9.674175639919212e-01, -7.935780204270862e-03
3427, 9.951951499622026e-01, -7.623492626881762e-02, 9.145132730551128e-02, 9.664019816973696e-01, -1.689284185678132e-02
3428, 9.970470888644479e-01, -8.467320865235892e-02, 8.420654129611643e-02, 9.722478830896433e-01, -1.737499766982213e-02
3429, -3.998663623715840e-02, 4.175973921770990e-02, 1.948855844203881e-01, 7.386328600849874e-01, 2.745568085303965e-01
3430, -8.734135447177502e-03, 2.794620369322512e-02, 3.852600610103019e-01, 4.309156338154870e-01, 1.674798962900626e-01
3431, -1.485018874946153e-02, 2.829636300008254e-02, 3.634131661091278e-01, 5.145386475200612e-01, 2.012730598367411e-01
3432, -3.188051484046889e-02, 7.321245627331238e-02, 4.513044957141520e-02, 8.797247496159235e-01, 3.699883319806803e-01
3433, -2.890150937878139e-02, 6.557174640126223e-02, 6.703141415926896e-02, 8.406541156902345e-01, 3.885869970210192e-01
3434, 1.057189102974280e+00, -1.667119718516967e-02, 5.337147943098720e-02, 8.404693419338125e-01, -7.768939394328450e-02
3435, 9.081999643496105e-01, 3.763190105158645e-03, -6.745224940600368e-03, 8.540963654692515e-01, -1.675460386596442e-01
3436, 4.478618692790172e-02, -3.350039526625978e-02, 1.635747917820673e-01, 8.252617014060950e-01, -1.774772225202909e-01
3437, 5.267700226969696e-02, 1.171284330246466e-01, -3.542417840895515e-01, 1.260571167322349e+00, 2.572320543164287e-01
3438, 6.265904134078515e-02, 1.122897558050716e-01, -3.867553646109449e-01, 1.270535928319377e+00, 2.334302455037374e-01
3439, 5.489965022173825e-02, 1.043390859889721e-01, -3.987955200578892e-01, 1.263554895754773e+00, 2.616918191037139e-01
3440, 5.410967568709925e-02, 1.285341047168203e-01, -3.221679789239501e-01, 1.245724657120334e+00, 2.379072759010131e-01
3441, -1.557077174761757e-02, -3.378854718236413e-02, 2.231951905709505e-01, 7.590094807537295e-01, -3.312940272088397e-02
3442, 1.030603593534943e-02, -6.656443301376221e-03, 2.847236000544844e-01, 6.589331564470914e-01, -1.351367525740633e-01
3443, 1.227663818174615e-02, -1.349246263388293e-02, 2.628611424900446e-01, 6.906616296265051e-01, -1.321027826497390e-01
3444, -8.404804098087785e-03, 4.809390183605329e-03, 3.341486990059495e-01, 6.012482615241486e-01, -1.843318735827167e-02
3445, -1.383044193358900e-02, 7.935497247955191e-03, 3.348771553237456e-01, 6.051580338793181e-01, 3.686965563044799e-02
3446, 1.326569307868592e-02, 1.567239993445728e-02, 3.689215820973621e-01, 5.262672763057660e-01, -2.709553688977479e-01
3447, 7.497153539664075e-03, 2.123074082677828e-02, 4.238192295150145e-01, 4.122620697129085e-01, -2.068654606981264e-01
3448, 9.084265573901860e-01, 1.412555560071437e-02, -6.656072565140999e-03, 8.626930256735517e-01, -1.638311884919521e-01
3449, 6.675904609650307e-02, 1.010441471707806e-01, -4.305748172323481e-01, 1.263376520269545e+00, 2.145953131861194e-01
3450, 1.041967864268262e+00, -3.881663840169274e-02, 7.846903215018816e-02, 7.380223124950251e-01, -7.671437041525229e-02
3451, 1.034365517562312e+00, -3.793863220530332e-02, 4.667595162064456e-02, 7.260890067708113e-01, -8.372236027594358e-02
3452, 1.059693916133241e+00, -3.472381480337351e-02, 5.193716373252261e-02, 7.864292122392421e-01, -7.656159424474214e-02
3453, 1.054406466502259e+00, -4.735382786429852e-02, 5.536285682143962e-02, 7.840036260876002e-01, -4.355636442729438e-02
3454, 4.435230118712179e-02, -9.999248452105140e-03, 1.704119910647223e-01, 8.076266271230959e-01, -2.563551027219707e-01
3455, 9.847221906480569e-01, -2.397719133183112e-02, 6.864481454475370e-02, 7.789298973491344e-01, -1.437016828680984e-01
3456, 9.822652573426151e-01, -1.775713100431661e-02, 5.853413509651074e-02, 7.953721775544972e-01, -1.436775008888785e-01
3457, 3.128553520995176e-02, 8.137321538498485e-02, -4.708810199575211e-01, 1.250718901321297e+00, 4.036396964921996e-01
3458, 3.405484004819746e-02, 8.810639043292001e-02, -4.455774631454038e-01, 1.255460345755381e+00, 3.695915218469413e-01
3459, -2.731013048245547e-02, 9.726587522456712e-02, -6.415257586915807e-02, 9.904991462248622e-01, 3.455316157102627e-01
3460, -3.700270786237030e-02, 8.048206261261337e-02, 1.240044234731601e-02, 9.144683088408905e-01, 3.444787744068533e-01
3461, -3.222207267244102e-02, 5.700450966003934e-02, 1.281512278455302e-01, 7.856634807930527e-01, 3.560245991302061e-01
3462, -2.601055257294341e-02, 1.069956955729369e-01, -7.440347017853627e-02, 1.022970763258423e+00, 3.266044338688401e-01
3463, -1.489757293373128e-02, 5.886249965471165e-02, 6.393528759623647e-02, 7.764910941692315e-01, 5.042027702857980e-01
3464, 1.013849922945419e+00, -9.614260754678343e-02, 6.944189607395966e-02, 9.807872821377238e-01, -2.678846694875584e-02
3465, 9.311449933355165e-01, 3.901177843958610e-03, 7.254526719527145e-03, 8.439809094609718e-01, -1.636663483581979e-01
3466, 1.020103025508472e+00, -8.792533523361029e-02, 7.400652227726477e-02, 9.766462389705126e-01, -2.818427805369510e-02
3467, 1.007051292395192e+00, -8.638252723245834e-02, 7.836146147743248e-02, 9.751023848571738e-01, -2.492002754403061e-02
3468, 9.912989843118897e-01, 2.155425426101421e-03, 4.564041246502016e-02, 8.179974705975921e-01, -1.307851444746064e-01
3469, 1.038684130195177e+00, -5.084373918980523e-02, 8.256587680725368e-02, 7.703685309179533e-01, -1.353121940097537e-02
3470, 9.607957778523279e-01, -3.367668724921190e-03, 2.929380864093088e-02, 8.243560022450367e-01, -1.553521784042413e-01
3471, 9.991475982066270e-01, -5.005844301618791e-02, 2.049497349455724e-01, 8.915838881824129e-01, -1.440566666098977e-02
3472, 9.951701986201330e-01, -4.874160285986703e-02, 1.652754284297414e-01, 8.910331834699842e-01, 8.150520367754484e-03
3473, 9.997888470465613e-01, -6.945186697881020e-02, 9.636940524647007e-02, 9.559066697917560e-01, -2.156997861699984e-02
3474, -2.322328387894153e-02, 6.248733040885082e-02, 7.813191989751567e-02, 8.136139907775509e-01, 4.295672072282397e-01
3475, -1.775376695246958e-02, 6.574388499476166e-02, 1.493480646690281e-02, 8.524745470701123e-01, 4.832085311676989e-01
3476, -2.725373289819346e-02, 8.336948909743988e-02, -1.684054530789447e-02, 9.399116005302318e-01, 3.784060488122662e-01
3477, 9.662144355188246e-01, 1.325377877600495e-02, 2.633646293789059e-02, 8.347587548527439e-01, -1.440616964636896e-01
3478, 1.025539894680044e+00, -1.254050690133436e-03, 5.171326336951501e-02, 8.202275886113700e-01, -1.041903653856058e-01
3479, 3.872072535621265e-02, -1.510711355713408e-02, 1.982339760106996e-01, 7.865612432320199e-01, -2.231472907914457e-01
3480, -2.056287566777076e-03, 9.150843239460947e-02, -1.849460107299883e-01, 1.072355202484316e+00, 4.300734893271123e-01
3481, 1.012260251017645e+00, -3.297619642638350e-02, 7.378849314139134e-02, 8.303267272395195e-01, -7.901062057543774e-02
3482, 1.015964744389644e+00, -3.753166704028256e-02, 7.133567036958480e-02, 6.892734755238954e-01, -9.314992498077948e-02
3483, 1.021627849032929e+00, -3.839553574364472e-02, 1.572232894083821e-02, 6.692444094274190e-01, -9.503019486607647e-02
3484, 1.028630587501385e+00, -3.591770267837123e-02, 8.324178315601562e-02, 7.296702029669953e-01, -9.961083985454405e-02
3485, 1.027762728029362e+00, -4.273685752952497e-02, 1.008210924786241e-01, 6.317003876710142e-01, -5.669413098537918e-02
3486, 9.508329926107285e-01, -6.336410041998558e-03, 2.360369399832240e-02, 8.274671022289721e-01, -1.623025600662913e-01
3487, -2.593313789304529e-02, 1.423283677762274e-03, 2.747895930767602e-01, 6.752247062615299e-01, 5.683772414903991e-02
3488, 1.008232116541222e+00, -2.782597811878913e-02, 7.760017599405684e-02, 8.157244002845788e-01, -7.202616437106586e-02
3489, 1.011305030607330e+00, -2.153048190866499e-02, 7.672988797975822e-02, 8.035478380049931e-01, -9.777222227488441e-02
3490, -1.211466382054727e-02, 6.752781698937138e-02, -2.826080900046268e-02, 8.767845842809917e-01, 5.175858488222337e-01
3491, -8.063571594309565e-03, 6.034953092246623e-02, -2.462621334883564e-02, 8.137206960377538e-01, 6.076446552752659e-01
3492, 4.957843926445391e-03, -3.328369709155690e-03, 3.023530514239553e-01, 6.331908660729225e-01, -1.107233163727746e-01
3493, -3.737359331757633e-03, -1.840033661720830e-02, 2.593523697470766e-01, 7.026470434184142e-01, -6.429099205306470e-02
3494, 1.001985011391072e+00, -3.000275059524513e-02, 7.761286216612975e-02, 7.647701585813558e-01, -8.466346881911017e-02
3495, 1.003948340178259e+00, -2.221541646740724e-02, 8.038003932226159e-02, 7.818052357407336e-01, -1.131732362872608e-01
3496, 9.994852169749622e-01, -3.625504577704149e-02, 1.244403481467187e-01, 7.240126937331435e-01, -9.160880990105805e-02
3497, -1.231131135704550e-02, 3.282317655378825e-02, 3.733997478761302e-01, 4.735847741354917e-01, 2.652989928830841e-01
3498, -1.801875663509837e-02, 3.551460802468735e-02, 3.049226255939910e-01, 5.513228107021207e-01, 2.903269329944216e-01
3499, -1.247108292368985e-02, 3.751118042948926e-02, 3.321681800460446e-01, 4.803361330381266e-01, 3.478905440970581e-01
3500, 1.042680793073169e+00, -6.645746073858272e-02, 8.500588294353746e-02, 1.001370900027553e+00, -4.494512839219141e-02
3501, 9.850151127836361e-01, -6.671059355825913e-02, 1.027669570280920e-01, 9.577901777314958e-01, 2.508684955190380e-03
3502, 9.775685673700567e-01, -7.509644827716667e-02, 8.810582133176530e-02, 9.715138418308228e-01, 2.677972227310892e-03
3503, 9.769023163284738e-01, -6.654489245204832e-02, 9.457803645007777e-02, 9.655015218100600e-01, 1.118780940331561e-02
3504, 1.036186057023963e+00, -7.080807289715260e-02, 7.505786766779678e-02, 9.981560920409468e-01, -5.132245212531445e-02
3505, 1.044881535099557e+00, -4.581892562916645e-02, 5.377473124033180e-02, 7.470991870868701e-01, -4.556699910976562e-02
3506, 1.035056394058918e+00, -4.584544864950010e-02, 7.137592118520127e-02, 7.038651925019989e-01, -3.944679988865901e-02
3507, 9.967238926282409e-01, -6.444087706418207e-02, 1.043084732600321e-01, 9.473695736765509e-01, -1.841813808197586e-02
3508, 9.919141687693787e-01, -6.997466353857135e-02, 1.001717174235190e-01, 9.576984867614188e-01, -1.071587774677916e-02
3509, 9.914849471386462e-01, -6.237967312538674e-02, 1.098659300279697e-01, 9.455202240101586e-01, -8.940219483396877e-03
3510, 1.004174776571761e+00, -6.340095519637742e-02, 1.036044300631833e-01, 9.503793376835604e-01, -2.912092935810066e-02
3511, 1.012182926252021e+00, -4.570689645725522e-02, -3.426264361096957e-01, 4.509638584192130e-01, 2.353691291659335e-03
3512, 1.018359998190429e+00, -4.866265903720985e-02, 1.549778778975102e-01, 6.574451744030285e-01, 2.834041728763417e-02
3513, -2.708204035746302e-03, 7.486350845718637e-02, -1.749929541158493e-01, 1.002587297644564e+00, 5.481748638608108e-01
3514, -1.440750374173108e-03, 6.890024613261592e-02, -1.577212979690726e-01, 9.796432079327075e-01, 6.124747507329583e-01
3515, -6.785810953129121e-03, 7.040456913068924e-02, -1.070011256460356e-01, 9.419075805194257e-01, 5.596000870162712e-01
3516, 4.657715080188836e-03, 6.739666630262717e-02, -2.978768285611154e-01, 1.035562058638579e+00, 6.614961463588735e-01
3517, 9.721733190990922e-03, 7.181416080951991e-02, -3.657697140752216e-01, 1.122836001017113e+00, 5.944441753939707e-01
3518, 9.457342384257835e-01, -7.686679130986905e-02, 6.656914978413581e-02, 9.960376294548455e-01, 1.785788562926304e-02
3519, 9.707583628655060e-01, -7.156861722342496e-02, 8.663093306264343e-02, 9.759246173431659e-01, 1.062494050946429e-02
3520, 9.557835986724474e-01, -1.417900915253851e-02, 3.159439800835815e-02, 8.148793857522382e-01, -1.633243400170543e-01
3521, 1.031568578832660e+00, -8.049126385759157e-03, 4.967542124939164e-02, 8.178586603030553e-01, -9.482956044415436e-02
3522, 9.675970378024218e-01, -6.364461619798212e-02, 8.851557014466505e-02, 9.715170764942627e-01, 2.069208012698336e-02
3523, 9.737520169043525e-01, -5.126582439886274e-02, 1.032769598599735e-01, 9.593311325099565e-01, 3.443488114066690e-02
3524, 3.428574530082118e-02, 7.533702766914219e-02, -5.681111634734434e-01, 1.325155543575220e+00, 4.249848408053107e-01
3525, 9.794213610042379e-01, -3.237796072858438e-02, 6.735031673104543e-02, 7.526208557926227e-01, -1.582827814808183e-01
3526, -3.726857410531215e-02, 4.858171694867631e-02, 1.728166988870355e-01, 7.554070854947502e-01, 3.030729512002467e-01
3527, 1.014966772788901e+00, -6.471408305794885e-02, 7.552526007420687e-02, 9.712970836419376e-01, -5.434205412688370e-02
3528, 9.622350694004370e-01, -1.954860173308647e-02, 3.794377247976694e-02, 8.029313162607259e-01, -1.638708384010393e-01
3529, 9.900203231596710e-01, -2.772961777065545e-02, 7.573832194437585e-02, 7.615422289107658e-01, -1.370889625300439e-01
3530, 9.905427036012977e-01, -2.192436342577027e-02, 7.015594455142556e-02, 7.831001474390039e-01, -1.344145145405653e-01
3531, 1.135604381347649e-02, 7.840922691639547e-02, -3.549283725140568e-01, 1.154015983671352e+00, 5.376972475489521e-01
3532, 1.008432211146923e+00, -1.531123910858833e-02, 5.842933101402858e-02, 7.999352867829790e-01, -1.106220042701294e-01
3533, -1.076979072447059e-02, 4.393648921899641e-02, 2.435598183850926e-01, 5.084417001734463e-01, 4.596424137249200e-01
3534, -8.098315045597569e-03, 3.887337656844135e-02, 3.697314400316484e-01, 4.063598313825756e-01, 3.781133520189852e-01
3535, 1.031908688851600e+00, -2.806967509084427e-02, 6.929507671065718e-02, 8.267772655353725e-01, -8.875948633326861e-02
3536, 1.002226122691324e+00, -3.921370515345662e-02, 5.079226589867310e-02, 6.354112734788959e-01, 9.374775614554239e-03
3537, 1.006400087602373e+00, -4.025810691924987e-02, 3.376452301936778e-01, 6.578474563825871e-01, -1.014803432225414e-03
3538, 1.016930157854616e+00, -2.106671997307344e-02, 6.716264323445824e-02, 8.152862511271493e-01, -9.544432733420904e-02
3539, 1.024221325407365e+00, -4.761078849553759e-02, 1.629398480658620e-02, 6.814983733536636e-01, 1.391218981259486e-02
3540, 1.020984447824339e+00, -4.379891907097681e-02, 4.656187112229829e-02, 5.655112164733035e-01, -4.129086546511222e-02
3541, -1.981901224398334e-03, 6.350203509442645e-02, -1.450540001350171e-01, 9.003989764457373e-01, 6.635877800867152e-01
3542, -3.317815301188933e-02, 2.093945103556218e-02, 2.537381333245822e-01, 6.689007136261765e-01, 1.655656874712481e-01
3543, -1.614508618934910e-02, 4.220034154097195e-02, 2.703004625858187e-01, 5.790621160053659e-01, 3.865941463377479e-01
3544, 9.984659240798172e-01, -5.935816015503854e-02, 1.159171469043181e-01, 9.312747276065984e-01, -2.140259640492167e-02
3545, 9.995003977826759e-01, -5.471936948181458e-02, 1.167989471808162e-01, 9.042743646067882e-01, -3.793051166280090e-02
3546, -1.966609462302886e-02, 7.477650612037930e-03, 3.178511685600292e-01, 6.277772308178854e-01, 5.527134361084755e-02
3547, -2.640625922034145e-03, 3.909334078133826e-03, 3.347209034753643e-01, 5.888949714389168e-01, -5.395451531953864e-02
3548, 7.216975331936041e-03, 1.549081910238324e-02, 3.989562037189745e-01, 5.022311440354261e-01, -1.835155159652163e-01
3549, 9.957483362456538e-01, -2.662422052560547e-02, 8.778585956851977e-02, 7.688524441280518e-01, -1.289615260871113e-01
3550, -9.786467124855300e-03, 5.435415888745389e-02, 9.112480716808338e-02, 6.971997201346429e-01, 5.838879742137164e-01
3551, 1.608071554565205e-02, 7.550258381615076e-02, -4.250823510986003e-01, 1.178013388551854e+00, 5.354796466300430e-01
3552, 9.975479430493591e-01, -3.230542589512385e-02, 9.073285267396290e-02, 7.452667277116456e-01, -1.254391195552202e-01
3553, -3.142204210153754e-03, 2.975603504506440e-02, 4.635117163778768e-01, 3.242669379774553e-01, 1.096584717646218e-01
3554, 1.015992116859625e+00, -4.232043149553107e-02, 1.964398263353362e-01, 4.287839827809620e-01, -1.083108509378655e-01
3555, 1.024494636939179e+00, -3.093606860129889e-02, 8.396987277642719e-02, 8.204603910706328e-01, -9.326844969060778e-02
3556, -5.998517653819443e-03, 5.223032254176399e-02, 7.415401550774769e-02, 6.234572103338828e-01, 6.566947955750174e-01
3557, -6.385427002317326e-03, 6.562683538727104e-02, -1.142461740376937e-01, 8.987784180554802e-01, 6.010545677569923e-01
3558, 1.003901058694335e+00, -5.284128869321486e-02, 1.922758284385571e-01, 9.523069435061116e-01, -1.128332716017634e-01
